candidate,features,n_features,q_low,q_high,n,positives,TP,TN,FP,FN,precision,recall,specificity,balanced_accuracy,F1,MCC,base_rate,enrichment,repeat
SHAP_top_2,mag_moment_mean;avg_d_valence_electrons,2,0.0,100.0,141,34,24,75,32,10,0.42857142857142855,0.7058823529411765,0.7009345794392523,0.7034084661902145,0.5333333333333333,0.3556533400702973,0.24113475177304963,1.7773109243697478,0
SHAP_top_2,mag_moment_mean;avg_d_valence_electrons,2,2.5,97.5,141,34,16,75,32,18,0.3333333333333333,0.47058823529411764,0.7009345794392523,0.585761407366685,0.39024390243902435,0.15484284754501068,0.24113475177304963,1.3823529411764706,0
SHAP_top_2,mag_moment_mean;avg_d_valence_electrons,2,5.0,95.0,141,34,12,93,14,22,0.46153846153846156,0.35294117647058826,0.8691588785046729,0.6110500274876306,0.4000000000000001,0.24498777829048812,0.24113475177304963,1.9140271493212673,0
SHAP_top_2,mag_moment_mean;avg_d_valence_electrons,2,10.0,90.0,141,34,11,97,10,23,0.5238095238095238,0.3235294117647059,0.9065420560747663,0.6150357339197361,0.39999999999999997,0.2764355163057983,0.24113475177304963,2.1722689075630255,0
SHAP_top_2,mag_moment_mean;avg_d_valence_electrons,2,15.0,85.0,141,34,11,102,5,23,0.6875,0.3235294117647059,0.9532710280373832,0.6384002199010446,0.44000000000000006,0.37332160591151414,0.24113475177304963,2.8511029411764706,0
SHAP_top_2,mag_moment_mean;avg_d_valence_electrons,2,20.0,80.0,141,34,8,102,5,26,0.6153846153846154,0.23529411764705882,0.9532710280373832,0.594282572842221,0.3404255319148936,0.2788149824432181,0.24113475177304963,2.552036199095023,0
SHAP_VEC_anchor_2,VEC;mag_moment_mean,2,0.0,100.0,141,34,24,71,36,10,0.4,0.7058823529411765,0.6635514018691588,0.6847168774051677,0.5106382978723405,0.31963165736828064,0.24113475177304963,1.6588235294117648,0
SHAP_VEC_anchor_2,VEC;mag_moment_mean,2,2.5,97.5,141,34,18,71,36,16,0.3333333333333333,0.5294117647058824,0.6635514018691588,0.5964815832875205,0.409090909090909,0.16980452471786886,0.24113475177304963,1.3823529411764706,0
SHAP_VEC_anchor_2,VEC;mag_moment_mean,2,5.0,95.0,141,34,14,89,18,20,0.4375,0.4117647058823529,0.8317757009345794,0.6217702034084662,0.42424242424242425,0.24872196285207532,0.24113475177304963,1.8143382352941178,0
SHAP_VEC_anchor_2,VEC;mag_moment_mean,2,10.0,90.0,141,34,11,94,13,23,0.4583333333333333,0.3235294117647059,0.8785046728971962,0.6010170423309511,0.3793103448275862,0.22996272166813253,0.24113475177304963,1.9007352941176472,0
SHAP_VEC_anchor_2,VEC;mag_moment_mean,2,15.0,85.0,141,34,11,99,8,23,0.5789473684210527,0.3235294117647059,0.9252336448598131,0.6243815283122595,0.4150943396226416,0.31164525296413154,0.24113475177304963,2.4009287925696596,0
SHAP_VEC_anchor_2,VEC;mag_moment_mean,2,20.0,80.0,141,34,8,99,8,26,0.5,0.23529411764705882,0.9252336448598131,0.580263881253436,0.31999999999999995,0.216504287837462,0.24113475177304963,2.073529411764706,0
SHAP_top_3,mag_moment_mean;avg_d_valence_electrons;melting_point_mean,3,0.0,100.0,141,34,21,95,12,13,0.6363636363636364,0.6176470588235294,0.8878504672897196,0.7527487630566245,0.6268656716417911,0.5107184346101985,0.24113475177304963,2.6390374331550803,0
SHAP_top_3,mag_moment_mean;avg_d_valence_electrons;melting_point_mean,3,2.5,97.5,141,34,13,96,11,21,0.5416666666666666,0.38235294117647056,0.897196261682243,0.6397746014293568,0.44827586206896547,0.3181933169203956,0.24113475177304963,2.2463235294117645,0
SHAP_top_3,mag_moment_mean;avg_d_valence_electrons;melting_point_mean,3,5.0,95.0,141,34,8,98,9,26,0.47058823529411764,0.23529411764705882,0.9158878504672897,0.5755909840571742,0.3137254901960785,0.19860768025436662,0.24113475177304963,1.9515570934256057,0
SHAP_top_3,mag_moment_mean;avg_d_valence_electrons;melting_point_mean,3,10.0,90.0,141,34,6,101,6,28,0.5,0.17647058823529413,0.9439252336448598,0.560197910940077,0.2608695652173913,0.18456837347029395,0.24113475177304963,2.073529411764706,0
SHAP_top_3,mag_moment_mean;avg_d_valence_electrons;melting_point_mean,3,15.0,85.0,141,34,5,102,5,29,0.5,0.14705882352941177,0.9532710280373832,0.5501649257833975,0.22727272727272727,0.16719599465115612,0.24113475177304963,2.073529411764706,0
SHAP_top_3,mag_moment_mean;avg_d_valence_electrons;melting_point_mean,3,20.0,80.0,141,34,4,102,5,30,0.4444444444444444,0.11764705882352941,0.9532710280373832,0.5354590434304562,0.18604651162790695,0.12410238797910933,0.24113475177304963,1.8431372549019607,0
SHAP_VEC_anchor_3,VEC;mag_moment_mean;avg_d_valence_electrons,3,0.0,100.0,141,34,23,75,32,11,0.41818181818181815,0.6764705882352942,0.7009345794392523,0.6887025838372732,0.5168539325842696,0.33098523411849046,0.24113475177304963,1.7342245989304812,0
SHAP_VEC_anchor_3,VEC;mag_moment_mean;avg_d_valence_electrons,3,2.5,97.5,141,34,15,75,32,19,0.3191489361702128,0.4411764705882353,0.7009345794392523,0.5710555250137438,0.37037037037037035,0.12895742123886605,0.24113475177304963,1.323529411764706,0
SHAP_VEC_anchor_3,VEC;mag_moment_mean;avg_d_valence_electrons,3,5.0,95.0,141,34,12,93,14,22,0.46153846153846156,0.35294117647058826,0.8691588785046729,0.6110500274876306,0.4000000000000001,0.24498777829048812,0.24113475177304963,1.9140271493212673,0
SHAP_VEC_anchor_3,VEC;mag_moment_mean;avg_d_valence_electrons,3,10.0,90.0,141,34,11,97,10,23,0.5238095238095238,0.3235294117647059,0.9065420560747663,0.6150357339197361,0.39999999999999997,0.2764355163057983,0.24113475177304963,2.1722689075630255,0
SHAP_VEC_anchor_3,VEC;mag_moment_mean;avg_d_valence_electrons,3,15.0,85.0,141,34,11,102,5,23,0.6875,0.3235294117647059,0.9532710280373832,0.6384002199010446,0.44000000000000006,0.37332160591151414,0.24113475177304963,2.8511029411764706,0
SHAP_VEC_anchor_3,VEC;mag_moment_mean;avg_d_valence_electrons,3,20.0,80.0,141,34,8,102,5,26,0.6153846153846154,0.23529411764705882,0.9532710280373832,0.594282572842221,0.3404255319148936,0.2788149824432181,0.24113475177304963,2.552036199095023,0
SHAP_top_4,mag_moment_mean;avg_d_valence_electrons;melting_point_mean;dSmix,4,0.0,100.0,141,34,16,98,9,18,0.64,0.47058823529411764,0.9158878504672897,0.6932380428807037,0.5423728813559322,0.43286749449039563,0.24113475177304963,2.6541176470588237,0
SHAP_top_4,mag_moment_mean;avg_d_valence_electrons;melting_point_mean;dSmix,4,2.5,97.5,141,34,10,99,8,24,0.5555555555555556,0.29411764705882354,0.9252336448598131,0.6096756459593183,0.3846153846153846,0.2811789052578479,0.24113475177304963,2.3039215686274512,0
SHAP_top_4,mag_moment_mean;avg_d_valence_electrons;melting_point_mean;dSmix,4,5.0,95.0,141,34,6,101,6,28,0.5,0.17647058823529413,0.9439252336448598,0.560197910940077,0.2608695652173913,0.18456837347029395,0.24113475177304963,2.073529411764706,0
SHAP_top_4,mag_moment_mean;avg_d_valence_electrons;melting_point_mean;dSmix,4,10.0,90.0,141,34,4,106,1,30,0.8,0.11764705882352941,0.9906542056074766,0.554150632215503,0.20512820512820512,0.25050155038212363,0.24113475177304963,3.3176470588235296,0
SHAP_top_4,mag_moment_mean;avg_d_valence_electrons;melting_point_mean;dSmix,4,15.0,85.0,141,34,2,107,0,32,1.0,0.058823529411764705,1.0,0.5294117647058824,0.1111111111111111,0.21279431834822682,0.24113475177304963,4.147058823529412,0
SHAP_top_4,mag_moment_mean;avg_d_valence_electrons;melting_point_mean;dSmix,4,20.0,80.0,141,34,0,107,0,34,0.0,0.0,1.0,0.5,0.0,0.0,0.24113475177304963,0.0,0
SHAP_VEC_anchor_4,VEC;mag_moment_mean;avg_d_valence_electrons;melting_point_mean,4,0.0,100.0,141,34,20,95,12,14,0.625,0.5882352941176471,0.8878504672897196,0.7380428807036834,0.6060606060606061,0.4862149431826122,0.24113475177304963,2.5919117647058827,0
SHAP_VEC_anchor_4,VEC;mag_moment_mean;avg_d_valence_electrons;melting_point_mean,4,2.5,97.5,141,34,12,96,11,22,0.5217391304347826,0.35294117647058826,0.897196261682243,0.6250687190764156,0.4210526315789474,0.2896043782768567,0.24113475177304963,2.163682864450128,0
SHAP_VEC_anchor_4,VEC;mag_moment_mean;avg_d_valence_electrons;melting_point_mean,4,5.0,95.0,141,34,8,98,9,26,0.47058823529411764,0.23529411764705882,0.9158878504672897,0.5755909840571742,0.3137254901960785,0.19860768025436662,0.24113475177304963,1.9515570934256057,0
SHAP_VEC_anchor_4,VEC;mag_moment_mean;avg_d_valence_electrons;melting_point_mean,4,10.0,90.0,141,34,6,101,6,28,0.5,0.17647058823529413,0.9439252336448598,0.560197910940077,0.2608695652173913,0.18456837347029395,0.24113475177304963,2.073529411764706,0
SHAP_VEC_anchor_4,VEC;mag_moment_mean;avg_d_valence_electrons;melting_point_mean,4,15.0,85.0,141,34,5,102,5,29,0.5,0.14705882352941177,0.9532710280373832,0.5501649257833975,0.22727272727272727,0.16719599465115612,0.24113475177304963,2.073529411764706,0
SHAP_VEC_anchor_4,VEC;mag_moment_mean;avg_d_valence_electrons;melting_point_mean,4,20.0,80.0,141,34,4,102,5,30,0.4444444444444444,0.11764705882352941,0.9532710280373832,0.5354590434304562,0.18604651162790695,0.12410238797910933,0.24113475177304963,1.8431372549019607,0
original_electronic_3,VEC;avg_d_valence_electrons;mag_moment_mean,3,0.0,100.0,141,34,23,75,32,11,0.41818181818181815,0.6764705882352942,0.7009345794392523,0.6887025838372732,0.5168539325842696,0.33098523411849046,0.24113475177304963,1.7342245989304812,0
original_electronic_3,VEC;avg_d_valence_electrons;mag_moment_mean,3,2.5,97.5,141,34,15,75,32,19,0.3191489361702128,0.4411764705882353,0.7009345794392523,0.5710555250137438,0.37037037037037035,0.12895742123886605,0.24113475177304963,1.323529411764706,0
original_electronic_3,VEC;avg_d_valence_electrons;mag_moment_mean,3,5.0,95.0,141,34,12,93,14,22,0.46153846153846156,0.35294117647058826,0.8691588785046729,0.6110500274876306,0.4000000000000001,0.24498777829048812,0.24113475177304963,1.9140271493212673,0
original_electronic_3,VEC;avg_d_valence_electrons;mag_moment_mean,3,10.0,90.0,141,34,11,97,10,23,0.5238095238095238,0.3235294117647059,0.9065420560747663,0.6150357339197361,0.39999999999999997,0.2764355163057983,0.24113475177304963,2.1722689075630255,0
original_electronic_3,VEC;avg_d_valence_electrons;mag_moment_mean,3,15.0,85.0,141,34,11,102,5,23,0.6875,0.3235294117647059,0.9532710280373832,0.6384002199010446,0.44000000000000006,0.37332160591151414,0.24113475177304963,2.8511029411764706,0
original_electronic_3,VEC;avg_d_valence_electrons;mag_moment_mean,3,20.0,80.0,141,34,8,102,5,26,0.6153846153846154,0.23529411764705882,0.9532710280373832,0.594282572842221,0.3404255319148936,0.2788149824432181,0.24113475177304963,2.552036199095023,0
HEA_VEC_sigma,VEC;sigma,2,0.0,100.0,141,34,23,71,36,11,0.3898305084745763,0.6764705882352942,0.6635514018691588,0.6700109950522265,0.49462365591397844,0.2948529113055093,0.24113475177304963,1.6166500498504488,0
HEA_VEC_sigma,VEC;sigma,2,2.5,97.5,141,34,21,78,29,13,0.42,0.6176470588235294,0.7289719626168224,0.6733095107201759,0.5,0.30994029415685914,0.24113475177304963,1.7417647058823529,0
HEA_VEC_sigma,VEC;sigma,2,5.0,95.0,141,34,16,81,26,18,0.38095238095238093,0.47058823529411764,0.7570093457943925,0.613798790544255,0.42105263157894735,0.21289072792148891,0.24113475177304963,1.5798319327731092,0
HEA_VEC_sigma,VEC;sigma,2,10.0,90.0,141,34,15,83,24,19,0.38461538461538464,0.4411764705882353,0.7757009345794392,0.6084387025838373,0.4109589041095891,0.20740215588994412,0.24113475177304963,1.5950226244343892,0
HEA_VEC_sigma,VEC;sigma,2,15.0,85.0,141,34,15,89,18,19,0.45454545454545453,0.4411764705882353,0.8317757009345794,0.6364760857614074,0.4477611940298507,0.2757712917715754,0.24113475177304963,1.8850267379679144,0
HEA_VEC_sigma,VEC;sigma,2,20.0,80.0,141,34,14,89,18,20,0.4375,0.4117647058823529,0.8317757009345794,0.6217702034084662,0.42424242424242425,0.24872196285207532,0.24113475177304963,1.8143382352941178,0
HEA_VEC_sigma_dHmix_dSmix,VEC;sigma;dHmix;dSmix,4,0.0,100.0,141,34,17,87,20,17,0.4594594594594595,0.5,0.8130841121495327,0.6565420560747663,0.47887323943661975,0.3044211659752679,0.24113475177304963,1.9054054054054057,0
HEA_VEC_sigma_dHmix_dSmix,VEC;sigma;dHmix;dSmix,4,2.5,97.5,141,34,14,94,13,20,0.5185185185185185,0.4117647058823529,0.8785046728971962,0.6451346893897746,0.45901639344262296,0.315571855270076,0.24113475177304963,2.150326797385621,0
HEA_VEC_sigma_dHmix_dSmix,VEC;sigma;dHmix;dSmix,4,5.0,95.0,141,34,9,96,11,25,0.45,0.2647058823529412,0.897196261682243,0.5809510720175921,0.33333333333333337,0.1985072003989183,0.24113475177304963,1.8661764705882355,0
HEA_VEC_sigma_dHmix_dSmix,VEC;sigma;dHmix;dSmix,4,10.0,90.0,141,34,8,104,3,26,0.7272727272727273,0.23529411764705882,0.9719626168224299,0.6036283672347443,0.3555555555555555,0.3305765019316509,0.24113475177304963,3.016042780748663,0
HEA_VEC_sigma_dHmix_dSmix,VEC;sigma;dHmix;dSmix,4,15.0,85.0,141,34,5,106,1,29,0.8333333333333334,0.14705882352941177,0.9906542056074766,0.5688565145684442,0.25,0.29185280324582424,0.24113475177304963,3.4558823529411766,0
HEA_VEC_sigma_dHmix_dSmix,VEC;sigma;dHmix;dSmix,4,20.0,80.0,141,34,2,106,1,32,0.6666666666666666,0.058823529411764705,0.9906542056074766,0.5247388675096206,0.10810810810810811,0.14666989706145558,0.24113475177304963,2.764705882352941,0
SHAP_top_2,mag_moment_mean;avg_d_valence_electrons,2,0.0,100.0,141,34,24,72,35,10,0.4067796610169492,0.7058823529411765,0.6728971962616822,0.6893897746014294,0.5161290322580646,0.3284618526911817,0.24113475177304963,1.6869391824526423,1
SHAP_top_2,mag_moment_mean;avg_d_valence_electrons,2,2.5,97.5,141,34,16,75,32,18,0.3333333333333333,0.47058823529411764,0.7009345794392523,0.585761407366685,0.39024390243902435,0.15484284754501068,0.24113475177304963,1.3823529411764706,1
SHAP_top_2,mag_moment_mean;avg_d_valence_electrons,2,5.0,95.0,141,34,12,93,14,22,0.46153846153846156,0.35294117647058826,0.8691588785046729,0.6110500274876306,0.4000000000000001,0.24498777829048812,0.24113475177304963,1.9140271493212673,1
SHAP_top_2,mag_moment_mean;avg_d_valence_electrons,2,10.0,90.0,141,34,11,97,10,23,0.5238095238095238,0.3235294117647059,0.9065420560747663,0.6150357339197361,0.39999999999999997,0.2764355163057983,0.24113475177304963,2.1722689075630255,1
SHAP_top_2,mag_moment_mean;avg_d_valence_electrons,2,15.0,85.0,141,34,11,97,10,23,0.5238095238095238,0.3235294117647059,0.9065420560747663,0.6150357339197361,0.39999999999999997,0.2764355163057983,0.24113475177304963,2.1722689075630255,1
SHAP_top_2,mag_moment_mean;avg_d_valence_electrons,2,20.0,80.0,141,34,8,97,10,26,0.4444444444444444,0.23529411764705882,0.9065420560747663,0.5709180868609126,0.30769230769230765,0.1818149312193603,0.24113475177304963,1.8431372549019607,1
SHAP_VEC_anchor_2,VEC;mag_moment_mean,2,0.0,100.0,141,34,24,69,38,10,0.3870967741935484,0.7058823529411765,0.6448598130841121,0.6753710830126443,0.5,0.3022803640781196,0.24113475177304963,1.6053130929791273,1
SHAP_VEC_anchor_2,VEC;mag_moment_mean,2,2.5,97.5,141,34,18,73,34,16,0.34615384615384615,0.5294117647058824,0.6822429906542056,0.605827377680044,0.41860465116279066,0.18765610708474972,0.24113475177304963,1.4355203619909502,1
SHAP_VEC_anchor_2,VEC;mag_moment_mean,2,5.0,95.0,141,34,14,91,16,20,0.4666666666666667,0.4117647058823529,0.8504672897196262,0.6311159978009895,0.43749999999999994,0.274091085342721,0.24113475177304963,1.935294117647059,1
SHAP_VEC_anchor_2,VEC;mag_moment_mean,2,10.0,90.0,141,34,11,95,12,23,0.4782608695652174,0.3235294117647059,0.8878504672897196,0.6056899395272127,0.3859649122807018,0.24473161197242063,0.24113475177304963,1.983375959079284,1
SHAP_VEC_anchor_2,VEC;mag_moment_mean,2,15.0,85.0,141,34,11,95,12,23,0.4782608695652174,0.3235294117647059,0.8878504672897196,0.6056899395272127,0.3859649122807018,0.24473161197242063,0.24113475177304963,1.983375959079284,1
SHAP_VEC_anchor_2,VEC;mag_moment_mean,2,20.0,80.0,141,34,9,95,12,25,0.42857142857142855,0.2647058823529412,0.8878504672897196,0.5762781748213304,0.32727272727272727,0.18329953590169423,0.24113475177304963,1.7773109243697478,1
SHAP_top_3,mag_moment_mean;avg_d_valence_electrons;melting_point_mean,3,0.0,100.0,141,34,21,92,15,13,0.5833333333333334,0.6176470588235294,0.8598130841121495,0.7387300714678395,0.6,0.4684061312339814,0.24113475177304963,2.419117647058824,1
SHAP_top_3,mag_moment_mean;avg_d_valence_electrons;melting_point_mean,3,2.5,97.5,141,34,13,96,11,21,0.5416666666666666,0.38235294117647056,0.897196261682243,0.6397746014293568,0.44827586206896547,0.3181933169203956,0.24113475177304963,2.2463235294117645,1
SHAP_top_3,mag_moment_mean;avg_d_valence_electrons;melting_point_mean,3,5.0,95.0,141,34,8,98,9,26,0.47058823529411764,0.23529411764705882,0.9158878504672897,0.5755909840571742,0.3137254901960785,0.19860768025436662,0.24113475177304963,1.9515570934256057,1
SHAP_top_3,mag_moment_mean;avg_d_valence_electrons;melting_point_mean,3,10.0,90.0,141,34,7,101,6,27,0.5384615384615384,0.20588235294117646,0.9439252336448598,0.5749037932930181,0.2978723404255319,0.22150752978360622,0.24113475177304963,2.233031674208145,1
SHAP_top_3,mag_moment_mean;avg_d_valence_electrons;melting_point_mean,3,15.0,85.0,141,34,5,101,6,29,0.45454545454545453,0.14705882352941177,0.9439252336448598,0.5454920285871357,0.22222222222222224,0.14512045376575125,0.24113475177304963,1.8850267379679144,1
SHAP_top_3,mag_moment_mean;avg_d_valence_electrons;melting_point_mean,3,20.0,80.0,141,34,4,101,6,30,0.4,0.11764705882352941,0.9439252336448598,0.5307861462341946,0.1818181818181818,0.10260795288180541,0.24113475177304963,1.6588235294117648,1
SHAP_VEC_anchor_3,VEC;mag_moment_mean;avg_d_valence_electrons,3,0.0,100.0,141,34,23,72,35,11,0.39655172413793105,0.6764705882352942,0.6728971962616822,0.6746838922484881,0.5,0.30371144648932263,0.24113475177304963,1.6445233265720083,1
SHAP_VEC_anchor_3,VEC;mag_moment_mean;avg_d_valence_electrons,3,2.5,97.5,141,34,15,75,32,19,0.3191489361702128,0.4411764705882353,0.7009345794392523,0.5710555250137438,0.37037037037037035,0.12895742123886605,0.24113475177304963,1.323529411764706,1
SHAP_VEC_anchor_3,VEC;mag_moment_mean;avg_d_valence_electrons,3,5.0,95.0,141,34,12,93,14,22,0.46153846153846156,0.35294117647058826,0.8691588785046729,0.6110500274876306,0.4000000000000001,0.24498777829048812,0.24113475177304963,1.9140271493212673,1
SHAP_VEC_anchor_3,VEC;mag_moment_mean;avg_d_valence_electrons,3,10.0,90.0,141,34,11,97,10,23,0.5238095238095238,0.3235294117647059,0.9065420560747663,0.6150357339197361,0.39999999999999997,0.2764355163057983,0.24113475177304963,2.1722689075630255,1
SHAP_VEC_anchor_3,VEC;mag_moment_mean;avg_d_valence_electrons,3,15.0,85.0,141,34,11,97,10,23,0.5238095238095238,0.3235294117647059,0.9065420560747663,0.6150357339197361,0.39999999999999997,0.2764355163057983,0.24113475177304963,2.1722689075630255,1
SHAP_VEC_anchor_3,VEC;mag_moment_mean;avg_d_valence_electrons,3,20.0,80.0,141,34,8,97,10,26,0.4444444444444444,0.23529411764705882,0.9065420560747663,0.5709180868609126,0.30769230769230765,0.1818149312193603,0.24113475177304963,1.8431372549019607,1
SHAP_top_4,mag_moment_mean;avg_d_valence_electrons;melting_point_mean;dSmix,4,0.0,100.0,141,34,16,95,12,18,0.5714285714285714,0.47058823529411764,0.8878504672897196,0.6792193512919187,0.5161290322580646,0.38435099227413533,0.24113475177304963,2.369747899159664,1
SHAP_top_4,mag_moment_mean;avg_d_valence_electrons;melting_point_mean;dSmix,4,2.5,97.5,141,34,12,99,8,22,0.6,0.35294117647058826,0.9252336448598131,0.6390874106652007,0.4444444444444445,0.3410683986480566,0.24113475177304963,2.488235294117647,1
SHAP_top_4,mag_moment_mean;avg_d_valence_electrons;melting_point_mean;dSmix,4,5.0,95.0,141,34,6,101,6,28,0.5,0.17647058823529413,0.9439252336448598,0.560197910940077,0.2608695652173913,0.18456837347029395,0.24113475177304963,2.073529411764706,1
SHAP_top_4,mag_moment_mean;avg_d_valence_electrons;melting_point_mean;dSmix,4,10.0,90.0,141,34,5,106,1,29,0.8333333333333334,0.14705882352941177,0.9906542056074766,0.5688565145684442,0.25,0.29185280324582424,0.24113475177304963,3.4558823529411766,1
SHAP_top_4,mag_moment_mean;avg_d_valence_electrons;melting_point_mean;dSmix,4,15.0,85.0,141,34,2,106,1,32,0.6666666666666666,0.058823529411764705,0.9906542056074766,0.5247388675096206,0.10810810810810811,0.14666989706145558,0.24113475177304963,2.764705882352941,1
SHAP_top_4,mag_moment_mean;avg_d_valence_electrons;melting_point_mean;dSmix,4,20.0,80.0,141,34,0,106,1,34,0.0,0.0,0.9906542056074766,0.4953271028037383,0.0,-0.04764129431384638,0.24113475177304963,0.0,1
SHAP_VEC_anchor_4,VEC;mag_moment_mean;avg_d_valence_electrons;melting_point_mean,4,0.0,100.0,141,34,20,92,15,14,0.5714285714285714,0.5882352941176471,0.8598130841121495,0.7240241891148983,0.5797101449275363,0.4436794381132237,0.24113475177304963,2.369747899159664,1
SHAP_VEC_anchor_4,VEC;mag_moment_mean;avg_d_valence_electrons;melting_point_mean,4,2.5,97.5,141,34,12,96,11,22,0.5217391304347826,0.35294117647058826,0.897196261682243,0.6250687190764156,0.4210526315789474,0.2896043782768567,0.24113475177304963,2.163682864450128,1
SHAP_VEC_anchor_4,VEC;mag_moment_mean;avg_d_valence_electrons;melting_point_mean,4,5.0,95.0,141,34,8,98,9,26,0.47058823529411764,0.23529411764705882,0.9158878504672897,0.5755909840571742,0.3137254901960785,0.19860768025436662,0.24113475177304963,1.9515570934256057,1
SHAP_VEC_anchor_4,VEC;mag_moment_mean;avg_d_valence_electrons;melting_point_mean,4,10.0,90.0,141,34,7,101,6,27,0.5384615384615384,0.20588235294117646,0.9439252336448598,0.5749037932930181,0.2978723404255319,0.22150752978360622,0.24113475177304963,2.233031674208145,1
SHAP_VEC_anchor_4,VEC;mag_moment_mean;avg_d_valence_electrons;melting_point_mean,4,15.0,85.0,141,34,5,101,6,29,0.45454545454545453,0.14705882352941177,0.9439252336448598,0.5454920285871357,0.22222222222222224,0.14512045376575125,0.24113475177304963,1.8850267379679144,1
SHAP_VEC_anchor_4,VEC;mag_moment_mean;avg_d_valence_electrons;melting_point_mean,4,20.0,80.0,141,34,4,101,6,30,0.4,0.11764705882352941,0.9439252336448598,0.5307861462341946,0.1818181818181818,0.10260795288180541,0.24113475177304963,1.6588235294117648,1
original_electronic_3,VEC;avg_d_valence_electrons;mag_moment_mean,3,0.0,100.0,141,34,23,72,35,11,0.39655172413793105,0.6764705882352942,0.6728971962616822,0.6746838922484881,0.5,0.30371144648932263,0.24113475177304963,1.6445233265720083,1
original_electronic_3,VEC;avg_d_valence_electrons;mag_moment_mean,3,2.5,97.5,141,34,15,75,32,19,0.3191489361702128,0.4411764705882353,0.7009345794392523,0.5710555250137438,0.37037037037037035,0.12895742123886605,0.24113475177304963,1.323529411764706,1
original_electronic_3,VEC;avg_d_valence_electrons;mag_moment_mean,3,5.0,95.0,141,34,12,93,14,22,0.46153846153846156,0.35294117647058826,0.8691588785046729,0.6110500274876306,0.4000000000000001,0.24498777829048812,0.24113475177304963,1.9140271493212673,1
original_electronic_3,VEC;avg_d_valence_electrons;mag_moment_mean,3,10.0,90.0,141,34,11,97,10,23,0.5238095238095238,0.3235294117647059,0.9065420560747663,0.6150357339197361,0.39999999999999997,0.2764355163057983,0.24113475177304963,2.1722689075630255,1
original_electronic_3,VEC;avg_d_valence_electrons;mag_moment_mean,3,15.0,85.0,141,34,11,97,10,23,0.5238095238095238,0.3235294117647059,0.9065420560747663,0.6150357339197361,0.39999999999999997,0.2764355163057983,0.24113475177304963,2.1722689075630255,1
original_electronic_3,VEC;avg_d_valence_electrons;mag_moment_mean,3,20.0,80.0,141,34,8,97,10,26,0.4444444444444444,0.23529411764705882,0.9065420560747663,0.5709180868609126,0.30769230769230765,0.1818149312193603,0.24113475177304963,1.8431372549019607,1
HEA_VEC_sigma,VEC;sigma,2,0.0,100.0,141,34,24,73,34,10,0.41379310344827586,0.7058823529411765,0.6822429906542056,0.694062671797691,0.5217391304347826,0.3374040617174851,0.24113475177304963,1.7160243407707911,1
HEA_VEC_sigma,VEC;sigma,2,2.5,97.5,141,34,22,79,28,12,0.44,0.6470588235294118,0.7383177570093458,0.6926882902693787,0.5238095238095238,0.3445965839872454,0.24113475177304963,1.8247058823529412,1
HEA_VEC_sigma,VEC;sigma,2,5.0,95.0,141,34,16,82,25,18,0.3902439024390244,0.47058823529411764,0.7663551401869159,0.6184716877405168,0.4266666666666667,0.22319475781972914,0.24113475177304963,1.618364418938307,1
HEA_VEC_sigma,VEC;sigma,2,10.0,90.0,141,34,15,83,24,19,0.38461538461538464,0.4411764705882353,0.7757009345794392,0.6084387025838373,0.4109589041095891,0.20740215588994412,0.24113475177304963,1.5950226244343892,1
HEA_VEC_sigma,VEC;sigma,2,15.0,85.0,141,34,15,84,23,19,0.39473684210526316,0.4411764705882353,0.7850467289719626,0.6131115997800989,0.41666666666666663,0.21810121109839425,0.24113475177304963,1.6369969040247678,1
HEA_VEC_sigma,VEC;sigma,2,20.0,80.0,141,34,14,85,22,20,0.3888888888888889,0.4117647058823529,0.794392523364486,0.6030786146234195,0.39999999999999997,0.202247897769422,0.24113475177304963,1.6127450980392157,1
HEA_VEC_sigma_dHmix_dSmix,VEC;sigma;dHmix;dSmix,4,0.0,100.0,141,34,18,88,19,16,0.4864864864864865,0.5294117647058824,0.822429906542056,0.6759208356239692,0.5070422535211269,0.34210631470442754,0.24113475177304963,2.017488076311606,1
HEA_VEC_sigma_dHmix_dSmix,VEC;sigma;dHmix;dSmix,4,2.5,97.5,141,34,16,91,16,18,0.5,0.47058823529411764,0.8504672897196262,0.660527762506872,0.48484848484848486,0.32788628962892097,0.24113475177304963,2.073529411764706,1
HEA_VEC_sigma_dHmix_dSmix,VEC;sigma;dHmix;dSmix,4,5.0,95.0,141,34,9,94,13,25,0.4090909090909091,0.2647058823529412,0.8785046728971962,0.5716052776250687,0.3214285714285714,0.1688190899623693,0.24113475177304963,1.6965240641711232,1
HEA_VEC_sigma_dHmix_dSmix,VEC;sigma;dHmix;dSmix,4,10.0,90.0,141,34,8,101,6,26,0.5714285714285714,0.23529411764705882,0.9439252336448598,0.5896096756459593,0.3333333333333333,0.25636006324320076,0.24113475177304963,2.369747899159664,1
HEA_VEC_sigma_dHmix_dSmix,VEC;sigma;dHmix;dSmix,4,15.0,85.0,141,34,5,103,4,29,0.5555555555555556,0.14705882352941177,0.9626168224299065,0.5548378229796591,0.23255813953488372,0.1919257860607156,0.24113475177304963,2.3039215686274512,1
HEA_VEC_sigma_dHmix_dSmix,VEC;sigma;dHmix;dSmix,4,20.0,80.0,141,34,2,106,1,32,0.6666666666666666,0.058823529411764705,0.9906542056074766,0.5247388675096206,0.10810810810810811,0.14666989706145558,0.24113475177304963,2.764705882352941,1
SHAP_top_2,mag_moment_mean;avg_d_valence_electrons,2,0.0,100.0,141,34,24,72,35,10,0.4067796610169492,0.7058823529411765,0.6728971962616822,0.6893897746014294,0.5161290322580646,0.3284618526911817,0.24113475177304963,1.6869391824526423,2
SHAP_top_2,mag_moment_mean;avg_d_valence_electrons,2,2.5,97.5,141,34,16,75,32,18,0.3333333333333333,0.47058823529411764,0.7009345794392523,0.585761407366685,0.39024390243902435,0.15484284754501068,0.24113475177304963,1.3823529411764706,2
SHAP_top_2,mag_moment_mean;avg_d_valence_electrons,2,5.0,95.0,141,34,12,93,14,22,0.46153846153846156,0.35294117647058826,0.8691588785046729,0.6110500274876306,0.4000000000000001,0.24498777829048812,0.24113475177304963,1.9140271493212673,2
SHAP_top_2,mag_moment_mean;avg_d_valence_electrons,2,10.0,90.0,141,34,11,97,10,23,0.5238095238095238,0.3235294117647059,0.9065420560747663,0.6150357339197361,0.39999999999999997,0.2764355163057983,0.24113475177304963,2.1722689075630255,2
SHAP_top_2,mag_moment_mean;avg_d_valence_electrons,2,15.0,85.0,141,34,11,97,10,23,0.5238095238095238,0.3235294117647059,0.9065420560747663,0.6150357339197361,0.39999999999999997,0.2764355163057983,0.24113475177304963,2.1722689075630255,2
SHAP_top_2,mag_moment_mean;avg_d_valence_electrons,2,20.0,80.0,141,34,9,97,10,25,0.47368421052631576,0.2647058823529412,0.9065420560747663,0.5856239692138537,0.339622641509434,0.21453590342171705,0.24113475177304963,1.9643962848297214,2
SHAP_VEC_anchor_2,VEC;mag_moment_mean,2,0.0,100.0,141,34,24,69,38,10,0.3870967741935484,0.7058823529411765,0.6448598130841121,0.6753710830126443,0.5,0.3022803640781196,0.24113475177304963,1.6053130929791273,2
SHAP_VEC_anchor_2,VEC;mag_moment_mean,2,2.5,97.5,141,34,18,73,34,16,0.34615384615384615,0.5294117647058824,0.6822429906542056,0.605827377680044,0.41860465116279066,0.18765610708474972,0.24113475177304963,1.4355203619909502,2
SHAP_VEC_anchor_2,VEC;mag_moment_mean,2,5.0,95.0,141,34,14,91,16,20,0.4666666666666667,0.4117647058823529,0.8504672897196262,0.6311159978009895,0.43749999999999994,0.274091085342721,0.24113475177304963,1.935294117647059,2
SHAP_VEC_anchor_2,VEC;mag_moment_mean,2,10.0,90.0,141,34,11,95,12,23,0.4782608695652174,0.3235294117647059,0.8878504672897196,0.6056899395272127,0.3859649122807018,0.24473161197242063,0.24113475177304963,1.983375959079284,2
SHAP_VEC_anchor_2,VEC;mag_moment_mean,2,15.0,85.0,141,34,11,95,12,23,0.4782608695652174,0.3235294117647059,0.8878504672897196,0.6056899395272127,0.3859649122807018,0.24473161197242063,0.24113475177304963,1.983375959079284,2
SHAP_VEC_anchor_2,VEC;mag_moment_mean,2,20.0,80.0,141,34,9,95,12,25,0.42857142857142855,0.2647058823529412,0.8878504672897196,0.5762781748213304,0.32727272727272727,0.18329953590169423,0.24113475177304963,1.7773109243697478,2
SHAP_top_3,mag_moment_mean;avg_d_valence_electrons;melting_point_mean,3,0.0,100.0,141,34,21,92,15,13,0.5833333333333334,0.6176470588235294,0.8598130841121495,0.7387300714678395,0.6,0.4684061312339814,0.24113475177304963,2.419117647058824,2
SHAP_top_3,mag_moment_mean;avg_d_valence_electrons;melting_point_mean,3,2.5,97.5,141,34,13,96,11,21,0.5416666666666666,0.38235294117647056,0.897196261682243,0.6397746014293568,0.44827586206896547,0.3181933169203956,0.24113475177304963,2.2463235294117645,2
SHAP_top_3,mag_moment_mean;avg_d_valence_electrons;melting_point_mean,3,5.0,95.0,141,34,8,98,9,26,0.47058823529411764,0.23529411764705882,0.9158878504672897,0.5755909840571742,0.3137254901960785,0.19860768025436662,0.24113475177304963,1.9515570934256057,2
SHAP_top_3,mag_moment_mean;avg_d_valence_electrons;melting_point_mean,3,10.0,90.0,141,34,6,101,6,28,0.5,0.17647058823529413,0.9439252336448598,0.560197910940077,0.2608695652173913,0.18456837347029395,0.24113475177304963,2.073529411764706,2
SHAP_top_3,mag_moment_mean;avg_d_valence_electrons;melting_point_mean,3,15.0,85.0,141,34,5,101,6,29,0.45454545454545453,0.14705882352941177,0.9439252336448598,0.5454920285871357,0.22222222222222224,0.14512045376575125,0.24113475177304963,1.8850267379679144,2
SHAP_top_3,mag_moment_mean;avg_d_valence_electrons;melting_point_mean,3,20.0,80.0,141,34,4,101,6,30,0.4,0.11764705882352941,0.9439252336448598,0.5307861462341946,0.1818181818181818,0.10260795288180541,0.24113475177304963,1.6588235294117648,2
SHAP_VEC_anchor_3,VEC;mag_moment_mean;avg_d_valence_electrons,3,0.0,100.0,141,34,23,72,35,11,0.39655172413793105,0.6764705882352942,0.6728971962616822,0.6746838922484881,0.5,0.30371144648932263,0.24113475177304963,1.6445233265720083,2
SHAP_VEC_anchor_3,VEC;mag_moment_mean;avg_d_valence_electrons,3,2.5,97.5,141,34,15,75,32,19,0.3191489361702128,0.4411764705882353,0.7009345794392523,0.5710555250137438,0.37037037037037035,0.12895742123886605,0.24113475177304963,1.323529411764706,2
SHAP_VEC_anchor_3,VEC;mag_moment_mean;avg_d_valence_electrons,3,5.0,95.0,141,34,12,93,14,22,0.46153846153846156,0.35294117647058826,0.8691588785046729,0.6110500274876306,0.4000000000000001,0.24498777829048812,0.24113475177304963,1.9140271493212673,2
SHAP_VEC_anchor_3,VEC;mag_moment_mean;avg_d_valence_electrons,3,10.0,90.0,141,34,11,97,10,23,0.5238095238095238,0.3235294117647059,0.9065420560747663,0.6150357339197361,0.39999999999999997,0.2764355163057983,0.24113475177304963,2.1722689075630255,2
SHAP_VEC_anchor_3,VEC;mag_moment_mean;avg_d_valence_electrons,3,15.0,85.0,141,34,11,97,10,23,0.5238095238095238,0.3235294117647059,0.9065420560747663,0.6150357339197361,0.39999999999999997,0.2764355163057983,0.24113475177304963,2.1722689075630255,2
SHAP_VEC_anchor_3,VEC;mag_moment_mean;avg_d_valence_electrons,3,20.0,80.0,141,34,9,97,10,25,0.47368421052631576,0.2647058823529412,0.9065420560747663,0.5856239692138537,0.339622641509434,0.21453590342171705,0.24113475177304963,1.9643962848297214,2
SHAP_top_4,mag_moment_mean;avg_d_valence_electrons;melting_point_mean;dSmix,4,0.0,100.0,141,34,16,95,12,18,0.5714285714285714,0.47058823529411764,0.8878504672897196,0.6792193512919187,0.5161290322580646,0.38435099227413533,0.24113475177304963,2.369747899159664,2
SHAP_top_4,mag_moment_mean;avg_d_valence_electrons;melting_point_mean;dSmix,4,2.5,97.5,141,34,11,99,8,23,0.5789473684210527,0.3235294117647059,0.9252336448598131,0.6243815283122595,0.4150943396226416,0.31164525296413154,0.24113475177304963,2.4009287925696596,2
SHAP_top_4,mag_moment_mean;avg_d_valence_electrons;melting_point_mean;dSmix,4,5.0,95.0,141,34,6,103,4,28,0.6,0.17647058823529413,0.9626168224299065,0.5695437053326003,0.2727272727272727,0.23178403642050685,0.24113475177304963,2.488235294117647,2
SHAP_top_4,mag_moment_mean;avg_d_valence_electrons;melting_point_mean;dSmix,4,10.0,90.0,141,34,4,106,1,30,0.8,0.11764705882352941,0.9906542056074766,0.554150632215503,0.20512820512820512,0.25050155038212363,0.24113475177304963,3.3176470588235296,2
SHAP_top_4,mag_moment_mean;avg_d_valence_electrons;melting_point_mean;dSmix,4,15.0,85.0,141,34,2,106,1,32,0.6666666666666666,0.058823529411764705,0.9906542056074766,0.5247388675096206,0.10810810810810811,0.14666989706145558,0.24113475177304963,2.764705882352941,2
SHAP_top_4,mag_moment_mean;avg_d_valence_electrons;melting_point_mean;dSmix,4,20.0,80.0,141,34,0,106,1,34,0.0,0.0,0.9906542056074766,0.4953271028037383,0.0,-0.04764129431384638,0.24113475177304963,0.0,2
SHAP_VEC_anchor_4,VEC;mag_moment_mean;avg_d_valence_electrons;melting_point_mean,4,0.0,100.0,141,34,20,92,15,14,0.5714285714285714,0.5882352941176471,0.8598130841121495,0.7240241891148983,0.5797101449275363,0.4436794381132237,0.24113475177304963,2.369747899159664,2
SHAP_VEC_anchor_4,VEC;mag_moment_mean;avg_d_valence_electrons;melting_point_mean,4,2.5,97.5,141,34,12,96,11,22,0.5217391304347826,0.35294117647058826,0.897196261682243,0.6250687190764156,0.4210526315789474,0.2896043782768567,0.24113475177304963,2.163682864450128,2
SHAP_VEC_anchor_4,VEC;mag_moment_mean;avg_d_valence_electrons;melting_point_mean,4,5.0,95.0,141,34,8,98,9,26,0.47058823529411764,0.23529411764705882,0.9158878504672897,0.5755909840571742,0.3137254901960785,0.19860768025436662,0.24113475177304963,1.9515570934256057,2
SHAP_VEC_anchor_4,VEC;mag_moment_mean;avg_d_valence_electrons;melting_point_mean,4,10.0,90.0,141,34,6,101,6,28,0.5,0.17647058823529413,0.9439252336448598,0.560197910940077,0.2608695652173913,0.18456837347029395,0.24113475177304963,2.073529411764706,2
SHAP_VEC_anchor_4,VEC;mag_moment_mean;avg_d_valence_electrons;melting_point_mean,4,15.0,85.0,141,34,5,101,6,29,0.45454545454545453,0.14705882352941177,0.9439252336448598,0.5454920285871357,0.22222222222222224,0.14512045376575125,0.24113475177304963,1.8850267379679144,2
SHAP_VEC_anchor_4,VEC;mag_moment_mean;avg_d_valence_electrons;melting_point_mean,4,20.0,80.0,141,34,4,101,6,30,0.4,0.11764705882352941,0.9439252336448598,0.5307861462341946,0.1818181818181818,0.10260795288180541,0.24113475177304963,1.6588235294117648,2
original_electronic_3,VEC;avg_d_valence_electrons;mag_moment_mean,3,0.0,100.0,141,34,23,72,35,11,0.39655172413793105,0.6764705882352942,0.6728971962616822,0.6746838922484881,0.5,0.30371144648932263,0.24113475177304963,1.6445233265720083,2
original_electronic_3,VEC;avg_d_valence_electrons;mag_moment_mean,3,2.5,97.5,141,34,15,75,32,19,0.3191489361702128,0.4411764705882353,0.7009345794392523,0.5710555250137438,0.37037037037037035,0.12895742123886605,0.24113475177304963,1.323529411764706,2
original_electronic_3,VEC;avg_d_valence_electrons;mag_moment_mean,3,5.0,95.0,141,34,12,93,14,22,0.46153846153846156,0.35294117647058826,0.8691588785046729,0.6110500274876306,0.4000000000000001,0.24498777829048812,0.24113475177304963,1.9140271493212673,2
original_electronic_3,VEC;avg_d_valence_electrons;mag_moment_mean,3,10.0,90.0,141,34,11,97,10,23,0.5238095238095238,0.3235294117647059,0.9065420560747663,0.6150357339197361,0.39999999999999997,0.2764355163057983,0.24113475177304963,2.1722689075630255,2
original_electronic_3,VEC;avg_d_valence_electrons;mag_moment_mean,3,15.0,85.0,141,34,11,97,10,23,0.5238095238095238,0.3235294117647059,0.9065420560747663,0.6150357339197361,0.39999999999999997,0.2764355163057983,0.24113475177304963,2.1722689075630255,2
original_electronic_3,VEC;avg_d_valence_electrons;mag_moment_mean,3,20.0,80.0,141,34,9,97,10,25,0.47368421052631576,0.2647058823529412,0.9065420560747663,0.5856239692138537,0.339622641509434,0.21453590342171705,0.24113475177304963,1.9643962848297214,2
HEA_VEC_sigma,VEC;sigma,2,0.0,100.0,141,34,24,72,35,10,0.4067796610169492,0.7058823529411765,0.6728971962616822,0.6893897746014294,0.5161290322580646,0.3284618526911817,0.24113475177304963,1.6869391824526423,2
HEA_VEC_sigma,VEC;sigma,2,2.5,97.5,141,34,21,78,29,13,0.42,0.6176470588235294,0.7289719626168224,0.6733095107201759,0.5,0.30994029415685914,0.24113475177304963,1.7417647058823529,2
HEA_VEC_sigma,VEC;sigma,2,5.0,95.0,141,34,16,80,27,18,0.37209302325581395,0.47058823529411764,0.7476635514018691,0.6091258933479934,0.4155844155844156,0.20278783070037654,0.24113475177304963,1.543091655266758,2
HEA_VEC_sigma,VEC;sigma,2,10.0,90.0,141,34,15,83,24,19,0.38461538461538464,0.4411764705882353,0.7757009345794392,0.6084387025838373,0.4109589041095891,0.20740215588994412,0.24113475177304963,1.5950226244343892,2
HEA_VEC_sigma,VEC;sigma,2,15.0,85.0,141,34,15,84,23,19,0.39473684210526316,0.4411764705882353,0.7850467289719626,0.6131115997800989,0.41666666666666663,0.21810121109839425,0.24113475177304963,1.6369969040247678,2
HEA_VEC_sigma,VEC;sigma,2,20.0,80.0,141,34,14,85,22,20,0.3888888888888889,0.4117647058823529,0.794392523364486,0.6030786146234195,0.39999999999999997,0.202247897769422,0.24113475177304963,1.6127450980392157,2
HEA_VEC_sigma_dHmix_dSmix,VEC;sigma;dHmix;dSmix,4,0.0,100.0,141,34,18,87,20,16,0.47368421052631576,0.5294117647058824,0.8130841121495327,0.6712479384277075,0.5,0.3301994034369371,0.24113475177304963,1.9643962848297214,2
HEA_VEC_sigma_dHmix_dSmix,VEC;sigma;dHmix;dSmix,4,2.5,97.5,141,34,14,90,17,20,0.45161290322580644,0.4117647058823529,0.8411214953271028,0.6264431006047279,0.4307692307692308,0.26120367953598517,0.24113475177304963,1.872865275142315,2
HEA_VEC_sigma_dHmix_dSmix,VEC;sigma;dHmix;dSmix,4,5.0,95.0,141,34,9,95,12,25,0.42857142857142855,0.2647058823529412,0.8878504672897196,0.5762781748213304,0.32727272727272727,0.18329953590169423,0.24113475177304963,1.7773109243697478,2
HEA_VEC_sigma_dHmix_dSmix,VEC;sigma;dHmix;dSmix,4,10.0,90.0,141,34,8,101,6,26,0.5714285714285714,0.23529411764705882,0.9439252336448598,0.5896096756459593,0.3333333333333333,0.25636006324320076,0.24113475177304963,2.369747899159664,2
HEA_VEC_sigma_dHmix_dSmix,VEC;sigma;dHmix;dSmix,4,15.0,85.0,141,34,5,103,4,29,0.5555555555555556,0.14705882352941177,0.9626168224299065,0.5548378229796591,0.23255813953488372,0.1919257860607156,0.24113475177304963,2.3039215686274512,2
HEA_VEC_sigma_dHmix_dSmix,VEC;sigma;dHmix;dSmix,4,20.0,80.0,141,34,2,106,1,32,0.6666666666666666,0.058823529411764705,0.9906542056074766,0.5247388675096206,0.10810810810810811,0.14666989706145558,0.24113475177304963,2.764705882352941,2
SHAP_top_2,mag_moment_mean;avg_d_valence_electrons,2,0.0,100.0,141,34,23,73,34,11,0.40350877192982454,0.6764705882352942,0.6822429906542056,0.6793567894447499,0.5054945054945055,0.3126814328621457,0.24113475177304963,1.673374613003096,3
SHAP_top_2,mag_moment_mean;avg_d_valence_electrons,2,2.5,97.5,141,34,15,76,31,19,0.32608695652173914,0.4411764705882353,0.7102803738317757,0.5757284222100054,0.375,0.13819092791245646,0.24113475177304963,1.35230179028133,3
SHAP_top_2,mag_moment_mean;avg_d_valence_electrons,2,5.0,95.0,141,34,12,93,14,22,0.46153846153846156,0.35294117647058826,0.8691588785046729,0.6110500274876306,0.4000000000000001,0.24498777829048812,0.24113475177304963,1.9140271493212673,3
SHAP_top_2,mag_moment_mean;avg_d_valence_electrons,2,10.0,90.0,141,34,11,97,10,23,0.5238095238095238,0.3235294117647059,0.9065420560747663,0.6150357339197361,0.39999999999999997,0.2764355163057983,0.24113475177304963,2.1722689075630255,3
SHAP_top_2,mag_moment_mean;avg_d_valence_electrons,2,15.0,85.0,141,34,11,98,9,23,0.55,0.3235294117647059,0.9158878504672897,0.6197086311159978,0.4074074074074075,0.2935479992316772,0.24113475177304963,2.280882352941177,3
SHAP_top_2,mag_moment_mean;avg_d_valence_electrons,2,20.0,80.0,141,34,8,98,9,26,0.47058823529411764,0.23529411764705882,0.9158878504672897,0.5755909840571742,0.3137254901960785,0.19860768025436662,0.24113475177304963,1.9515570934256057,3
SHAP_VEC_anchor_2,VEC;mag_moment_mean,2,0.0,100.0,141,34,23,69,38,11,0.3770491803278688,0.6764705882352942,0.6448598130841121,0.6606652006597031,0.4842105263157894,0.27744266840284126,0.24113475177304963,1.5636451301832208,3
SHAP_VEC_anchor_2,VEC;mag_moment_mean,2,2.5,97.5,141,34,17,72,35,17,0.3269230769230769,0.5,0.6728971962616822,0.5864485981308412,0.39534883720930236,0.1532931056575423,0.24113475177304963,1.3557692307692308,3
SHAP_VEC_anchor_2,VEC;mag_moment_mean,2,5.0,95.0,141,34,14,89,18,20,0.4375,0.4117647058823529,0.8317757009345794,0.6217702034084662,0.42424242424242425,0.24872196285207532,0.24113475177304963,1.8143382352941178,3
SHAP_VEC_anchor_2,VEC;mag_moment_mean,2,10.0,90.0,141,34,11,94,13,23,0.4583333333333333,0.3235294117647059,0.8785046728971962,0.6010170423309511,0.3793103448275862,0.22996272166813253,0.24113475177304963,1.9007352941176472,3
SHAP_VEC_anchor_2,VEC;mag_moment_mean,2,15.0,85.0,141,34,11,95,12,23,0.4782608695652174,0.3235294117647059,0.8878504672897196,0.6056899395272127,0.3859649122807018,0.24473161197242063,0.24113475177304963,1.983375959079284,3
SHAP_VEC_anchor_2,VEC;mag_moment_mean,2,20.0,80.0,141,34,8,95,12,26,0.4,0.23529411764705882,0.8878504672897196,0.5615722924683892,0.29629629629629634,0.1509868009825389,0.24113475177304963,1.6588235294117648,3
SHAP_top_3,mag_moment_mean;avg_d_valence_electrons;melting_point_mean,3,0.0,100.0,141,34,20,93,14,14,0.5882352941176471,0.5882352941176471,0.8691588785046729,0.7286970863111599,0.5882352941176471,0.45739417262231996,0.24113475177304963,2.439446366782007,3
SHAP_top_3,mag_moment_mean;avg_d_valence_electrons;melting_point_mean,3,2.5,97.5,141,34,12,97,10,22,0.5454545454545454,0.35294117647058826,0.9065420560747663,0.6297416162726773,0.42857142857142855,0.3058833415057133,0.24113475177304963,2.2620320855614975,3
SHAP_top_3,mag_moment_mean;avg_d_valence_electrons;melting_point_mean,3,5.0,95.0,141,34,8,98,9,26,0.47058823529411764,0.23529411764705882,0.9158878504672897,0.5755909840571742,0.3137254901960785,0.19860768025436662,0.24113475177304963,1.9515570934256057,3
SHAP_top_3,mag_moment_mean;avg_d_valence_electrons;melting_point_mean,3,10.0,90.0,141,34,7,101,6,27,0.5384615384615384,0.20588235294117646,0.9439252336448598,0.5749037932930181,0.2978723404255319,0.22150752978360622,0.24113475177304963,2.233031674208145,3
SHAP_top_3,mag_moment_mean;avg_d_valence_electrons;melting_point_mean,3,15.0,85.0,141,34,5,102,5,29,0.5,0.14705882352941177,0.9532710280373832,0.5501649257833975,0.22727272727272727,0.16719599465115612,0.24113475177304963,2.073529411764706,3
SHAP_top_3,mag_moment_mean;avg_d_valence_electrons;melting_point_mean,3,20.0,80.0,141,34,4,102,5,30,0.4444444444444444,0.11764705882352941,0.9532710280373832,0.5354590434304562,0.18604651162790695,0.12410238797910933,0.24113475177304963,1.8431372549019607,3
SHAP_VEC_anchor_3,VEC;mag_moment_mean;avg_d_valence_electrons,3,0.0,100.0,141,34,22,73,34,12,0.39285714285714285,0.6470588235294118,0.6822429906542056,0.6646509070918087,0.4888888888888888,0.2878869604082542,0.24113475177304963,1.629201680672269,3
SHAP_VEC_anchor_3,VEC;mag_moment_mean;avg_d_valence_electrons,3,2.5,97.5,141,34,14,76,31,20,0.3111111111111111,0.4117647058823529,0.7102803738317757,0.5610225398570643,0.35443037974683544,0.11199786641597191,0.24113475177304963,1.2901960784313726,3
SHAP_VEC_anchor_3,VEC;mag_moment_mean;avg_d_valence_electrons,3,5.0,95.0,141,34,12,93,14,22,0.46153846153846156,0.35294117647058826,0.8691588785046729,0.6110500274876306,0.4000000000000001,0.24498777829048812,0.24113475177304963,1.9140271493212673,3
SHAP_VEC_anchor_3,VEC;mag_moment_mean;avg_d_valence_electrons,3,10.0,90.0,141,34,11,97,10,23,0.5238095238095238,0.3235294117647059,0.9065420560747663,0.6150357339197361,0.39999999999999997,0.2764355163057983,0.24113475177304963,2.1722689075630255,3
SHAP_VEC_anchor_3,VEC;mag_moment_mean;avg_d_valence_electrons,3,15.0,85.0,141,34,11,98,9,23,0.55,0.3235294117647059,0.9158878504672897,0.6197086311159978,0.4074074074074075,0.2935479992316772,0.24113475177304963,2.280882352941177,3
SHAP_VEC_anchor_3,VEC;mag_moment_mean;avg_d_valence_electrons,3,20.0,80.0,141,34,8,98,9,26,0.47058823529411764,0.23529411764705882,0.9158878504672897,0.5755909840571742,0.3137254901960785,0.19860768025436662,0.24113475177304963,1.9515570934256057,3
SHAP_top_4,mag_moment_mean;avg_d_valence_electrons;melting_point_mean;dSmix,4,0.0,100.0,141,34,15,96,11,19,0.5769230769230769,0.4411764705882353,0.897196261682243,0.6691863661352391,0.5,0.37324251865790953,0.24113475177304963,2.3925339366515836,3
SHAP_top_4,mag_moment_mean;avg_d_valence_electrons;melting_point_mean;dSmix,4,2.5,97.5,141,34,11,100,7,23,0.6111111111111112,0.3235294117647059,0.9345794392523364,0.6290544255085212,0.42307692307692313,0.3308608922770917,0.24113475177304963,2.5343137254901964,3
SHAP_top_4,mag_moment_mean;avg_d_valence_electrons;melting_point_mean;dSmix,4,5.0,95.0,141,34,6,101,6,28,0.5,0.17647058823529413,0.9439252336448598,0.560197910940077,0.2608695652173913,0.18456837347029395,0.24113475177304963,2.073529411764706,3
SHAP_top_4,mag_moment_mean;avg_d_valence_electrons;melting_point_mean;dSmix,4,10.0,90.0,141,34,5,106,1,29,0.8333333333333334,0.14705882352941177,0.9906542056074766,0.5688565145684442,0.25,0.29185280324582424,0.24113475177304963,3.4558823529411766,3
SHAP_top_4,mag_moment_mean;avg_d_valence_electrons;melting_point_mean;dSmix,4,15.0,85.0,141,34,2,107,0,32,1.0,0.058823529411764705,1.0,0.5294117647058824,0.1111111111111111,0.21279431834822682,0.24113475177304963,4.147058823529412,3
SHAP_top_4,mag_moment_mean;avg_d_valence_electrons;melting_point_mean;dSmix,4,20.0,80.0,141,34,0,107,0,34,0.0,0.0,1.0,0.5,0.0,0.0,0.24113475177304963,0.0,3
SHAP_VEC_anchor_4,VEC;mag_moment_mean;avg_d_valence_electrons;melting_point_mean,4,0.0,100.0,141,34,19,93,14,15,0.5757575757575758,0.5588235294117647,0.8691588785046729,0.7139912039582188,0.5671641791044776,0.43240272033065746,0.24113475177304963,2.3877005347593587,3
SHAP_VEC_anchor_4,VEC;mag_moment_mean;avg_d_valence_electrons;melting_point_mean,4,2.5,97.5,141,34,11,97,10,23,0.5238095238095238,0.3235294117647059,0.9065420560747663,0.6150357339197361,0.39999999999999997,0.2764355163057983,0.24113475177304963,2.1722689075630255,3
SHAP_VEC_anchor_4,VEC;mag_moment_mean;avg_d_valence_electrons;melting_point_mean,4,5.0,95.0,141,34,8,98,9,26,0.47058823529411764,0.23529411764705882,0.9158878504672897,0.5755909840571742,0.3137254901960785,0.19860768025436662,0.24113475177304963,1.9515570934256057,3
SHAP_VEC_anchor_4,VEC;mag_moment_mean;avg_d_valence_electrons;melting_point_mean,4,10.0,90.0,141,34,7,101,6,27,0.5384615384615384,0.20588235294117646,0.9439252336448598,0.5749037932930181,0.2978723404255319,0.22150752978360622,0.24113475177304963,2.233031674208145,3
SHAP_VEC_anchor_4,VEC;mag_moment_mean;avg_d_valence_electrons;melting_point_mean,4,15.0,85.0,141,34,5,102,5,29,0.5,0.14705882352941177,0.9532710280373832,0.5501649257833975,0.22727272727272727,0.16719599465115612,0.24113475177304963,2.073529411764706,3
SHAP_VEC_anchor_4,VEC;mag_moment_mean;avg_d_valence_electrons;melting_point_mean,4,20.0,80.0,141,34,4,102,5,30,0.4444444444444444,0.11764705882352941,0.9532710280373832,0.5354590434304562,0.18604651162790695,0.12410238797910933,0.24113475177304963,1.8431372549019607,3
original_electronic_3,VEC;avg_d_valence_electrons;mag_moment_mean,3,0.0,100.0,141,34,22,73,34,12,0.39285714285714285,0.6470588235294118,0.6822429906542056,0.6646509070918087,0.4888888888888888,0.2878869604082542,0.24113475177304963,1.629201680672269,3
original_electronic_3,VEC;avg_d_valence_electrons;mag_moment_mean,3,2.5,97.5,141,34,14,76,31,20,0.3111111111111111,0.4117647058823529,0.7102803738317757,0.5610225398570643,0.35443037974683544,0.11199786641597191,0.24113475177304963,1.2901960784313726,3
original_electronic_3,VEC;avg_d_valence_electrons;mag_moment_mean,3,5.0,95.0,141,34,12,93,14,22,0.46153846153846156,0.35294117647058826,0.8691588785046729,0.6110500274876306,0.4000000000000001,0.24498777829048812,0.24113475177304963,1.9140271493212673,3
original_electronic_3,VEC;avg_d_valence_electrons;mag_moment_mean,3,10.0,90.0,141,34,11,97,10,23,0.5238095238095238,0.3235294117647059,0.9065420560747663,0.6150357339197361,0.39999999999999997,0.2764355163057983,0.24113475177304963,2.1722689075630255,3
original_electronic_3,VEC;avg_d_valence_electrons;mag_moment_mean,3,15.0,85.0,141,34,11,98,9,23,0.55,0.3235294117647059,0.9158878504672897,0.6197086311159978,0.4074074074074075,0.2935479992316772,0.24113475177304963,2.280882352941177,3
original_electronic_3,VEC;avg_d_valence_electrons;mag_moment_mean,3,20.0,80.0,141,34,8,98,9,26,0.47058823529411764,0.23529411764705882,0.9158878504672897,0.5755909840571742,0.3137254901960785,0.19860768025436662,0.24113475177304963,1.9515570934256057,3
HEA_VEC_sigma,VEC;sigma,2,0.0,100.0,141,34,24,71,36,10,0.4,0.7058823529411765,0.6635514018691588,0.6847168774051677,0.5106382978723405,0.31963165736828064,0.24113475177304963,1.6588235294117648,3
HEA_VEC_sigma,VEC;sigma,2,2.5,97.5,141,34,22,78,29,12,0.43137254901960786,0.6470588235294118,0.7289719626168224,0.6880153930731171,0.5176470588235293,0.334771445283072,0.24113475177304963,1.7889273356401385,3
HEA_VEC_sigma,VEC;sigma,2,5.0,95.0,141,34,16,81,26,18,0.38095238095238093,0.47058823529411764,0.7570093457943925,0.613798790544255,0.42105263157894735,0.21289072792148891,0.24113475177304963,1.5798319327731092,3
HEA_VEC_sigma,VEC;sigma,2,10.0,90.0,141,34,15,83,24,19,0.38461538461538464,0.4411764705882353,0.7757009345794392,0.6084387025838373,0.4109589041095891,0.20740215588994412,0.24113475177304963,1.5950226244343892,3
HEA_VEC_sigma,VEC;sigma,2,15.0,85.0,141,34,15,89,18,19,0.45454545454545453,0.4411764705882353,0.8317757009345794,0.6364760857614074,0.4477611940298507,0.2757712917715754,0.24113475177304963,1.8850267379679144,3
HEA_VEC_sigma,VEC;sigma,2,20.0,80.0,141,34,14,89,18,20,0.4375,0.4117647058823529,0.8317757009345794,0.6217702034084662,0.42424242424242425,0.24872196285207532,0.24113475177304963,1.8143382352941178,3
HEA_VEC_sigma_dHmix_dSmix,VEC;sigma;dHmix;dSmix,4,0.0,100.0,141,34,18,86,21,16,0.46153846153846156,0.5294117647058824,0.8037383177570093,0.6665750412314458,0.4931506849315069,0.3185949466902564,0.24113475177304963,1.9140271493212673,3
HEA_VEC_sigma_dHmix_dSmix,VEC;sigma;dHmix;dSmix,4,2.5,97.5,141,34,16,90,17,18,0.48484848484848486,0.47058823529411764,0.8411214953271028,0.6558548653106102,0.4776119402985075,0.31492914891134594,0.24113475177304963,2.0106951871657754,3
HEA_VEC_sigma_dHmix_dSmix,VEC;sigma;dHmix;dSmix,4,5.0,95.0,141,34,9,94,13,25,0.4090909090909091,0.2647058823529412,0.8785046728971962,0.5716052776250687,0.3214285714285714,0.1688190899623693,0.24113475177304963,1.6965240641711232,3
HEA_VEC_sigma_dHmix_dSmix,VEC;sigma;dHmix;dSmix,4,10.0,90.0,141,34,8,101,6,26,0.5714285714285714,0.23529411764705882,0.9439252336448598,0.5896096756459593,0.3333333333333333,0.25636006324320076,0.24113475177304963,2.369747899159664,3
HEA_VEC_sigma_dHmix_dSmix,VEC;sigma;dHmix;dSmix,4,15.0,85.0,141,34,5,103,4,29,0.5555555555555556,0.14705882352941177,0.9626168224299065,0.5548378229796591,0.23255813953488372,0.1919257860607156,0.24113475177304963,2.3039215686274512,3
HEA_VEC_sigma_dHmix_dSmix,VEC;sigma;dHmix;dSmix,4,20.0,80.0,141,34,2,106,1,32,0.6666666666666666,0.058823529411764705,0.9906542056074766,0.5247388675096206,0.10810810810810811,0.14666989706145558,0.24113475177304963,2.764705882352941,3
SHAP_top_2,mag_moment_mean;avg_d_valence_electrons,2,0.0,100.0,141,34,24,78,29,10,0.4528301886792453,0.7058823529411765,0.7289719626168224,0.7174271577789995,0.5517241379310345,0.38405715542158814,0.24113475177304963,1.8779134295227526,4
SHAP_top_2,mag_moment_mean;avg_d_valence_electrons,2,2.5,97.5,141,34,15,81,26,19,0.36585365853658536,0.4411764705882353,0.7570093457943925,0.5990929081913139,0.4,0.18668610253831172,0.24113475177304963,1.517216642754663,4
SHAP_top_2,mag_moment_mean;avg_d_valence_electrons,2,5.0,95.0,141,34,12,93,14,22,0.46153846153846156,0.35294117647058826,0.8691588785046729,0.6110500274876306,0.4000000000000001,0.24498777829048812,0.24113475177304963,1.9140271493212673,4
SHAP_top_2,mag_moment_mean;avg_d_valence_electrons,2,10.0,90.0,141,34,11,97,10,23,0.5238095238095238,0.3235294117647059,0.9065420560747663,0.6150357339197361,0.39999999999999997,0.2764355163057983,0.24113475177304963,2.1722689075630255,4
SHAP_top_2,mag_moment_mean;avg_d_valence_electrons,2,15.0,85.0,141,34,11,97,10,23,0.5238095238095238,0.3235294117647059,0.9065420560747663,0.6150357339197361,0.39999999999999997,0.2764355163057983,0.24113475177304963,2.1722689075630255,4
SHAP_top_2,mag_moment_mean;avg_d_valence_electrons,2,20.0,80.0,141,34,8,97,10,26,0.4444444444444444,0.23529411764705882,0.9065420560747663,0.5709180868609126,0.30769230769230765,0.1818149312193603,0.24113475177304963,1.8431372549019607,4
SHAP_VEC_anchor_2,VEC;mag_moment_mean,2,0.0,100.0,141,34,24,74,33,10,0.42105263157894735,0.7058823529411765,0.6915887850467289,0.6987355689939527,0.5274725274725274,0.34646540376909024,0.24113475177304963,1.7461300309597523,4
SHAP_VEC_anchor_2,VEC;mag_moment_mean,2,2.5,97.5,141,34,17,77,30,17,0.3617021276595745,0.5,0.719626168224299,0.6098130841121495,0.4197530864197531,0.1992978328237021,0.24113475177304963,1.5000000000000002,4
SHAP_VEC_anchor_2,VEC;mag_moment_mean,2,5.0,95.0,141,34,14,89,18,20,0.4375,0.4117647058823529,0.8317757009345794,0.6217702034084662,0.42424242424242425,0.24872196285207532,0.24113475177304963,1.8143382352941178,4
SHAP_VEC_anchor_2,VEC;mag_moment_mean,2,10.0,90.0,141,34,11,93,14,23,0.44,0.3235294117647059,0.8691588785046729,0.5963441451346894,0.3728813559322034,0.21581800400979184,0.24113475177304963,1.8247058823529412,4
SHAP_VEC_anchor_2,VEC;mag_moment_mean,2,15.0,85.0,141,34,11,94,13,23,0.4583333333333333,0.3235294117647059,0.8785046728971962,0.6010170423309511,0.3793103448275862,0.22996272166813253,0.24113475177304963,1.9007352941176472,4
SHAP_VEC_anchor_2,VEC;mag_moment_mean,2,20.0,80.0,141,34,8,94,13,26,0.38095238095238093,0.23529411764705882,0.8785046728971962,0.5568993952721275,0.29090909090909084,0.1367315456996422,0.24113475177304963,1.5798319327731092,4
SHAP_top_3,mag_moment_mean;avg_d_valence_electrons;melting_point_mean,3,0.0,100.0,141,34,21,92,15,13,0.5833333333333334,0.6176470588235294,0.8598130841121495,0.7387300714678395,0.6,0.4684061312339814,0.24113475177304963,2.419117647058824,4
SHAP_top_3,mag_moment_mean;avg_d_valence_electrons;melting_point_mean,3,2.5,97.5,141,34,13,96,11,21,0.5416666666666666,0.38235294117647056,0.897196261682243,0.6397746014293568,0.44827586206896547,0.3181933169203956,0.24113475177304963,2.2463235294117645,4
SHAP_top_3,mag_moment_mean;avg_d_valence_electrons;melting_point_mean,3,5.0,95.0,141,34,8,98,9,26,0.47058823529411764,0.23529411764705882,0.9158878504672897,0.5755909840571742,0.3137254901960785,0.19860768025436662,0.24113475177304963,1.9515570934256057,4
SHAP_top_3,mag_moment_mean;avg_d_valence_electrons;melting_point_mean,3,10.0,90.0,141,34,7,101,6,27,0.5384615384615384,0.20588235294117646,0.9439252336448598,0.5749037932930181,0.2978723404255319,0.22150752978360622,0.24113475177304963,2.233031674208145,4
SHAP_top_3,mag_moment_mean;avg_d_valence_electrons;melting_point_mean,3,15.0,85.0,141,34,5,101,6,29,0.45454545454545453,0.14705882352941177,0.9439252336448598,0.5454920285871357,0.22222222222222224,0.14512045376575125,0.24113475177304963,1.8850267379679144,4
SHAP_top_3,mag_moment_mean;avg_d_valence_electrons;melting_point_mean,3,20.0,80.0,141,34,4,101,6,30,0.4,0.11764705882352941,0.9439252336448598,0.5307861462341946,0.1818181818181818,0.10260795288180541,0.24113475177304963,1.6588235294117648,4
SHAP_VEC_anchor_3,VEC;mag_moment_mean;avg_d_valence_electrons,3,0.0,100.0,141,34,23,78,29,11,0.4423076923076923,0.6764705882352942,0.7289719626168224,0.7027212754260583,0.5348837209302325,0.3594711142207868,0.24113475177304963,1.8342760180995474,4
SHAP_VEC_anchor_3,VEC;mag_moment_mean;avg_d_valence_electrons,3,2.5,97.5,141,34,14,81,26,20,0.35,0.4117647058823529,0.7570093457943925,0.5843870258383728,0.37837837837837834,0.16015715342886208,0.24113475177304963,1.451470588235294,4
SHAP_VEC_anchor_3,VEC;mag_moment_mean;avg_d_valence_electrons,3,5.0,95.0,141,34,12,93,14,22,0.46153846153846156,0.35294117647058826,0.8691588785046729,0.6110500274876306,0.4000000000000001,0.24498777829048812,0.24113475177304963,1.9140271493212673,4
SHAP_VEC_anchor_3,VEC;mag_moment_mean;avg_d_valence_electrons,3,10.0,90.0,141,34,11,97,10,23,0.5238095238095238,0.3235294117647059,0.9065420560747663,0.6150357339197361,0.39999999999999997,0.2764355163057983,0.24113475177304963,2.1722689075630255,4
SHAP_VEC_anchor_3,VEC;mag_moment_mean;avg_d_valence_electrons,3,15.0,85.0,141,34,11,97,10,23,0.5238095238095238,0.3235294117647059,0.9065420560747663,0.6150357339197361,0.39999999999999997,0.2764355163057983,0.24113475177304963,2.1722689075630255,4
SHAP_VEC_anchor_3,VEC;mag_moment_mean;avg_d_valence_electrons,3,20.0,80.0,141,34,8,97,10,26,0.4444444444444444,0.23529411764705882,0.9065420560747663,0.5709180868609126,0.30769230769230765,0.1818149312193603,0.24113475177304963,1.8431372549019607,4
SHAP_top_4,mag_moment_mean;avg_d_valence_electrons;melting_point_mean;dSmix,4,0.0,100.0,141,34,16,95,12,18,0.5714285714285714,0.47058823529411764,0.8878504672897196,0.6792193512919187,0.5161290322580646,0.38435099227413533,0.24113475177304963,2.369747899159664,4
SHAP_top_4,mag_moment_mean;avg_d_valence_electrons;melting_point_mean;dSmix,4,2.5,97.5,141,34,11,99,8,23,0.5789473684210527,0.3235294117647059,0.9252336448598131,0.6243815283122595,0.4150943396226416,0.31164525296413154,0.24113475177304963,2.4009287925696596,4
SHAP_top_4,mag_moment_mean;avg_d_valence_electrons;melting_point_mean;dSmix,4,5.0,95.0,141,34,6,101,6,28,0.5,0.17647058823529413,0.9439252336448598,0.560197910940077,0.2608695652173913,0.18456837347029395,0.24113475177304963,2.073529411764706,4
SHAP_top_4,mag_moment_mean;avg_d_valence_electrons;melting_point_mean;dSmix,4,10.0,90.0,141,34,5,106,1,29,0.8333333333333334,0.14705882352941177,0.9906542056074766,0.5688565145684442,0.25,0.29185280324582424,0.24113475177304963,3.4558823529411766,4
SHAP_top_4,mag_moment_mean;avg_d_valence_electrons;melting_point_mean;dSmix,4,15.0,85.0,141,34,2,106,1,32,0.6666666666666666,0.058823529411764705,0.9906542056074766,0.5247388675096206,0.10810810810810811,0.14666989706145558,0.24113475177304963,2.764705882352941,4
SHAP_top_4,mag_moment_mean;avg_d_valence_electrons;melting_point_mean;dSmix,4,20.0,80.0,141,34,0,106,1,34,0.0,0.0,0.9906542056074766,0.4953271028037383,0.0,-0.04764129431384638,0.24113475177304963,0.0,4
SHAP_VEC_anchor_4,VEC;mag_moment_mean;avg_d_valence_electrons;melting_point_mean,4,0.0,100.0,141,34,20,92,15,14,0.5714285714285714,0.5882352941176471,0.8598130841121495,0.7240241891148983,0.5797101449275363,0.4436794381132237,0.24113475177304963,2.369747899159664,4
SHAP_VEC_anchor_4,VEC;mag_moment_mean;avg_d_valence_electrons;melting_point_mean,4,2.5,97.5,141,34,12,96,11,22,0.5217391304347826,0.35294117647058826,0.897196261682243,0.6250687190764156,0.4210526315789474,0.2896043782768567,0.24113475177304963,2.163682864450128,4
SHAP_VEC_anchor_4,VEC;mag_moment_mean;avg_d_valence_electrons;melting_point_mean,4,5.0,95.0,141,34,8,98,9,26,0.47058823529411764,0.23529411764705882,0.9158878504672897,0.5755909840571742,0.3137254901960785,0.19860768025436662,0.24113475177304963,1.9515570934256057,4
SHAP_VEC_anchor_4,VEC;mag_moment_mean;avg_d_valence_electrons;melting_point_mean,4,10.0,90.0,141,34,7,101,6,27,0.5384615384615384,0.20588235294117646,0.9439252336448598,0.5749037932930181,0.2978723404255319,0.22150752978360622,0.24113475177304963,2.233031674208145,4
SHAP_VEC_anchor_4,VEC;mag_moment_mean;avg_d_valence_electrons;melting_point_mean,4,15.0,85.0,141,34,5,101,6,29,0.45454545454545453,0.14705882352941177,0.9439252336448598,0.5454920285871357,0.22222222222222224,0.14512045376575125,0.24113475177304963,1.8850267379679144,4
SHAP_VEC_anchor_4,VEC;mag_moment_mean;avg_d_valence_electrons;melting_point_mean,4,20.0,80.0,141,34,4,101,6,30,0.4,0.11764705882352941,0.9439252336448598,0.5307861462341946,0.1818181818181818,0.10260795288180541,0.24113475177304963,1.6588235294117648,4
original_electronic_3,VEC;avg_d_valence_electrons;mag_moment_mean,3,0.0,100.0,141,34,23,78,29,11,0.4423076923076923,0.6764705882352942,0.7289719626168224,0.7027212754260583,0.5348837209302325,0.3594711142207868,0.24113475177304963,1.8342760180995474,4
original_electronic_3,VEC;avg_d_valence_electrons;mag_moment_mean,3,2.5,97.5,141,34,14,81,26,20,0.35,0.4117647058823529,0.7570093457943925,0.5843870258383728,0.37837837837837834,0.16015715342886208,0.24113475177304963,1.451470588235294,4
original_electronic_3,VEC;avg_d_valence_electrons;mag_moment_mean,3,5.0,95.0,141,34,12,93,14,22,0.46153846153846156,0.35294117647058826,0.8691588785046729,0.6110500274876306,0.4000000000000001,0.24498777829048812,0.24113475177304963,1.9140271493212673,4
original_electronic_3,VEC;avg_d_valence_electrons;mag_moment_mean,3,10.0,90.0,141,34,11,97,10,23,0.5238095238095238,0.3235294117647059,0.9065420560747663,0.6150357339197361,0.39999999999999997,0.2764355163057983,0.24113475177304963,2.1722689075630255,4
original_electronic_3,VEC;avg_d_valence_electrons;mag_moment_mean,3,15.0,85.0,141,34,11,97,10,23,0.5238095238095238,0.3235294117647059,0.9065420560747663,0.6150357339197361,0.39999999999999997,0.2764355163057983,0.24113475177304963,2.1722689075630255,4
original_electronic_3,VEC;avg_d_valence_electrons;mag_moment_mean,3,20.0,80.0,141,34,8,97,10,26,0.4444444444444444,0.23529411764705882,0.9065420560747663,0.5709180868609126,0.30769230769230765,0.1818149312193603,0.24113475177304963,1.8431372549019607,4
HEA_VEC_sigma,VEC;sigma,2,0.0,100.0,141,34,24,71,36,10,0.4,0.7058823529411765,0.6635514018691588,0.6847168774051677,0.5106382978723405,0.31963165736828064,0.24113475177304963,1.6588235294117648,4
HEA_VEC_sigma,VEC;sigma,2,2.5,97.5,141,34,20,78,29,14,0.40816326530612246,0.5882352941176471,0.7289719626168224,0.6586036283672347,0.48192771084337355,0.2849590851060326,0.24113475177304963,1.6926770708283314,4
HEA_VEC_sigma,VEC;sigma,2,5.0,95.0,141,34,16,81,26,18,0.38095238095238093,0.47058823529411764,0.7570093457943925,0.613798790544255,0.42105263157894735,0.21289072792148891,0.24113475177304963,1.5798319327731092,4
HEA_VEC_sigma,VEC;sigma,2,10.0,90.0,141,34,15,83,24,19,0.38461538461538464,0.4411764705882353,0.7757009345794392,0.6084387025838373,0.4109589041095891,0.20740215588994412,0.24113475177304963,1.5950226244343892,4
HEA_VEC_sigma,VEC;sigma,2,15.0,85.0,141,34,15,84,23,19,0.39473684210526316,0.4411764705882353,0.7850467289719626,0.6131115997800989,0.41666666666666663,0.21810121109839425,0.24113475177304963,1.6369969040247678,4
HEA_VEC_sigma,VEC;sigma,2,20.0,80.0,141,34,14,88,19,20,0.42424242424242425,0.4117647058823529,0.822429906542056,0.6170973062122045,0.41791044776119407,0.23661343463180487,0.24113475177304963,1.7593582887700536,4
HEA_VEC_sigma_dHmix_dSmix,VEC;sigma;dHmix;dSmix,4,0.0,100.0,141,34,18,86,21,16,0.46153846153846156,0.5294117647058824,0.8037383177570093,0.6665750412314458,0.4931506849315069,0.3185949466902564,0.24113475177304963,1.9140271493212673,4
HEA_VEC_sigma_dHmix_dSmix,VEC;sigma;dHmix;dSmix,4,2.5,97.5,141,34,14,90,17,20,0.45161290322580644,0.4117647058823529,0.8411214953271028,0.6264431006047279,0.4307692307692308,0.26120367953598517,0.24113475177304963,1.872865275142315,4
HEA_VEC_sigma_dHmix_dSmix,VEC;sigma;dHmix;dSmix,4,5.0,95.0,141,34,9,93,14,25,0.391304347826087,0.2647058823529412,0.8691588785046729,0.566932380428807,0.3157894736842105,0.15498607936354858,0.24113475177304963,1.622762148337596,4
HEA_VEC_sigma_dHmix_dSmix,VEC;sigma;dHmix;dSmix,4,10.0,90.0,141,34,8,102,5,26,0.6153846153846154,0.23529411764705882,0.9532710280373832,0.594282572842221,0.3404255319148936,0.2788149824432181,0.24113475177304963,2.552036199095023,4
HEA_VEC_sigma_dHmix_dSmix,VEC;sigma;dHmix;dSmix,4,15.0,85.0,141,34,5,103,4,29,0.5555555555555556,0.14705882352941177,0.9626168224299065,0.5548378229796591,0.23255813953488372,0.1919257860607156,0.24113475177304963,2.3039215686274512,4
HEA_VEC_sigma_dHmix_dSmix,VEC;sigma;dHmix;dSmix,4,20.0,80.0,141,34,2,105,2,32,0.5,0.058823529411764705,0.9813084112149533,0.520065970313359,0.10526315789473684,0.1034025452846876,0.24113475177304963,2.073529411764706,4
SHAP_top_2,mag_moment_mean;avg_d_valence_electrons,2,0.0,100.0,141,34,23,76,31,11,0.42592592592592593,0.6764705882352942,0.7102803738317757,0.6933754810335349,0.5227272727272728,0.34033470979777986,0.24113475177304963,1.766339869281046,5
SHAP_top_2,mag_moment_mean;avg_d_valence_electrons,2,2.5,97.5,141,34,15,76,31,19,0.32608695652173914,0.4411764705882353,0.7102803738317757,0.5757284222100054,0.375,0.13819092791245646,0.24113475177304963,1.35230179028133,5
SHAP_top_2,mag_moment_mean;avg_d_valence_electrons,2,5.0,95.0,141,34,12,93,14,22,0.46153846153846156,0.35294117647058826,0.8691588785046729,0.6110500274876306,0.4000000000000001,0.24498777829048812,0.24113475177304963,1.9140271493212673,5
SHAP_top_2,mag_moment_mean;avg_d_valence_electrons,2,10.0,90.0,141,34,11,97,10,23,0.5238095238095238,0.3235294117647059,0.9065420560747663,0.6150357339197361,0.39999999999999997,0.2764355163057983,0.24113475177304963,2.1722689075630255,5
SHAP_top_2,mag_moment_mean;avg_d_valence_electrons,2,15.0,85.0,141,34,11,98,9,23,0.55,0.3235294117647059,0.9158878504672897,0.6197086311159978,0.4074074074074075,0.2935479992316772,0.24113475177304963,2.280882352941177,5
SHAP_top_2,mag_moment_mean;avg_d_valence_electrons,2,20.0,80.0,141,34,8,98,9,26,0.47058823529411764,0.23529411764705882,0.9158878504672897,0.5755909840571742,0.3137254901960785,0.19860768025436662,0.24113475177304963,1.9515570934256057,5
SHAP_VEC_anchor_2,VEC;mag_moment_mean,2,0.0,100.0,141,34,23,72,35,11,0.39655172413793105,0.6764705882352942,0.6728971962616822,0.6746838922484881,0.5,0.30371144648932263,0.24113475177304963,1.6445233265720083,5
SHAP_VEC_anchor_2,VEC;mag_moment_mean,2,2.5,97.5,141,34,17,72,35,17,0.3269230769230769,0.5,0.6728971962616822,0.5864485981308412,0.39534883720930236,0.1532931056575423,0.24113475177304963,1.3557692307692308,5
SHAP_VEC_anchor_2,VEC;mag_moment_mean,2,5.0,95.0,141,34,14,89,18,20,0.4375,0.4117647058823529,0.8317757009345794,0.6217702034084662,0.42424242424242425,0.24872196285207532,0.24113475177304963,1.8143382352941178,5
SHAP_VEC_anchor_2,VEC;mag_moment_mean,2,10.0,90.0,141,34,11,94,13,23,0.4583333333333333,0.3235294117647059,0.8785046728971962,0.6010170423309511,0.3793103448275862,0.22996272166813253,0.24113475177304963,1.9007352941176472,5
SHAP_VEC_anchor_2,VEC;mag_moment_mean,2,15.0,85.0,141,34,11,95,12,23,0.4782608695652174,0.3235294117647059,0.8878504672897196,0.6056899395272127,0.3859649122807018,0.24473161197242063,0.24113475177304963,1.983375959079284,5
SHAP_VEC_anchor_2,VEC;mag_moment_mean,2,20.0,80.0,141,34,8,96,11,26,0.42105263157894735,0.23529411764705882,0.897196261682243,0.5662451896646509,0.3018867924528302,0.16598122865050982,0.24113475177304963,1.7461300309597523,5
SHAP_top_3,mag_moment_mean;avg_d_valence_electrons;melting_point_mean,3,0.0,100.0,141,34,20,96,11,14,0.6451612903225806,0.5882352941176471,0.897196261682243,0.742715777899945,0.6153846153846154,0.5013974978919019,0.24113475177304963,2.675521821631879,5
SHAP_top_3,mag_moment_mean;avg_d_valence_electrons;melting_point_mean,3,2.5,97.5,141,34,11,97,10,23,0.5238095238095238,0.3235294117647059,0.9065420560747663,0.6150357339197361,0.39999999999999997,0.2764355163057983,0.24113475177304963,2.1722689075630255,5
SHAP_top_3,mag_moment_mean;avg_d_valence_electrons;melting_point_mean,3,5.0,95.0,141,34,8,98,9,26,0.47058823529411764,0.23529411764705882,0.9158878504672897,0.5755909840571742,0.3137254901960785,0.19860768025436662,0.24113475177304963,1.9515570934256057,5
SHAP_top_3,mag_moment_mean;avg_d_valence_electrons;melting_point_mean,3,10.0,90.0,141,34,7,101,6,27,0.5384615384615384,0.20588235294117646,0.9439252336448598,0.5749037932930181,0.2978723404255319,0.22150752978360622,0.24113475177304963,2.233031674208145,5
SHAP_top_3,mag_moment_mean;avg_d_valence_electrons;melting_point_mean,3,15.0,85.0,141,34,5,102,5,29,0.5,0.14705882352941177,0.9532710280373832,0.5501649257833975,0.22727272727272727,0.16719599465115612,0.24113475177304963,2.073529411764706,5
SHAP_top_3,mag_moment_mean;avg_d_valence_electrons;melting_point_mean,3,20.0,80.0,141,34,4,102,5,30,0.4444444444444444,0.11764705882352941,0.9532710280373832,0.5354590434304562,0.18604651162790695,0.12410238797910933,0.24113475177304963,1.8431372549019607,5
SHAP_VEC_anchor_3,VEC;mag_moment_mean;avg_d_valence_electrons,3,0.0,100.0,141,34,22,76,31,12,0.41509433962264153,0.6470588235294118,0.7102803738317757,0.6786695986805937,0.5057471264367817,0.31559690394947193,0.24113475177304963,1.72142064372919,5
SHAP_VEC_anchor_3,VEC;mag_moment_mean;avg_d_valence_electrons,3,2.5,97.5,141,34,14,76,31,20,0.3111111111111111,0.4117647058823529,0.7102803738317757,0.5610225398570643,0.35443037974683544,0.11199786641597191,0.24113475177304963,1.2901960784313726,5
SHAP_VEC_anchor_3,VEC;mag_moment_mean;avg_d_valence_electrons,3,5.0,95.0,141,34,12,93,14,22,0.46153846153846156,0.35294117647058826,0.8691588785046729,0.6110500274876306,0.4000000000000001,0.24498777829048812,0.24113475177304963,1.9140271493212673,5
SHAP_VEC_anchor_3,VEC;mag_moment_mean;avg_d_valence_electrons,3,10.0,90.0,141,34,11,97,10,23,0.5238095238095238,0.3235294117647059,0.9065420560747663,0.6150357339197361,0.39999999999999997,0.2764355163057983,0.24113475177304963,2.1722689075630255,5
SHAP_VEC_anchor_3,VEC;mag_moment_mean;avg_d_valence_electrons,3,15.0,85.0,141,34,11,98,9,23,0.55,0.3235294117647059,0.9158878504672897,0.6197086311159978,0.4074074074074075,0.2935479992316772,0.24113475177304963,2.280882352941177,5
SHAP_VEC_anchor_3,VEC;mag_moment_mean;avg_d_valence_electrons,3,20.0,80.0,141,34,8,98,9,26,0.47058823529411764,0.23529411764705882,0.9158878504672897,0.5755909840571742,0.3137254901960785,0.19860768025436662,0.24113475177304963,1.9515570934256057,5
SHAP_top_4,mag_moment_mean;avg_d_valence_electrons;melting_point_mean;dSmix,4,0.0,100.0,141,34,15,99,8,19,0.6521739130434783,0.4411764705882353,0.9252336448598131,0.6832050577240242,0.5263157894736842,0.42422267719016477,0.24113475177304963,2.70460358056266,5
SHAP_top_4,mag_moment_mean;avg_d_valence_electrons;melting_point_mean;dSmix,4,2.5,97.5,141,34,10,100,7,24,0.5882352941176471,0.29411764705882354,0.9345794392523364,0.61434854315558,0.3921568627450981,0.3004392544938782,0.24113475177304963,2.439446366782007,5
SHAP_top_4,mag_moment_mean;avg_d_valence_electrons;melting_point_mean;dSmix,4,5.0,95.0,141,34,6,101,6,28,0.5,0.17647058823529413,0.9439252336448598,0.560197910940077,0.2608695652173913,0.18456837347029395,0.24113475177304963,2.073529411764706,5
SHAP_top_4,mag_moment_mean;avg_d_valence_electrons;melting_point_mean;dSmix,4,10.0,90.0,141,34,5,106,1,29,0.8333333333333334,0.14705882352941177,0.9906542056074766,0.5688565145684442,0.25,0.29185280324582424,0.24113475177304963,3.4558823529411766,5
SHAP_top_4,mag_moment_mean;avg_d_valence_electrons;melting_point_mean;dSmix,4,15.0,85.0,141,34,2,107,0,32,1.0,0.058823529411764705,1.0,0.5294117647058824,0.1111111111111111,0.21279431834822682,0.24113475177304963,4.147058823529412,5
SHAP_top_4,mag_moment_mean;avg_d_valence_electrons;melting_point_mean;dSmix,4,20.0,80.0,141,34,0,107,0,34,0.0,0.0,1.0,0.5,0.0,0.0,0.24113475177304963,0.0,5
SHAP_VEC_anchor_4,VEC;mag_moment_mean;avg_d_valence_electrons;melting_point_mean,4,0.0,100.0,141,34,19,96,11,15,0.6333333333333333,0.5588235294117647,0.897196261682243,0.7280098955470038,0.59375,0.47664267356768775,0.24113475177304963,2.626470588235294,5
SHAP_VEC_anchor_4,VEC;mag_moment_mean;avg_d_valence_electrons;melting_point_mean,4,2.5,97.5,141,34,10,97,10,24,0.5,0.29411764705882354,0.9065420560747663,0.600329851566795,0.37037037037037035,0.24602759981529776,0.24113475177304963,2.073529411764706,5
SHAP_VEC_anchor_4,VEC;mag_moment_mean;avg_d_valence_electrons;melting_point_mean,4,5.0,95.0,141,34,8,98,9,26,0.47058823529411764,0.23529411764705882,0.9158878504672897,0.5755909840571742,0.3137254901960785,0.19860768025436662,0.24113475177304963,1.9515570934256057,5
SHAP_VEC_anchor_4,VEC;mag_moment_mean;avg_d_valence_electrons;melting_point_mean,4,10.0,90.0,141,34,7,101,6,27,0.5384615384615384,0.20588235294117646,0.9439252336448598,0.5749037932930181,0.2978723404255319,0.22150752978360622,0.24113475177304963,2.233031674208145,5
SHAP_VEC_anchor_4,VEC;mag_moment_mean;avg_d_valence_electrons;melting_point_mean,4,15.0,85.0,141,34,5,102,5,29,0.5,0.14705882352941177,0.9532710280373832,0.5501649257833975,0.22727272727272727,0.16719599465115612,0.24113475177304963,2.073529411764706,5
SHAP_VEC_anchor_4,VEC;mag_moment_mean;avg_d_valence_electrons;melting_point_mean,4,20.0,80.0,141,34,4,102,5,30,0.4444444444444444,0.11764705882352941,0.9532710280373832,0.5354590434304562,0.18604651162790695,0.12410238797910933,0.24113475177304963,1.8431372549019607,5
original_electronic_3,VEC;avg_d_valence_electrons;mag_moment_mean,3,0.0,100.0,141,34,22,76,31,12,0.41509433962264153,0.6470588235294118,0.7102803738317757,0.6786695986805937,0.5057471264367817,0.31559690394947193,0.24113475177304963,1.72142064372919,5
original_electronic_3,VEC;avg_d_valence_electrons;mag_moment_mean,3,2.5,97.5,141,34,14,76,31,20,0.3111111111111111,0.4117647058823529,0.7102803738317757,0.5610225398570643,0.35443037974683544,0.11199786641597191,0.24113475177304963,1.2901960784313726,5
original_electronic_3,VEC;avg_d_valence_electrons;mag_moment_mean,3,5.0,95.0,141,34,12,93,14,22,0.46153846153846156,0.35294117647058826,0.8691588785046729,0.6110500274876306,0.4000000000000001,0.24498777829048812,0.24113475177304963,1.9140271493212673,5
original_electronic_3,VEC;avg_d_valence_electrons;mag_moment_mean,3,10.0,90.0,141,34,11,97,10,23,0.5238095238095238,0.3235294117647059,0.9065420560747663,0.6150357339197361,0.39999999999999997,0.2764355163057983,0.24113475177304963,2.1722689075630255,5
original_electronic_3,VEC;avg_d_valence_electrons;mag_moment_mean,3,15.0,85.0,141,34,11,98,9,23,0.55,0.3235294117647059,0.9158878504672897,0.6197086311159978,0.4074074074074075,0.2935479992316772,0.24113475177304963,2.280882352941177,5
original_electronic_3,VEC;avg_d_valence_electrons;mag_moment_mean,3,20.0,80.0,141,34,8,98,9,26,0.47058823529411764,0.23529411764705882,0.9158878504672897,0.5755909840571742,0.3137254901960785,0.19860768025436662,0.24113475177304963,1.9515570934256057,5
HEA_VEC_sigma,VEC;sigma,2,0.0,100.0,141,34,24,72,35,10,0.4067796610169492,0.7058823529411765,0.6728971962616822,0.6893897746014294,0.5161290322580646,0.3284618526911817,0.24113475177304963,1.6869391824526423,5
HEA_VEC_sigma,VEC;sigma,2,2.5,97.5,141,34,22,79,28,12,0.44,0.6470588235294118,0.7383177570093458,0.6926882902693787,0.5238095238095238,0.3445965839872454,0.24113475177304963,1.8247058823529412,5
HEA_VEC_sigma,VEC;sigma,2,5.0,95.0,141,34,16,82,25,18,0.3902439024390244,0.47058823529411764,0.7663551401869159,0.6184716877405168,0.4266666666666667,0.22319475781972914,0.24113475177304963,1.618364418938307,5
HEA_VEC_sigma,VEC;sigma,2,10.0,90.0,141,34,15,83,24,19,0.38461538461538464,0.4411764705882353,0.7757009345794392,0.6084387025838373,0.4109589041095891,0.20740215588994412,0.24113475177304963,1.5950226244343892,5
HEA_VEC_sigma,VEC;sigma,2,15.0,85.0,141,34,15,85,22,19,0.40540540540540543,0.4411764705882353,0.794392523364486,0.6177844969763606,0.4225352112676056,0.22905086851694872,0.24113475177304963,1.681240063593005,5
HEA_VEC_sigma,VEC;sigma,2,20.0,80.0,141,34,14,89,18,20,0.4375,0.4117647058823529,0.8317757009345794,0.6217702034084662,0.42424242424242425,0.24872196285207532,0.24113475177304963,1.8143382352941178,5
HEA_VEC_sigma_dHmix_dSmix,VEC;sigma;dHmix;dSmix,4,0.0,100.0,141,34,18,88,19,16,0.4864864864864865,0.5294117647058824,0.822429906542056,0.6759208356239692,0.5070422535211269,0.34210631470442754,0.24113475177304963,2.017488076311606,5
HEA_VEC_sigma_dHmix_dSmix,VEC;sigma;dHmix;dSmix,4,2.5,97.5,141,34,16,92,15,18,0.5161290322580645,0.47058823529411764,0.8598130841121495,0.6652006597031336,0.4923076923076923,0.3412682856546241,0.24113475177304963,2.140417457305503,5
HEA_VEC_sigma_dHmix_dSmix,VEC;sigma;dHmix;dSmix,4,5.0,95.0,141,34,9,94,13,25,0.4090909090909091,0.2647058823529412,0.8785046728971962,0.5716052776250687,0.3214285714285714,0.1688190899623693,0.24113475177304963,1.6965240641711232,5
HEA_VEC_sigma_dHmix_dSmix,VEC;sigma;dHmix;dSmix,4,10.0,90.0,141,34,8,101,6,26,0.5714285714285714,0.23529411764705882,0.9439252336448598,0.5896096756459593,0.3333333333333333,0.25636006324320076,0.24113475177304963,2.369747899159664,5
HEA_VEC_sigma_dHmix_dSmix,VEC;sigma;dHmix;dSmix,4,15.0,85.0,141,34,5,103,4,29,0.5555555555555556,0.14705882352941177,0.9626168224299065,0.5548378229796591,0.23255813953488372,0.1919257860607156,0.24113475177304963,2.3039215686274512,5
HEA_VEC_sigma_dHmix_dSmix,VEC;sigma;dHmix;dSmix,4,20.0,80.0,141,34,2,106,1,32,0.6666666666666666,0.058823529411764705,0.9906542056074766,0.5247388675096206,0.10810810810810811,0.14666989706145558,0.24113475177304963,2.764705882352941,5
SHAP_top_2,mag_moment_mean;avg_d_valence_electrons,2,0.0,100.0,141,34,24,72,35,10,0.4067796610169492,0.7058823529411765,0.6728971962616822,0.6893897746014294,0.5161290322580646,0.3284618526911817,0.24113475177304963,1.6869391824526423,6
SHAP_top_2,mag_moment_mean;avg_d_valence_electrons,2,2.5,97.5,141,34,16,75,32,18,0.3333333333333333,0.47058823529411764,0.7009345794392523,0.585761407366685,0.39024390243902435,0.15484284754501068,0.24113475177304963,1.3823529411764706,6
SHAP_top_2,mag_moment_mean;avg_d_valence_electrons,2,5.0,95.0,141,34,12,95,12,22,0.5,0.35294117647058826,0.8878504672897196,0.620395821880154,0.41379310344827586,0.27407801929426406,0.24113475177304963,2.073529411764706,6
SHAP_top_2,mag_moment_mean;avg_d_valence_electrons,2,10.0,90.0,141,34,11,97,10,23,0.5238095238095238,0.3235294117647059,0.9065420560747663,0.6150357339197361,0.39999999999999997,0.2764355163057983,0.24113475177304963,2.1722689075630255,6
SHAP_top_2,mag_moment_mean;avg_d_valence_electrons,2,15.0,85.0,141,34,11,98,9,23,0.55,0.3235294117647059,0.9158878504672897,0.6197086311159978,0.4074074074074075,0.2935479992316772,0.24113475177304963,2.280882352941177,6
SHAP_top_2,mag_moment_mean;avg_d_valence_electrons,2,20.0,80.0,141,34,8,98,9,26,0.47058823529411764,0.23529411764705882,0.9158878504672897,0.5755909840571742,0.3137254901960785,0.19860768025436662,0.24113475177304963,1.9515570934256057,6
SHAP_VEC_anchor_2,VEC;mag_moment_mean,2,0.0,100.0,141,34,24,68,39,10,0.38095238095238093,0.7058823529411765,0.6355140186915887,0.6706981858163826,0.4948453608247422,0.29374648087774863,0.24113475177304963,1.5798319327731092,6
SHAP_VEC_anchor_2,VEC;mag_moment_mean,2,2.5,97.5,141,34,18,71,36,16,0.3333333333333333,0.5294117647058824,0.6635514018691588,0.5964815832875205,0.409090909090909,0.16980452471786886,0.24113475177304963,1.3823529411764706,6
SHAP_VEC_anchor_2,VEC;mag_moment_mean,2,5.0,95.0,141,34,14,91,16,20,0.4666666666666667,0.4117647058823529,0.8504672897196262,0.6311159978009895,0.43749999999999994,0.274091085342721,0.24113475177304963,1.935294117647059,6
SHAP_VEC_anchor_2,VEC;mag_moment_mean,2,10.0,90.0,141,34,11,94,13,23,0.4583333333333333,0.3235294117647059,0.8785046728971962,0.6010170423309511,0.3793103448275862,0.22996272166813253,0.24113475177304963,1.9007352941176472,6
SHAP_VEC_anchor_2,VEC;mag_moment_mean,2,15.0,85.0,141,34,11,95,12,23,0.4782608695652174,0.3235294117647059,0.8878504672897196,0.6056899395272127,0.3859649122807018,0.24473161197242063,0.24113475177304963,1.983375959079284,6
SHAP_VEC_anchor_2,VEC;mag_moment_mean,2,20.0,80.0,141,34,8,95,12,26,0.4,0.23529411764705882,0.8878504672897196,0.5615722924683892,0.29629629629629634,0.1509868009825389,0.24113475177304963,1.6588235294117648,6
SHAP_top_3,mag_moment_mean;avg_d_valence_electrons;melting_point_mean,3,0.0,100.0,141,34,21,92,15,13,0.5833333333333334,0.6176470588235294,0.8598130841121495,0.7387300714678395,0.6,0.4684061312339814,0.24113475177304963,2.419117647058824,6
SHAP_top_3,mag_moment_mean;avg_d_valence_electrons;melting_point_mean,3,2.5,97.5,141,34,13,96,11,21,0.5416666666666666,0.38235294117647056,0.897196261682243,0.6397746014293568,0.44827586206896547,0.3181933169203956,0.24113475177304963,2.2463235294117645,6
SHAP_top_3,mag_moment_mean;avg_d_valence_electrons;melting_point_mean,3,5.0,95.0,141,34,8,99,8,26,0.5,0.23529411764705882,0.9252336448598131,0.580263881253436,0.31999999999999995,0.216504287837462,0.24113475177304963,2.073529411764706,6
SHAP_top_3,mag_moment_mean;avg_d_valence_electrons;melting_point_mean,3,10.0,90.0,141,34,6,101,6,28,0.5,0.17647058823529413,0.9439252336448598,0.560197910940077,0.2608695652173913,0.18456837347029395,0.24113475177304963,2.073529411764706,6
SHAP_top_3,mag_moment_mean;avg_d_valence_electrons;melting_point_mean,3,15.0,85.0,141,34,5,102,5,29,0.5,0.14705882352941177,0.9532710280373832,0.5501649257833975,0.22727272727272727,0.16719599465115612,0.24113475177304963,2.073529411764706,6
SHAP_top_3,mag_moment_mean;avg_d_valence_electrons;melting_point_mean,3,20.0,80.0,141,34,4,102,5,30,0.4444444444444444,0.11764705882352941,0.9532710280373832,0.5354590434304562,0.18604651162790695,0.12410238797910933,0.24113475177304963,1.8431372549019607,6
SHAP_VEC_anchor_3,VEC;mag_moment_mean;avg_d_valence_electrons,3,0.0,100.0,141,34,23,72,35,11,0.39655172413793105,0.6764705882352942,0.6728971962616822,0.6746838922484881,0.5,0.30371144648932263,0.24113475177304963,1.6445233265720083,6
SHAP_VEC_anchor_3,VEC;mag_moment_mean;avg_d_valence_electrons,3,2.5,97.5,141,34,15,75,32,19,0.3191489361702128,0.4411764705882353,0.7009345794392523,0.5710555250137438,0.37037037037037035,0.12895742123886605,0.24113475177304963,1.323529411764706,6
SHAP_VEC_anchor_3,VEC;mag_moment_mean;avg_d_valence_electrons,3,5.0,95.0,141,34,12,95,12,22,0.5,0.35294117647058826,0.8878504672897196,0.620395821880154,0.41379310344827586,0.27407801929426406,0.24113475177304963,2.073529411764706,6
SHAP_VEC_anchor_3,VEC;mag_moment_mean;avg_d_valence_electrons,3,10.0,90.0,141,34,11,97,10,23,0.5238095238095238,0.3235294117647059,0.9065420560747663,0.6150357339197361,0.39999999999999997,0.2764355163057983,0.24113475177304963,2.1722689075630255,6
SHAP_VEC_anchor_3,VEC;mag_moment_mean;avg_d_valence_electrons,3,15.0,85.0,141,34,11,98,9,23,0.55,0.3235294117647059,0.9158878504672897,0.6197086311159978,0.4074074074074075,0.2935479992316772,0.24113475177304963,2.280882352941177,6
SHAP_VEC_anchor_3,VEC;mag_moment_mean;avg_d_valence_electrons,3,20.0,80.0,141,34,8,98,9,26,0.47058823529411764,0.23529411764705882,0.9158878504672897,0.5755909840571742,0.3137254901960785,0.19860768025436662,0.24113475177304963,1.9515570934256057,6
SHAP_top_4,mag_moment_mean;avg_d_valence_electrons;melting_point_mean;dSmix,4,0.0,100.0,141,34,16,95,12,18,0.5714285714285714,0.47058823529411764,0.8878504672897196,0.6792193512919187,0.5161290322580646,0.38435099227413533,0.24113475177304963,2.369747899159664,6
SHAP_top_4,mag_moment_mean;avg_d_valence_electrons;melting_point_mean;dSmix,4,2.5,97.5,141,34,12,99,8,22,0.6,0.35294117647058826,0.9252336448598131,0.6390874106652007,0.4444444444444445,0.3410683986480566,0.24113475177304963,2.488235294117647,6
SHAP_top_4,mag_moment_mean;avg_d_valence_electrons;melting_point_mean;dSmix,4,5.0,95.0,141,34,6,102,5,28,0.5454545454545454,0.17647058823529413,0.9532710280373832,0.5648708081363386,0.26666666666666666,0.2069391364877178,0.24113475177304963,2.2620320855614975,6
SHAP_top_4,mag_moment_mean;avg_d_valence_electrons;melting_point_mean;dSmix,4,10.0,90.0,141,34,4,106,1,30,0.8,0.11764705882352941,0.9906542056074766,0.554150632215503,0.20512820512820512,0.25050155038212363,0.24113475177304963,3.3176470588235296,6
SHAP_top_4,mag_moment_mean;avg_d_valence_electrons;melting_point_mean;dSmix,4,15.0,85.0,141,34,2,107,0,32,1.0,0.058823529411764705,1.0,0.5294117647058824,0.1111111111111111,0.21279431834822682,0.24113475177304963,4.147058823529412,6
SHAP_top_4,mag_moment_mean;avg_d_valence_electrons;melting_point_mean;dSmix,4,20.0,80.0,141,34,0,107,0,34,0.0,0.0,1.0,0.5,0.0,0.0,0.24113475177304963,0.0,6
SHAP_VEC_anchor_4,VEC;mag_moment_mean;avg_d_valence_electrons;melting_point_mean,4,0.0,100.0,141,34,20,92,15,14,0.5714285714285714,0.5882352941176471,0.8598130841121495,0.7240241891148983,0.5797101449275363,0.4436794381132237,0.24113475177304963,2.369747899159664,6
SHAP_VEC_anchor_4,VEC;mag_moment_mean;avg_d_valence_electrons;melting_point_mean,4,2.5,97.5,141,34,12,96,11,22,0.5217391304347826,0.35294117647058826,0.897196261682243,0.6250687190764156,0.4210526315789474,0.2896043782768567,0.24113475177304963,2.163682864450128,6
SHAP_VEC_anchor_4,VEC;mag_moment_mean;avg_d_valence_electrons;melting_point_mean,4,5.0,95.0,141,34,8,99,8,26,0.5,0.23529411764705882,0.9252336448598131,0.580263881253436,0.31999999999999995,0.216504287837462,0.24113475177304963,2.073529411764706,6
SHAP_VEC_anchor_4,VEC;mag_moment_mean;avg_d_valence_electrons;melting_point_mean,4,10.0,90.0,141,34,6,101,6,28,0.5,0.17647058823529413,0.9439252336448598,0.560197910940077,0.2608695652173913,0.18456837347029395,0.24113475177304963,2.073529411764706,6
SHAP_VEC_anchor_4,VEC;mag_moment_mean;avg_d_valence_electrons;melting_point_mean,4,15.0,85.0,141,34,5,102,5,29,0.5,0.14705882352941177,0.9532710280373832,0.5501649257833975,0.22727272727272727,0.16719599465115612,0.24113475177304963,2.073529411764706,6
SHAP_VEC_anchor_4,VEC;mag_moment_mean;avg_d_valence_electrons;melting_point_mean,4,20.0,80.0,141,34,4,102,5,30,0.4444444444444444,0.11764705882352941,0.9532710280373832,0.5354590434304562,0.18604651162790695,0.12410238797910933,0.24113475177304963,1.8431372549019607,6
original_electronic_3,VEC;avg_d_valence_electrons;mag_moment_mean,3,0.0,100.0,141,34,23,72,35,11,0.39655172413793105,0.6764705882352942,0.6728971962616822,0.6746838922484881,0.5,0.30371144648932263,0.24113475177304963,1.6445233265720083,6
original_electronic_3,VEC;avg_d_valence_electrons;mag_moment_mean,3,2.5,97.5,141,34,15,75,32,19,0.3191489361702128,0.4411764705882353,0.7009345794392523,0.5710555250137438,0.37037037037037035,0.12895742123886605,0.24113475177304963,1.323529411764706,6
original_electronic_3,VEC;avg_d_valence_electrons;mag_moment_mean,3,5.0,95.0,141,34,12,95,12,22,0.5,0.35294117647058826,0.8878504672897196,0.620395821880154,0.41379310344827586,0.27407801929426406,0.24113475177304963,2.073529411764706,6
original_electronic_3,VEC;avg_d_valence_electrons;mag_moment_mean,3,10.0,90.0,141,34,11,97,10,23,0.5238095238095238,0.3235294117647059,0.9065420560747663,0.6150357339197361,0.39999999999999997,0.2764355163057983,0.24113475177304963,2.1722689075630255,6
original_electronic_3,VEC;avg_d_valence_electrons;mag_moment_mean,3,15.0,85.0,141,34,11,98,9,23,0.55,0.3235294117647059,0.9158878504672897,0.6197086311159978,0.4074074074074075,0.2935479992316772,0.24113475177304963,2.280882352941177,6
original_electronic_3,VEC;avg_d_valence_electrons;mag_moment_mean,3,20.0,80.0,141,34,8,98,9,26,0.47058823529411764,0.23529411764705882,0.9158878504672897,0.5755909840571742,0.3137254901960785,0.19860768025436662,0.24113475177304963,1.9515570934256057,6
HEA_VEC_sigma,VEC;sigma,2,0.0,100.0,141,34,24,74,33,10,0.42105263157894735,0.7058823529411765,0.6915887850467289,0.6987355689939527,0.5274725274725274,0.34646540376909024,0.24113475177304963,1.7461300309597523,6
HEA_VEC_sigma,VEC;sigma,2,2.5,97.5,141,34,20,78,29,14,0.40816326530612246,0.5882352941176471,0.7289719626168224,0.6586036283672347,0.48192771084337355,0.2849590851060326,0.24113475177304963,1.6926770708283314,6
HEA_VEC_sigma,VEC;sigma,2,5.0,95.0,141,34,16,81,26,18,0.38095238095238093,0.47058823529411764,0.7570093457943925,0.613798790544255,0.42105263157894735,0.21289072792148891,0.24113475177304963,1.5798319327731092,6
HEA_VEC_sigma,VEC;sigma,2,10.0,90.0,141,34,15,83,24,19,0.38461538461538464,0.4411764705882353,0.7757009345794392,0.6084387025838373,0.4109589041095891,0.20740215588994412,0.24113475177304963,1.5950226244343892,6
HEA_VEC_sigma,VEC;sigma,2,15.0,85.0,141,34,15,89,18,19,0.45454545454545453,0.4411764705882353,0.8317757009345794,0.6364760857614074,0.4477611940298507,0.2757712917715754,0.24113475177304963,1.8850267379679144,6
HEA_VEC_sigma,VEC;sigma,2,20.0,80.0,141,34,14,89,18,20,0.4375,0.4117647058823529,0.8317757009345794,0.6217702034084662,0.42424242424242425,0.24872196285207532,0.24113475177304963,1.8143382352941178,6
HEA_VEC_sigma_dHmix_dSmix,VEC;sigma;dHmix;dSmix,4,0.0,100.0,141,34,18,87,20,16,0.47368421052631576,0.5294117647058824,0.8130841121495327,0.6712479384277075,0.5,0.3301994034369371,0.24113475177304963,1.9643962848297214,6
HEA_VEC_sigma_dHmix_dSmix,VEC;sigma;dHmix;dSmix,4,2.5,97.5,141,34,14,90,17,20,0.45161290322580644,0.4117647058823529,0.8411214953271028,0.6264431006047279,0.4307692307692308,0.26120367953598517,0.24113475177304963,1.872865275142315,6
HEA_VEC_sigma_dHmix_dSmix,VEC;sigma;dHmix;dSmix,4,5.0,95.0,141,34,9,93,14,25,0.391304347826087,0.2647058823529412,0.8691588785046729,0.566932380428807,0.3157894736842105,0.15498607936354858,0.24113475177304963,1.622762148337596,6
HEA_VEC_sigma_dHmix_dSmix,VEC;sigma;dHmix;dSmix,4,10.0,90.0,141,34,6,101,6,28,0.5,0.17647058823529413,0.9439252336448598,0.560197910940077,0.2608695652173913,0.18456837347029395,0.24113475177304963,2.073529411764706,6
HEA_VEC_sigma_dHmix_dSmix,VEC;sigma;dHmix;dSmix,4,15.0,85.0,141,34,4,103,4,30,0.5,0.11764705882352941,0.9626168224299065,0.540131940626718,0.19047619047619047,0.14841598888772697,0.24113475177304963,2.073529411764706,6
HEA_VEC_sigma_dHmix_dSmix,VEC;sigma;dHmix;dSmix,4,20.0,80.0,141,34,2,105,2,32,0.5,0.058823529411764705,0.9813084112149533,0.520065970313359,0.10526315789473684,0.1034025452846876,0.24113475177304963,2.073529411764706,6
SHAP_top_2,mag_moment_mean;avg_d_valence_electrons,2,0.0,100.0,141,34,24,78,29,10,0.4528301886792453,0.7058823529411765,0.7289719626168224,0.7174271577789995,0.5517241379310345,0.38405715542158814,0.24113475177304963,1.8779134295227526,7
SHAP_top_2,mag_moment_mean;avg_d_valence_electrons,2,2.5,97.5,141,34,15,81,26,19,0.36585365853658536,0.4411764705882353,0.7570093457943925,0.5990929081913139,0.4,0.18668610253831172,0.24113475177304963,1.517216642754663,7
SHAP_top_2,mag_moment_mean;avg_d_valence_electrons,2,5.0,95.0,141,34,12,93,14,22,0.46153846153846156,0.35294117647058826,0.8691588785046729,0.6110500274876306,0.4000000000000001,0.24498777829048812,0.24113475177304963,1.9140271493212673,7
SHAP_top_2,mag_moment_mean;avg_d_valence_electrons,2,10.0,90.0,141,34,11,97,10,23,0.5238095238095238,0.3235294117647059,0.9065420560747663,0.6150357339197361,0.39999999999999997,0.2764355163057983,0.24113475177304963,2.1722689075630255,7
SHAP_top_2,mag_moment_mean;avg_d_valence_electrons,2,15.0,85.0,141,34,11,97,10,23,0.5238095238095238,0.3235294117647059,0.9065420560747663,0.6150357339197361,0.39999999999999997,0.2764355163057983,0.24113475177304963,2.1722689075630255,7
SHAP_top_2,mag_moment_mean;avg_d_valence_electrons,2,20.0,80.0,141,34,8,97,10,26,0.4444444444444444,0.23529411764705882,0.9065420560747663,0.5709180868609126,0.30769230769230765,0.1818149312193603,0.24113475177304963,1.8431372549019607,7
SHAP_VEC_anchor_2,VEC;mag_moment_mean,2,0.0,100.0,141,34,24,74,33,10,0.42105263157894735,0.7058823529411765,0.6915887850467289,0.6987355689939527,0.5274725274725274,0.34646540376909024,0.24113475177304963,1.7461300309597523,7
SHAP_VEC_anchor_2,VEC;mag_moment_mean,2,2.5,97.5,141,34,17,77,30,17,0.3617021276595745,0.5,0.719626168224299,0.6098130841121495,0.4197530864197531,0.1992978328237021,0.24113475177304963,1.5000000000000002,7
SHAP_VEC_anchor_2,VEC;mag_moment_mean,2,5.0,95.0,141,34,14,89,18,20,0.4375,0.4117647058823529,0.8317757009345794,0.6217702034084662,0.42424242424242425,0.24872196285207532,0.24113475177304963,1.8143382352941178,7
SHAP_VEC_anchor_2,VEC;mag_moment_mean,2,10.0,90.0,141,34,11,94,13,23,0.4583333333333333,0.3235294117647059,0.8785046728971962,0.6010170423309511,0.3793103448275862,0.22996272166813253,0.24113475177304963,1.9007352941176472,7
SHAP_VEC_anchor_2,VEC;mag_moment_mean,2,15.0,85.0,141,34,11,94,13,23,0.4583333333333333,0.3235294117647059,0.8785046728971962,0.6010170423309511,0.3793103448275862,0.22996272166813253,0.24113475177304963,1.9007352941176472,7
SHAP_VEC_anchor_2,VEC;mag_moment_mean,2,20.0,80.0,141,34,9,94,13,25,0.4090909090909091,0.2647058823529412,0.8785046728971962,0.5716052776250687,0.3214285714285714,0.1688190899623693,0.24113475177304963,1.6965240641711232,7
SHAP_top_3,mag_moment_mean;avg_d_valence_electrons;melting_point_mean,3,0.0,100.0,141,34,21,92,15,13,0.5833333333333334,0.6176470588235294,0.8598130841121495,0.7387300714678395,0.6,0.4684061312339814,0.24113475177304963,2.419117647058824,7
SHAP_top_3,mag_moment_mean;avg_d_valence_electrons;melting_point_mean,3,2.5,97.5,141,34,13,96,11,21,0.5416666666666666,0.38235294117647056,0.897196261682243,0.6397746014293568,0.44827586206896547,0.3181933169203956,0.24113475177304963,2.2463235294117645,7
SHAP_top_3,mag_moment_mean;avg_d_valence_electrons;melting_point_mean,3,5.0,95.0,141,34,8,98,9,26,0.47058823529411764,0.23529411764705882,0.9158878504672897,0.5755909840571742,0.3137254901960785,0.19860768025436662,0.24113475177304963,1.9515570934256057,7
SHAP_top_3,mag_moment_mean;avg_d_valence_electrons;melting_point_mean,3,10.0,90.0,141,34,6,101,6,28,0.5,0.17647058823529413,0.9439252336448598,0.560197910940077,0.2608695652173913,0.18456837347029395,0.24113475177304963,2.073529411764706,7
SHAP_top_3,mag_moment_mean;avg_d_valence_electrons;melting_point_mean,3,15.0,85.0,141,34,5,101,6,29,0.45454545454545453,0.14705882352941177,0.9439252336448598,0.5454920285871357,0.22222222222222224,0.14512045376575125,0.24113475177304963,1.8850267379679144,7
SHAP_top_3,mag_moment_mean;avg_d_valence_electrons;melting_point_mean,3,20.0,80.0,141,34,4,101,6,30,0.4,0.11764705882352941,0.9439252336448598,0.5307861462341946,0.1818181818181818,0.10260795288180541,0.24113475177304963,1.6588235294117648,7
SHAP_VEC_anchor_3,VEC;mag_moment_mean;avg_d_valence_electrons,3,0.0,100.0,141,34,23,78,29,11,0.4423076923076923,0.6764705882352942,0.7289719626168224,0.7027212754260583,0.5348837209302325,0.3594711142207868,0.24113475177304963,1.8342760180995474,7
SHAP_VEC_anchor_3,VEC;mag_moment_mean;avg_d_valence_electrons,3,2.5,97.5,141,34,14,81,26,20,0.35,0.4117647058823529,0.7570093457943925,0.5843870258383728,0.37837837837837834,0.16015715342886208,0.24113475177304963,1.451470588235294,7
SHAP_VEC_anchor_3,VEC;mag_moment_mean;avg_d_valence_electrons,3,5.0,95.0,141,34,12,93,14,22,0.46153846153846156,0.35294117647058826,0.8691588785046729,0.6110500274876306,0.4000000000000001,0.24498777829048812,0.24113475177304963,1.9140271493212673,7
SHAP_VEC_anchor_3,VEC;mag_moment_mean;avg_d_valence_electrons,3,10.0,90.0,141,34,11,97,10,23,0.5238095238095238,0.3235294117647059,0.9065420560747663,0.6150357339197361,0.39999999999999997,0.2764355163057983,0.24113475177304963,2.1722689075630255,7
SHAP_VEC_anchor_3,VEC;mag_moment_mean;avg_d_valence_electrons,3,15.0,85.0,141,34,11,97,10,23,0.5238095238095238,0.3235294117647059,0.9065420560747663,0.6150357339197361,0.39999999999999997,0.2764355163057983,0.24113475177304963,2.1722689075630255,7
SHAP_VEC_anchor_3,VEC;mag_moment_mean;avg_d_valence_electrons,3,20.0,80.0,141,34,8,97,10,26,0.4444444444444444,0.23529411764705882,0.9065420560747663,0.5709180868609126,0.30769230769230765,0.1818149312193603,0.24113475177304963,1.8431372549019607,7
SHAP_top_4,mag_moment_mean;avg_d_valence_electrons;melting_point_mean;dSmix,4,0.0,100.0,141,34,16,95,12,18,0.5714285714285714,0.47058823529411764,0.8878504672897196,0.6792193512919187,0.5161290322580646,0.38435099227413533,0.24113475177304963,2.369747899159664,7
SHAP_top_4,mag_moment_mean;avg_d_valence_electrons;melting_point_mean;dSmix,4,2.5,97.5,141,34,12,99,8,22,0.6,0.35294117647058826,0.9252336448598131,0.6390874106652007,0.4444444444444445,0.3410683986480566,0.24113475177304963,2.488235294117647,7
SHAP_top_4,mag_moment_mean;avg_d_valence_electrons;melting_point_mean;dSmix,4,5.0,95.0,141,34,6,101,6,28,0.5,0.17647058823529413,0.9439252336448598,0.560197910940077,0.2608695652173913,0.18456837347029395,0.24113475177304963,2.073529411764706,7
SHAP_top_4,mag_moment_mean;avg_d_valence_electrons;melting_point_mean;dSmix,4,10.0,90.0,141,34,4,106,1,30,0.8,0.11764705882352941,0.9906542056074766,0.554150632215503,0.20512820512820512,0.25050155038212363,0.24113475177304963,3.3176470588235296,7
SHAP_top_4,mag_moment_mean;avg_d_valence_electrons;melting_point_mean;dSmix,4,15.0,85.0,141,34,2,106,1,32,0.6666666666666666,0.058823529411764705,0.9906542056074766,0.5247388675096206,0.10810810810810811,0.14666989706145558,0.24113475177304963,2.764705882352941,7
SHAP_top_4,mag_moment_mean;avg_d_valence_electrons;melting_point_mean;dSmix,4,20.0,80.0,141,34,0,106,1,34,0.0,0.0,0.9906542056074766,0.4953271028037383,0.0,-0.04764129431384638,0.24113475177304963,0.0,7
SHAP_VEC_anchor_4,VEC;mag_moment_mean;avg_d_valence_electrons;melting_point_mean,4,0.0,100.0,141,34,20,92,15,14,0.5714285714285714,0.5882352941176471,0.8598130841121495,0.7240241891148983,0.5797101449275363,0.4436794381132237,0.24113475177304963,2.369747899159664,7
SHAP_VEC_anchor_4,VEC;mag_moment_mean;avg_d_valence_electrons;melting_point_mean,4,2.5,97.5,141,34,12,96,11,22,0.5217391304347826,0.35294117647058826,0.897196261682243,0.6250687190764156,0.4210526315789474,0.2896043782768567,0.24113475177304963,2.163682864450128,7
SHAP_VEC_anchor_4,VEC;mag_moment_mean;avg_d_valence_electrons;melting_point_mean,4,5.0,95.0,141,34,8,98,9,26,0.47058823529411764,0.23529411764705882,0.9158878504672897,0.5755909840571742,0.3137254901960785,0.19860768025436662,0.24113475177304963,1.9515570934256057,7
SHAP_VEC_anchor_4,VEC;mag_moment_mean;avg_d_valence_electrons;melting_point_mean,4,10.0,90.0,141,34,6,101,6,28,0.5,0.17647058823529413,0.9439252336448598,0.560197910940077,0.2608695652173913,0.18456837347029395,0.24113475177304963,2.073529411764706,7
SHAP_VEC_anchor_4,VEC;mag_moment_mean;avg_d_valence_electrons;melting_point_mean,4,15.0,85.0,141,34,5,101,6,29,0.45454545454545453,0.14705882352941177,0.9439252336448598,0.5454920285871357,0.22222222222222224,0.14512045376575125,0.24113475177304963,1.8850267379679144,7
SHAP_VEC_anchor_4,VEC;mag_moment_mean;avg_d_valence_electrons;melting_point_mean,4,20.0,80.0,141,34,4,101,6,30,0.4,0.11764705882352941,0.9439252336448598,0.5307861462341946,0.1818181818181818,0.10260795288180541,0.24113475177304963,1.6588235294117648,7
original_electronic_3,VEC;avg_d_valence_electrons;mag_moment_mean,3,0.0,100.0,141,34,23,78,29,11,0.4423076923076923,0.6764705882352942,0.7289719626168224,0.7027212754260583,0.5348837209302325,0.3594711142207868,0.24113475177304963,1.8342760180995474,7
original_electronic_3,VEC;avg_d_valence_electrons;mag_moment_mean,3,2.5,97.5,141,34,14,81,26,20,0.35,0.4117647058823529,0.7570093457943925,0.5843870258383728,0.37837837837837834,0.16015715342886208,0.24113475177304963,1.451470588235294,7
original_electronic_3,VEC;avg_d_valence_electrons;mag_moment_mean,3,5.0,95.0,141,34,12,93,14,22,0.46153846153846156,0.35294117647058826,0.8691588785046729,0.6110500274876306,0.4000000000000001,0.24498777829048812,0.24113475177304963,1.9140271493212673,7
original_electronic_3,VEC;avg_d_valence_electrons;mag_moment_mean,3,10.0,90.0,141,34,11,97,10,23,0.5238095238095238,0.3235294117647059,0.9065420560747663,0.6150357339197361,0.39999999999999997,0.2764355163057983,0.24113475177304963,2.1722689075630255,7
original_electronic_3,VEC;avg_d_valence_electrons;mag_moment_mean,3,15.0,85.0,141,34,11,97,10,23,0.5238095238095238,0.3235294117647059,0.9065420560747663,0.6150357339197361,0.39999999999999997,0.2764355163057983,0.24113475177304963,2.1722689075630255,7
original_electronic_3,VEC;avg_d_valence_electrons;mag_moment_mean,3,20.0,80.0,141,34,8,97,10,26,0.4444444444444444,0.23529411764705882,0.9065420560747663,0.5709180868609126,0.30769230769230765,0.1818149312193603,0.24113475177304963,1.8431372549019607,7
HEA_VEC_sigma,VEC;sigma,2,0.0,100.0,141,34,24,71,36,10,0.4,0.7058823529411765,0.6635514018691588,0.6847168774051677,0.5106382978723405,0.31963165736828064,0.24113475177304963,1.6588235294117648,7
HEA_VEC_sigma,VEC;sigma,2,2.5,97.5,141,34,22,78,29,12,0.43137254901960786,0.6470588235294118,0.7289719626168224,0.6880153930731171,0.5176470588235293,0.334771445283072,0.24113475177304963,1.7889273356401385,7
HEA_VEC_sigma,VEC;sigma,2,5.0,95.0,141,34,16,80,27,18,0.37209302325581395,0.47058823529411764,0.7476635514018691,0.6091258933479934,0.4155844155844156,0.20278783070037654,0.24113475177304963,1.543091655266758,7
HEA_VEC_sigma,VEC;sigma,2,10.0,90.0,141,34,15,83,24,19,0.38461538461538464,0.4411764705882353,0.7757009345794392,0.6084387025838373,0.4109589041095891,0.20740215588994412,0.24113475177304963,1.5950226244343892,7
HEA_VEC_sigma,VEC;sigma,2,15.0,85.0,141,34,15,84,23,19,0.39473684210526316,0.4411764705882353,0.7850467289719626,0.6131115997800989,0.41666666666666663,0.21810121109839425,0.24113475177304963,1.6369969040247678,7
HEA_VEC_sigma,VEC;sigma,2,20.0,80.0,141,34,14,84,23,20,0.3783783783783784,0.4117647058823529,0.7850467289719626,0.5984057174271578,0.39436619718309857,0.19136571978778913,0.24113475177304963,1.5691573926868045,7
HEA_VEC_sigma_dHmix_dSmix,VEC;sigma;dHmix;dSmix,4,0.0,100.0,141,34,18,86,21,16,0.46153846153846156,0.5294117647058824,0.8037383177570093,0.6665750412314458,0.4931506849315069,0.3185949466902564,0.24113475177304963,1.9140271493212673,7
HEA_VEC_sigma_dHmix_dSmix,VEC;sigma;dHmix;dSmix,4,2.5,97.5,141,34,16,90,17,18,0.48484848484848486,0.47058823529411764,0.8411214953271028,0.6558548653106102,0.4776119402985075,0.31492914891134594,0.24113475177304963,2.0106951871657754,7
HEA_VEC_sigma_dHmix_dSmix,VEC;sigma;dHmix;dSmix,4,5.0,95.0,141,34,9,93,14,25,0.391304347826087,0.2647058823529412,0.8691588785046729,0.566932380428807,0.3157894736842105,0.15498607936354858,0.24113475177304963,1.622762148337596,7
HEA_VEC_sigma_dHmix_dSmix,VEC;sigma;dHmix;dSmix,4,10.0,90.0,141,34,6,101,6,28,0.5,0.17647058823529413,0.9439252336448598,0.560197910940077,0.2608695652173913,0.18456837347029395,0.24113475177304963,2.073529411764706,7
HEA_VEC_sigma_dHmix_dSmix,VEC;sigma;dHmix;dSmix,4,15.0,85.0,141,34,5,103,4,29,0.5555555555555556,0.14705882352941177,0.9626168224299065,0.5548378229796591,0.23255813953488372,0.1919257860607156,0.24113475177304963,2.3039215686274512,7
HEA_VEC_sigma_dHmix_dSmix,VEC;sigma;dHmix;dSmix,4,20.0,80.0,141,34,2,105,2,32,0.5,0.058823529411764705,0.9813084112149533,0.520065970313359,0.10526315789473684,0.1034025452846876,0.24113475177304963,2.073529411764706,7
SHAP_top_2,mag_moment_mean;avg_d_valence_electrons,2,0.0,100.0,141,34,24,78,29,10,0.4528301886792453,0.7058823529411765,0.7289719626168224,0.7174271577789995,0.5517241379310345,0.38405715542158814,0.24113475177304963,1.8779134295227526,8
SHAP_top_2,mag_moment_mean;avg_d_valence_electrons,2,2.5,97.5,141,34,15,81,26,19,0.36585365853658536,0.4411764705882353,0.7570093457943925,0.5990929081913139,0.4,0.18668610253831172,0.24113475177304963,1.517216642754663,8
SHAP_top_2,mag_moment_mean;avg_d_valence_electrons,2,5.0,95.0,141,34,12,93,14,22,0.46153846153846156,0.35294117647058826,0.8691588785046729,0.6110500274876306,0.4000000000000001,0.24498777829048812,0.24113475177304963,1.9140271493212673,8
SHAP_top_2,mag_moment_mean;avg_d_valence_electrons,2,10.0,90.0,141,34,11,97,10,23,0.5238095238095238,0.3235294117647059,0.9065420560747663,0.6150357339197361,0.39999999999999997,0.2764355163057983,0.24113475177304963,2.1722689075630255,8
SHAP_top_2,mag_moment_mean;avg_d_valence_electrons,2,15.0,85.0,141,34,11,97,10,23,0.5238095238095238,0.3235294117647059,0.9065420560747663,0.6150357339197361,0.39999999999999997,0.2764355163057983,0.24113475177304963,2.1722689075630255,8
SHAP_top_2,mag_moment_mean;avg_d_valence_electrons,2,20.0,80.0,141,34,9,97,10,25,0.47368421052631576,0.2647058823529412,0.9065420560747663,0.5856239692138537,0.339622641509434,0.21453590342171705,0.24113475177304963,1.9643962848297214,8
SHAP_VEC_anchor_2,VEC;mag_moment_mean,2,0.0,100.0,141,34,24,74,33,10,0.42105263157894735,0.7058823529411765,0.6915887850467289,0.6987355689939527,0.5274725274725274,0.34646540376909024,0.24113475177304963,1.7461300309597523,8
SHAP_VEC_anchor_2,VEC;mag_moment_mean,2,2.5,97.5,141,34,17,77,30,17,0.3617021276595745,0.5,0.719626168224299,0.6098130841121495,0.4197530864197531,0.1992978328237021,0.24113475177304963,1.5000000000000002,8
SHAP_VEC_anchor_2,VEC;mag_moment_mean,2,5.0,95.0,141,34,14,89,18,20,0.4375,0.4117647058823529,0.8317757009345794,0.6217702034084662,0.42424242424242425,0.24872196285207532,0.24113475177304963,1.8143382352941178,8
SHAP_VEC_anchor_2,VEC;mag_moment_mean,2,10.0,90.0,141,34,11,94,13,23,0.4583333333333333,0.3235294117647059,0.8785046728971962,0.6010170423309511,0.3793103448275862,0.22996272166813253,0.24113475177304963,1.9007352941176472,8
SHAP_VEC_anchor_2,VEC;mag_moment_mean,2,15.0,85.0,141,34,11,94,13,23,0.4583333333333333,0.3235294117647059,0.8785046728971962,0.6010170423309511,0.3793103448275862,0.22996272166813253,0.24113475177304963,1.9007352941176472,8
SHAP_VEC_anchor_2,VEC;mag_moment_mean,2,20.0,80.0,141,34,9,95,12,25,0.42857142857142855,0.2647058823529412,0.8878504672897196,0.5762781748213304,0.32727272727272727,0.18329953590169423,0.24113475177304963,1.7773109243697478,8
SHAP_top_3,mag_moment_mean;avg_d_valence_electrons;melting_point_mean,3,0.0,100.0,141,34,21,92,15,13,0.5833333333333334,0.6176470588235294,0.8598130841121495,0.7387300714678395,0.6,0.4684061312339814,0.24113475177304963,2.419117647058824,8
SHAP_top_3,mag_moment_mean;avg_d_valence_electrons;melting_point_mean,3,2.5,97.5,141,34,13,96,11,21,0.5416666666666666,0.38235294117647056,0.897196261682243,0.6397746014293568,0.44827586206896547,0.3181933169203956,0.24113475177304963,2.2463235294117645,8
SHAP_top_3,mag_moment_mean;avg_d_valence_electrons;melting_point_mean,3,5.0,95.0,141,34,8,98,9,26,0.47058823529411764,0.23529411764705882,0.9158878504672897,0.5755909840571742,0.3137254901960785,0.19860768025436662,0.24113475177304963,1.9515570934256057,8
SHAP_top_3,mag_moment_mean;avg_d_valence_electrons;melting_point_mean,3,10.0,90.0,141,34,7,101,6,27,0.5384615384615384,0.20588235294117646,0.9439252336448598,0.5749037932930181,0.2978723404255319,0.22150752978360622,0.24113475177304963,2.233031674208145,8
SHAP_top_3,mag_moment_mean;avg_d_valence_electrons;melting_point_mean,3,15.0,85.0,141,34,5,101,6,29,0.45454545454545453,0.14705882352941177,0.9439252336448598,0.5454920285871357,0.22222222222222224,0.14512045376575125,0.24113475177304963,1.8850267379679144,8
SHAP_top_3,mag_moment_mean;avg_d_valence_electrons;melting_point_mean,3,20.0,80.0,141,34,4,101,6,30,0.4,0.11764705882352941,0.9439252336448598,0.5307861462341946,0.1818181818181818,0.10260795288180541,0.24113475177304963,1.6588235294117648,8
SHAP_VEC_anchor_3,VEC;mag_moment_mean;avg_d_valence_electrons,3,0.0,100.0,141,34,23,78,29,11,0.4423076923076923,0.6764705882352942,0.7289719626168224,0.7027212754260583,0.5348837209302325,0.3594711142207868,0.24113475177304963,1.8342760180995474,8
SHAP_VEC_anchor_3,VEC;mag_moment_mean;avg_d_valence_electrons,3,2.5,97.5,141,34,14,81,26,20,0.35,0.4117647058823529,0.7570093457943925,0.5843870258383728,0.37837837837837834,0.16015715342886208,0.24113475177304963,1.451470588235294,8
SHAP_VEC_anchor_3,VEC;mag_moment_mean;avg_d_valence_electrons,3,5.0,95.0,141,34,12,93,14,22,0.46153846153846156,0.35294117647058826,0.8691588785046729,0.6110500274876306,0.4000000000000001,0.24498777829048812,0.24113475177304963,1.9140271493212673,8
SHAP_VEC_anchor_3,VEC;mag_moment_mean;avg_d_valence_electrons,3,10.0,90.0,141,34,11,97,10,23,0.5238095238095238,0.3235294117647059,0.9065420560747663,0.6150357339197361,0.39999999999999997,0.2764355163057983,0.24113475177304963,2.1722689075630255,8
SHAP_VEC_anchor_3,VEC;mag_moment_mean;avg_d_valence_electrons,3,15.0,85.0,141,34,11,97,10,23,0.5238095238095238,0.3235294117647059,0.9065420560747663,0.6150357339197361,0.39999999999999997,0.2764355163057983,0.24113475177304963,2.1722689075630255,8
SHAP_VEC_anchor_3,VEC;mag_moment_mean;avg_d_valence_electrons,3,20.0,80.0,141,34,9,97,10,25,0.47368421052631576,0.2647058823529412,0.9065420560747663,0.5856239692138537,0.339622641509434,0.21453590342171705,0.24113475177304963,1.9643962848297214,8
SHAP_top_4,mag_moment_mean;avg_d_valence_electrons;melting_point_mean;dSmix,4,0.0,100.0,141,34,16,95,12,18,0.5714285714285714,0.47058823529411764,0.8878504672897196,0.6792193512919187,0.5161290322580646,0.38435099227413533,0.24113475177304963,2.369747899159664,8
SHAP_top_4,mag_moment_mean;avg_d_valence_electrons;melting_point_mean;dSmix,4,2.5,97.5,141,34,11,99,8,23,0.5789473684210527,0.3235294117647059,0.9252336448598131,0.6243815283122595,0.4150943396226416,0.31164525296413154,0.24113475177304963,2.4009287925696596,8
SHAP_top_4,mag_moment_mean;avg_d_valence_electrons;melting_point_mean;dSmix,4,5.0,95.0,141,34,6,101,6,28,0.5,0.17647058823529413,0.9439252336448598,0.560197910940077,0.2608695652173913,0.18456837347029395,0.24113475177304963,2.073529411764706,8
SHAP_top_4,mag_moment_mean;avg_d_valence_electrons;melting_point_mean;dSmix,4,10.0,90.0,141,34,5,106,1,29,0.8333333333333334,0.14705882352941177,0.9906542056074766,0.5688565145684442,0.25,0.29185280324582424,0.24113475177304963,3.4558823529411766,8
SHAP_top_4,mag_moment_mean;avg_d_valence_electrons;melting_point_mean;dSmix,4,15.0,85.0,141,34,2,106,1,32,0.6666666666666666,0.058823529411764705,0.9906542056074766,0.5247388675096206,0.10810810810810811,0.14666989706145558,0.24113475177304963,2.764705882352941,8
SHAP_top_4,mag_moment_mean;avg_d_valence_electrons;melting_point_mean;dSmix,4,20.0,80.0,141,34,0,106,1,34,0.0,0.0,0.9906542056074766,0.4953271028037383,0.0,-0.04764129431384638,0.24113475177304963,0.0,8
SHAP_VEC_anchor_4,VEC;mag_moment_mean;avg_d_valence_electrons;melting_point_mean,4,0.0,100.0,141,34,20,92,15,14,0.5714285714285714,0.5882352941176471,0.8598130841121495,0.7240241891148983,0.5797101449275363,0.4436794381132237,0.24113475177304963,2.369747899159664,8
SHAP_VEC_anchor_4,VEC;mag_moment_mean;avg_d_valence_electrons;melting_point_mean,4,2.5,97.5,141,34,12,96,11,22,0.5217391304347826,0.35294117647058826,0.897196261682243,0.6250687190764156,0.4210526315789474,0.2896043782768567,0.24113475177304963,2.163682864450128,8
SHAP_VEC_anchor_4,VEC;mag_moment_mean;avg_d_valence_electrons;melting_point_mean,4,5.0,95.0,141,34,8,98,9,26,0.47058823529411764,0.23529411764705882,0.9158878504672897,0.5755909840571742,0.3137254901960785,0.19860768025436662,0.24113475177304963,1.9515570934256057,8
SHAP_VEC_anchor_4,VEC;mag_moment_mean;avg_d_valence_electrons;melting_point_mean,4,10.0,90.0,141,34,7,101,6,27,0.5384615384615384,0.20588235294117646,0.9439252336448598,0.5749037932930181,0.2978723404255319,0.22150752978360622,0.24113475177304963,2.233031674208145,8
SHAP_VEC_anchor_4,VEC;mag_moment_mean;avg_d_valence_electrons;melting_point_mean,4,15.0,85.0,141,34,5,101,6,29,0.45454545454545453,0.14705882352941177,0.9439252336448598,0.5454920285871357,0.22222222222222224,0.14512045376575125,0.24113475177304963,1.8850267379679144,8
SHAP_VEC_anchor_4,VEC;mag_moment_mean;avg_d_valence_electrons;melting_point_mean,4,20.0,80.0,141,34,4,101,6,30,0.4,0.11764705882352941,0.9439252336448598,0.5307861462341946,0.1818181818181818,0.10260795288180541,0.24113475177304963,1.6588235294117648,8
original_electronic_3,VEC;avg_d_valence_electrons;mag_moment_mean,3,0.0,100.0,141,34,23,78,29,11,0.4423076923076923,0.6764705882352942,0.7289719626168224,0.7027212754260583,0.5348837209302325,0.3594711142207868,0.24113475177304963,1.8342760180995474,8
original_electronic_3,VEC;avg_d_valence_electrons;mag_moment_mean,3,2.5,97.5,141,34,14,81,26,20,0.35,0.4117647058823529,0.7570093457943925,0.5843870258383728,0.37837837837837834,0.16015715342886208,0.24113475177304963,1.451470588235294,8
original_electronic_3,VEC;avg_d_valence_electrons;mag_moment_mean,3,5.0,95.0,141,34,12,93,14,22,0.46153846153846156,0.35294117647058826,0.8691588785046729,0.6110500274876306,0.4000000000000001,0.24498777829048812,0.24113475177304963,1.9140271493212673,8
original_electronic_3,VEC;avg_d_valence_electrons;mag_moment_mean,3,10.0,90.0,141,34,11,97,10,23,0.5238095238095238,0.3235294117647059,0.9065420560747663,0.6150357339197361,0.39999999999999997,0.2764355163057983,0.24113475177304963,2.1722689075630255,8
original_electronic_3,VEC;avg_d_valence_electrons;mag_moment_mean,3,15.0,85.0,141,34,11,97,10,23,0.5238095238095238,0.3235294117647059,0.9065420560747663,0.6150357339197361,0.39999999999999997,0.2764355163057983,0.24113475177304963,2.1722689075630255,8
original_electronic_3,VEC;avg_d_valence_electrons;mag_moment_mean,3,20.0,80.0,141,34,9,97,10,25,0.47368421052631576,0.2647058823529412,0.9065420560747663,0.5856239692138537,0.339622641509434,0.21453590342171705,0.24113475177304963,1.9643962848297214,8
HEA_VEC_sigma,VEC;sigma,2,0.0,100.0,141,34,24,72,35,10,0.4067796610169492,0.7058823529411765,0.6728971962616822,0.6893897746014294,0.5161290322580646,0.3284618526911817,0.24113475177304963,1.6869391824526423,8
HEA_VEC_sigma,VEC;sigma,2,2.5,97.5,141,34,21,78,29,13,0.42,0.6176470588235294,0.7289719626168224,0.6733095107201759,0.5,0.30994029415685914,0.24113475177304963,1.7417647058823529,8
HEA_VEC_sigma,VEC;sigma,2,5.0,95.0,141,34,16,82,25,18,0.3902439024390244,0.47058823529411764,0.7663551401869159,0.6184716877405168,0.4266666666666667,0.22319475781972914,0.24113475177304963,1.618364418938307,8
HEA_VEC_sigma,VEC;sigma,2,10.0,90.0,141,34,15,83,24,19,0.38461538461538464,0.4411764705882353,0.7757009345794392,0.6084387025838373,0.4109589041095891,0.20740215588994412,0.24113475177304963,1.5950226244343892,8
HEA_VEC_sigma,VEC;sigma,2,15.0,85.0,141,34,15,84,23,19,0.39473684210526316,0.4411764705882353,0.7850467289719626,0.6131115997800989,0.41666666666666663,0.21810121109839425,0.24113475177304963,1.6369969040247678,8
HEA_VEC_sigma,VEC;sigma,2,20.0,80.0,141,34,14,84,23,20,0.3783783783783784,0.4117647058823529,0.7850467289719626,0.5984057174271578,0.39436619718309857,0.19136571978778913,0.24113475177304963,1.5691573926868045,8
HEA_VEC_sigma_dHmix_dSmix,VEC;sigma;dHmix;dSmix,4,0.0,100.0,141,34,18,86,21,16,0.46153846153846156,0.5294117647058824,0.8037383177570093,0.6665750412314458,0.4931506849315069,0.3185949466902564,0.24113475177304963,1.9140271493212673,8
HEA_VEC_sigma_dHmix_dSmix,VEC;sigma;dHmix;dSmix,4,2.5,97.5,141,34,15,90,17,19,0.46875,0.4411764705882353,0.8411214953271028,0.6411489829576691,0.45454545454545453,0.2883041262404981,0.24113475177304963,1.943933823529412,8
HEA_VEC_sigma_dHmix_dSmix,VEC;sigma;dHmix;dSmix,4,5.0,95.0,141,34,9,94,13,25,0.4090909090909091,0.2647058823529412,0.8785046728971962,0.5716052776250687,0.3214285714285714,0.1688190899623693,0.24113475177304963,1.6965240641711232,8
HEA_VEC_sigma_dHmix_dSmix,VEC;sigma;dHmix;dSmix,4,10.0,90.0,141,34,8,101,6,26,0.5714285714285714,0.23529411764705882,0.9439252336448598,0.5896096756459593,0.3333333333333333,0.25636006324320076,0.24113475177304963,2.369747899159664,8
HEA_VEC_sigma_dHmix_dSmix,VEC;sigma;dHmix;dSmix,4,15.0,85.0,141,34,4,103,4,30,0.5,0.11764705882352941,0.9626168224299065,0.540131940626718,0.19047619047619047,0.14841598888772697,0.24113475177304963,2.073529411764706,8
HEA_VEC_sigma_dHmix_dSmix,VEC;sigma;dHmix;dSmix,4,20.0,80.0,141,34,2,105,2,32,0.5,0.058823529411764705,0.9813084112149533,0.520065970313359,0.10526315789473684,0.1034025452846876,0.24113475177304963,2.073529411764706,8
SHAP_top_2,mag_moment_mean;avg_d_valence_electrons,2,0.0,100.0,141,34,24,78,29,10,0.4528301886792453,0.7058823529411765,0.7289719626168224,0.7174271577789995,0.5517241379310345,0.38405715542158814,0.24113475177304963,1.8779134295227526,9
SHAP_top_2,mag_moment_mean;avg_d_valence_electrons,2,2.5,97.5,141,34,15,81,26,19,0.36585365853658536,0.4411764705882353,0.7570093457943925,0.5990929081913139,0.4,0.18668610253831172,0.24113475177304963,1.517216642754663,9
SHAP_top_2,mag_moment_mean;avg_d_valence_electrons,2,5.0,95.0,141,34,12,93,14,22,0.46153846153846156,0.35294117647058826,0.8691588785046729,0.6110500274876306,0.4000000000000001,0.24498777829048812,0.24113475177304963,1.9140271493212673,9
SHAP_top_2,mag_moment_mean;avg_d_valence_electrons,2,10.0,90.0,141,34,11,97,10,23,0.5238095238095238,0.3235294117647059,0.9065420560747663,0.6150357339197361,0.39999999999999997,0.2764355163057983,0.24113475177304963,2.1722689075630255,9
SHAP_top_2,mag_moment_mean;avg_d_valence_electrons,2,15.0,85.0,141,34,11,97,10,23,0.5238095238095238,0.3235294117647059,0.9065420560747663,0.6150357339197361,0.39999999999999997,0.2764355163057983,0.24113475177304963,2.1722689075630255,9
SHAP_top_2,mag_moment_mean;avg_d_valence_electrons,2,20.0,80.0,141,34,9,97,10,25,0.47368421052631576,0.2647058823529412,0.9065420560747663,0.5856239692138537,0.339622641509434,0.21453590342171705,0.24113475177304963,1.9643962848297214,9
SHAP_VEC_anchor_2,VEC;mag_moment_mean,2,0.0,100.0,141,34,24,74,33,10,0.42105263157894735,0.7058823529411765,0.6915887850467289,0.6987355689939527,0.5274725274725274,0.34646540376909024,0.24113475177304963,1.7461300309597523,9
SHAP_VEC_anchor_2,VEC;mag_moment_mean,2,2.5,97.5,141,34,17,77,30,17,0.3617021276595745,0.5,0.719626168224299,0.6098130841121495,0.4197530864197531,0.1992978328237021,0.24113475177304963,1.5000000000000002,9
SHAP_VEC_anchor_2,VEC;mag_moment_mean,2,5.0,95.0,141,34,14,89,18,20,0.4375,0.4117647058823529,0.8317757009345794,0.6217702034084662,0.42424242424242425,0.24872196285207532,0.24113475177304963,1.8143382352941178,9
SHAP_VEC_anchor_2,VEC;mag_moment_mean,2,10.0,90.0,141,34,11,94,13,23,0.4583333333333333,0.3235294117647059,0.8785046728971962,0.6010170423309511,0.3793103448275862,0.22996272166813253,0.24113475177304963,1.9007352941176472,9
SHAP_VEC_anchor_2,VEC;mag_moment_mean,2,15.0,85.0,141,34,11,94,13,23,0.4583333333333333,0.3235294117647059,0.8785046728971962,0.6010170423309511,0.3793103448275862,0.22996272166813253,0.24113475177304963,1.9007352941176472,9
SHAP_VEC_anchor_2,VEC;mag_moment_mean,2,20.0,80.0,141,34,9,96,11,25,0.45,0.2647058823529412,0.897196261682243,0.5809510720175921,0.33333333333333337,0.1985072003989183,0.24113475177304963,1.8661764705882355,9
SHAP_top_3,mag_moment_mean;avg_d_valence_electrons;melting_point_mean,3,0.0,100.0,141,34,21,92,15,13,0.5833333333333334,0.6176470588235294,0.8598130841121495,0.7387300714678395,0.6,0.4684061312339814,0.24113475177304963,2.419117647058824,9
SHAP_top_3,mag_moment_mean;avg_d_valence_electrons;melting_point_mean,3,2.5,97.5,141,34,13,96,11,21,0.5416666666666666,0.38235294117647056,0.897196261682243,0.6397746014293568,0.44827586206896547,0.3181933169203956,0.24113475177304963,2.2463235294117645,9
SHAP_top_3,mag_moment_mean;avg_d_valence_electrons;melting_point_mean,3,5.0,95.0,141,34,8,98,9,26,0.47058823529411764,0.23529411764705882,0.9158878504672897,0.5755909840571742,0.3137254901960785,0.19860768025436662,0.24113475177304963,1.9515570934256057,9
SHAP_top_3,mag_moment_mean;avg_d_valence_electrons;melting_point_mean,3,10.0,90.0,141,34,6,101,6,28,0.5,0.17647058823529413,0.9439252336448598,0.560197910940077,0.2608695652173913,0.18456837347029395,0.24113475177304963,2.073529411764706,9
SHAP_top_3,mag_moment_mean;avg_d_valence_electrons;melting_point_mean,3,15.0,85.0,141,34,5,101,6,29,0.45454545454545453,0.14705882352941177,0.9439252336448598,0.5454920285871357,0.22222222222222224,0.14512045376575125,0.24113475177304963,1.8850267379679144,9
SHAP_top_3,mag_moment_mean;avg_d_valence_electrons;melting_point_mean,3,20.0,80.0,141,34,4,101,6,30,0.4,0.11764705882352941,0.9439252336448598,0.5307861462341946,0.1818181818181818,0.10260795288180541,0.24113475177304963,1.6588235294117648,9
SHAP_VEC_anchor_3,VEC;mag_moment_mean;avg_d_valence_electrons,3,0.0,100.0,141,34,23,78,29,11,0.4423076923076923,0.6764705882352942,0.7289719626168224,0.7027212754260583,0.5348837209302325,0.3594711142207868,0.24113475177304963,1.8342760180995474,9
SHAP_VEC_anchor_3,VEC;mag_moment_mean;avg_d_valence_electrons,3,2.5,97.5,141,34,14,81,26,20,0.35,0.4117647058823529,0.7570093457943925,0.5843870258383728,0.37837837837837834,0.16015715342886208,0.24113475177304963,1.451470588235294,9
SHAP_VEC_anchor_3,VEC;mag_moment_mean;avg_d_valence_electrons,3,5.0,95.0,141,34,12,93,14,22,0.46153846153846156,0.35294117647058826,0.8691588785046729,0.6110500274876306,0.4000000000000001,0.24498777829048812,0.24113475177304963,1.9140271493212673,9
SHAP_VEC_anchor_3,VEC;mag_moment_mean;avg_d_valence_electrons,3,10.0,90.0,141,34,11,97,10,23,0.5238095238095238,0.3235294117647059,0.9065420560747663,0.6150357339197361,0.39999999999999997,0.2764355163057983,0.24113475177304963,2.1722689075630255,9
SHAP_VEC_anchor_3,VEC;mag_moment_mean;avg_d_valence_electrons,3,15.0,85.0,141,34,11,97,10,23,0.5238095238095238,0.3235294117647059,0.9065420560747663,0.6150357339197361,0.39999999999999997,0.2764355163057983,0.24113475177304963,2.1722689075630255,9
SHAP_VEC_anchor_3,VEC;mag_moment_mean;avg_d_valence_electrons,3,20.0,80.0,141,34,9,97,10,25,0.47368421052631576,0.2647058823529412,0.9065420560747663,0.5856239692138537,0.339622641509434,0.21453590342171705,0.24113475177304963,1.9643962848297214,9
SHAP_top_4,mag_moment_mean;avg_d_valence_electrons;melting_point_mean;dSmix,4,0.0,100.0,141,34,16,95,12,18,0.5714285714285714,0.47058823529411764,0.8878504672897196,0.6792193512919187,0.5161290322580646,0.38435099227413533,0.24113475177304963,2.369747899159664,9
SHAP_top_4,mag_moment_mean;avg_d_valence_electrons;melting_point_mean;dSmix,4,2.5,97.5,141,34,12,99,8,22,0.6,0.35294117647058826,0.9252336448598131,0.6390874106652007,0.4444444444444445,0.3410683986480566,0.24113475177304963,2.488235294117647,9
SHAP_top_4,mag_moment_mean;avg_d_valence_electrons;melting_point_mean;dSmix,4,5.0,95.0,141,34,6,101,6,28,0.5,0.17647058823529413,0.9439252336448598,0.560197910940077,0.2608695652173913,0.18456837347029395,0.24113475177304963,2.073529411764706,9
SHAP_top_4,mag_moment_mean;avg_d_valence_electrons;melting_point_mean;dSmix,4,10.0,90.0,141,34,4,104,3,30,0.5714285714285714,0.11764705882352941,0.9719626168224299,0.5448048378229796,0.1951219512195122,0.17647566761062838,0.24113475177304963,2.369747899159664,9
SHAP_top_4,mag_moment_mean;avg_d_valence_electrons;melting_point_mean;dSmix,4,15.0,85.0,141,34,2,106,1,32,0.6666666666666666,0.058823529411764705,0.9906542056074766,0.5247388675096206,0.10810810810810811,0.14666989706145558,0.24113475177304963,2.764705882352941,9
SHAP_top_4,mag_moment_mean;avg_d_valence_electrons;melting_point_mean;dSmix,4,20.0,80.0,141,34,0,106,1,34,0.0,0.0,0.9906542056074766,0.4953271028037383,0.0,-0.04764129431384638,0.24113475177304963,0.0,9
SHAP_VEC_anchor_4,VEC;mag_moment_mean;avg_d_valence_electrons;melting_point_mean,4,0.0,100.0,141,34,20,92,15,14,0.5714285714285714,0.5882352941176471,0.8598130841121495,0.7240241891148983,0.5797101449275363,0.4436794381132237,0.24113475177304963,2.369747899159664,9
SHAP_VEC_anchor_4,VEC;mag_moment_mean;avg_d_valence_electrons;melting_point_mean,4,2.5,97.5,141,34,12,96,11,22,0.5217391304347826,0.35294117647058826,0.897196261682243,0.6250687190764156,0.4210526315789474,0.2896043782768567,0.24113475177304963,2.163682864450128,9
SHAP_VEC_anchor_4,VEC;mag_moment_mean;avg_d_valence_electrons;melting_point_mean,4,5.0,95.0,141,34,8,98,9,26,0.47058823529411764,0.23529411764705882,0.9158878504672897,0.5755909840571742,0.3137254901960785,0.19860768025436662,0.24113475177304963,1.9515570934256057,9
SHAP_VEC_anchor_4,VEC;mag_moment_mean;avg_d_valence_electrons;melting_point_mean,4,10.0,90.0,141,34,6,101,6,28,0.5,0.17647058823529413,0.9439252336448598,0.560197910940077,0.2608695652173913,0.18456837347029395,0.24113475177304963,2.073529411764706,9
SHAP_VEC_anchor_4,VEC;mag_moment_mean;avg_d_valence_electrons;melting_point_mean,4,15.0,85.0,141,34,5,101,6,29,0.45454545454545453,0.14705882352941177,0.9439252336448598,0.5454920285871357,0.22222222222222224,0.14512045376575125,0.24113475177304963,1.8850267379679144,9
SHAP_VEC_anchor_4,VEC;mag_moment_mean;avg_d_valence_electrons;melting_point_mean,4,20.0,80.0,141,34,4,101,6,30,0.4,0.11764705882352941,0.9439252336448598,0.5307861462341946,0.1818181818181818,0.10260795288180541,0.24113475177304963,1.6588235294117648,9
original_electronic_3,VEC;avg_d_valence_electrons;mag_moment_mean,3,0.0,100.0,141,34,23,78,29,11,0.4423076923076923,0.6764705882352942,0.7289719626168224,0.7027212754260583,0.5348837209302325,0.3594711142207868,0.24113475177304963,1.8342760180995474,9
original_electronic_3,VEC;avg_d_valence_electrons;mag_moment_mean,3,2.5,97.5,141,34,14,81,26,20,0.35,0.4117647058823529,0.7570093457943925,0.5843870258383728,0.37837837837837834,0.16015715342886208,0.24113475177304963,1.451470588235294,9
original_electronic_3,VEC;avg_d_valence_electrons;mag_moment_mean,3,5.0,95.0,141,34,12,93,14,22,0.46153846153846156,0.35294117647058826,0.8691588785046729,0.6110500274876306,0.4000000000000001,0.24498777829048812,0.24113475177304963,1.9140271493212673,9
original_electronic_3,VEC;avg_d_valence_electrons;mag_moment_mean,3,10.0,90.0,141,34,11,97,10,23,0.5238095238095238,0.3235294117647059,0.9065420560747663,0.6150357339197361,0.39999999999999997,0.2764355163057983,0.24113475177304963,2.1722689075630255,9
original_electronic_3,VEC;avg_d_valence_electrons;mag_moment_mean,3,15.0,85.0,141,34,11,97,10,23,0.5238095238095238,0.3235294117647059,0.9065420560747663,0.6150357339197361,0.39999999999999997,0.2764355163057983,0.24113475177304963,2.1722689075630255,9
original_electronic_3,VEC;avg_d_valence_electrons;mag_moment_mean,3,20.0,80.0,141,34,9,97,10,25,0.47368421052631576,0.2647058823529412,0.9065420560747663,0.5856239692138537,0.339622641509434,0.21453590342171705,0.24113475177304963,1.9643962848297214,9
HEA_VEC_sigma,VEC;sigma,2,0.0,100.0,141,34,24,72,35,10,0.4067796610169492,0.7058823529411765,0.6728971962616822,0.6893897746014294,0.5161290322580646,0.3284618526911817,0.24113475177304963,1.6869391824526423,9
HEA_VEC_sigma,VEC;sigma,2,2.5,97.5,141,34,21,80,27,13,0.4375,0.6176470588235294,0.7476635514018691,0.6826553051126993,0.5121951219512195,0.329785487800191,0.24113475177304963,1.8143382352941178,9
HEA_VEC_sigma,VEC;sigma,2,5.0,95.0,141,34,16,81,26,18,0.38095238095238093,0.47058823529411764,0.7570093457943925,0.613798790544255,0.42105263157894735,0.21289072792148891,0.24113475177304963,1.5798319327731092,9
HEA_VEC_sigma,VEC;sigma,2,10.0,90.0,141,34,15,83,24,19,0.38461538461538464,0.4411764705882353,0.7757009345794392,0.6084387025838373,0.4109589041095891,0.20740215588994412,0.24113475177304963,1.5950226244343892,9
HEA_VEC_sigma,VEC;sigma,2,15.0,85.0,141,34,15,88,19,19,0.4411764705882353,0.4411764705882353,0.822429906542056,0.6318031885651456,0.4411764705882353,0.2636063771302914,0.24113475177304963,1.8295847750865053,9
HEA_VEC_sigma,VEC;sigma,2,20.0,80.0,141,34,14,88,19,20,0.42424242424242425,0.4117647058823529,0.822429906542056,0.6170973062122045,0.41791044776119407,0.23661343463180487,0.24113475177304963,1.7593582887700536,9
HEA_VEC_sigma_dHmix_dSmix,VEC;sigma;dHmix;dSmix,4,0.0,100.0,141,34,18,87,20,16,0.47368421052631576,0.5294117647058824,0.8130841121495327,0.6712479384277075,0.5,0.3301994034369371,0.24113475177304963,1.9643962848297214,9
HEA_VEC_sigma_dHmix_dSmix,VEC;sigma;dHmix;dSmix,4,2.5,97.5,141,34,15,92,15,19,0.5,0.4411764705882353,0.8598130841121495,0.6504947773501923,0.46875,0.31460140298771433,0.24113475177304963,2.073529411764706,9
HEA_VEC_sigma_dHmix_dSmix,VEC;sigma;dHmix;dSmix,4,5.0,95.0,141,34,9,93,14,25,0.391304347826087,0.2647058823529412,0.8691588785046729,0.566932380428807,0.3157894736842105,0.15498607936354858,0.24113475177304963,1.622762148337596,9
HEA_VEC_sigma_dHmix_dSmix,VEC;sigma;dHmix;dSmix,4,10.0,90.0,141,34,8,99,8,26,0.5,0.23529411764705882,0.9252336448598131,0.580263881253436,0.31999999999999995,0.216504287837462,0.24113475177304963,2.073529411764706,9
HEA_VEC_sigma_dHmix_dSmix,VEC;sigma;dHmix;dSmix,4,15.0,85.0,141,34,5,103,4,29,0.5555555555555556,0.14705882352941177,0.9626168224299065,0.5548378229796591,0.23255813953488372,0.1919257860607156,0.24113475177304963,2.3039215686274512,9
HEA_VEC_sigma_dHmix_dSmix,VEC;sigma;dHmix;dSmix,4,20.0,80.0,141,34,2,105,2,32,0.5,0.058823529411764705,0.9813084112149533,0.520065970313359,0.10526315789473684,0.1034025452846876,0.24113475177304963,2.073529411764706,9
