source_row,composition,reference_id,TC,feature_set,model,y_true_TC,y_pred_TC,residual_TC,absolute_error_K
2,GdTbDyHo,[1],198.0,hea,DummyMean,198.0,207.4488188976378,-9.448818897637807,9.448818897637807
3,(GdTbDyHo)99.9Sc0.1,[1],193.0,hea,DummyMean,193.0,207.4488188976378,-14.448818897637807,14.448818897637807
4,(GdTbDyHo)99.9Sc0.2,[1],186.0,hea,DummyMean,186.0,207.4488188976378,-21.448818897637807,21.448818897637807
5,GdTbDyHo)99.9Sc0.3,[1],181.0,hea,DummyMean,181.0,207.4488188976378,-26.448818897637807,26.448818897637807
6,(GdTbDyHo)99.9Sc0.4,[1],181.0,hea,DummyMean,181.0,207.4488188976378,-26.448818897637807,26.448818897637807
7,(GdTbDyHo)99.9Sc0.5,[1],176.0,hea,DummyMean,176.0,207.4488188976378,-31.448818897637807,31.448818897637807
8,Tb25.11Dy25.03Ho24.4Er 25.43,[2],160.0,hea,DummyMean,160.0,212.6755905511811,-52.6755905511811,52.6755905511811
9,Tb23.58Dy25.05Ho25.03Er 26.34,[2],163.9,hea,DummyMean,163.9,212.6755905511811,-48.7755905511811,48.7755905511811
10,Gd20Ho20Er20Al20 Fe 20,[3],55.0,hea,DummyMean,55.0,207.4488188976378,-152.4488188976378,152.4488188976378
11,Gd20Ho20Er20Al20 Co 20,[3],39.0,hea,DummyMean,39.0,207.4488188976378,-168.4488188976378,168.4488188976378
12,Gd20Ho20Er20Al20 Ni 20,[3],25.0,hea,DummyMean,25.0,207.4488188976378,-182.4488188976378,182.4488188976378
13,GdTbHoEr,[4],190.0,hea,DummyMean,190.0,210.1875,-20.1875,20.1875
14,GdTbHoErLa,[4],127.0,hea,DummyMean,127.0,210.1875,-83.1875,83.1875
15,GdTbHoErLaY,[4],120.0,hea,DummyMean,120.0,210.1875,-90.1875,90.1875
16,GdTbHoErPr,[4],135.0,hea,DummyMean,135.0,210.1875,-75.1875,75.1875
17,Gd20Dy20Er20Ho20Tb20,[5],186.0,hea,DummyMean,186.0,208.62834645669292,-22.628346456692924,22.628346456692924
18,Gd25Er25Ho25Tb25,[5],139.0,hea,DummyMean,139.0,208.62834645669292,-69.62834645669292,69.62834645669292
19,Dy25Er25Ho25Tb25,[5],52.0,hea,DummyMean,52.0,208.62834645669292,-156.62834645669292,156.62834645669292
20,Er33.33Ho33.33Tb33.34,[5],88.0,hea,DummyMean,88.0,208.62834645669292,-120.62834645669292,120.62834645669292
21,Gd10Tb10Dy10Ho10Er10Y10Ni10Co10Ag10Al10,[6],29.0,hea,DummyMean,29.0,208.62834645669292,-179.62834645669292,179.62834645669292
26,Ho20Er20Co20Al20Gd20,[7],37.0,hea,DummyMean,37.0,210.1875,-173.1875,173.1875
27,Ho20Er20Co20Al20Dy20,[7],18.0,hea,DummyMean,18.0,210.1875,-192.1875,192.1875
28,Ho20Er20Co20Al20Tm20,[7],9.0,hea,DummyMean,9.0,210.1875,-201.1875,201.1875
29,Gd25Co25Al25Y25,[8],39.0,hea,DummyMean,39.0,204.36220472440945,-165.36220472440945,165.36220472440945
30,Gd25Co25Al25Y15Dy10,[8],44.0,hea,DummyMean,44.0,204.36220472440945,-160.36220472440945,160.36220472440945
31,Gd25Co25Al25Y15Ho10,[8],41.0,hea,DummyMean,41.0,204.36220472440945,-163.36220472440945,163.36220472440945
32,Gd25Co25Al25Y15Er10,[8],43.0,hea,DummyMean,43.0,204.36220472440945,-161.36220472440945,161.36220472440945
33,Gd25Co25Al25Ho24Y1,[9],51.0,hea,DummyMean,51.0,209.38582677165354,-158.38582677165354,158.38582677165354
34,Gd25Co25Al25Ho20Y5,[9],49.0,hea,DummyMean,49.0,209.38582677165354,-160.38582677165354,160.38582677165354
35,Gd25Co25Al25Ho15Y10,[9],47.0,hea,DummyMean,47.0,209.38582677165354,-162.38582677165354,162.38582677165354
37,Gd20Dy20Er20Co20Al20,[10],44.0,hea,DummyMean,44.0,212.6755905511811,-168.6755905511811,168.6755905511811
39,(Gd20Dy20Er20Co20Al20)Si0.5,[10],44.0,hea,DummyMean,44.0,212.6755905511811,-168.6755905511811,168.6755905511811
41,(Gd20Dy20Er20Co20Al20)Si1,[10],44.0,hea,DummyMean,44.0,212.6755905511811,-168.6755905511811,168.6755905511811
43,(Gd20Dy20Er20Co20Al20)Si3,[10],44.0,hea,DummyMean,44.0,212.6755905511811,-168.6755905511811,168.6755905511811
45,(Gd36Tb20Co20Al24)97Fe3(micro_100),[11],98.0,hea,DummyMean,98.0,212.6755905511811,-114.6755905511811,114.6755905511811
46,(Gd36Tb20Co20Al24)97Fe3(micro_70),[11],102.0,hea,DummyMean,102.0,212.6755905511811,-110.6755905511811,110.6755905511811
53,(Gd36Tb20Co20Al24)97Fe3(micro_100),[11],99.0,hea,DummyMean,99.0,212.6755905511811,-113.6755905511811,113.6755905511811
57,V0.85FeCoNiCu1.15,[12],329.0,hea,DummyMean,329.0,205.04761904761904,123.95238095238096,123.95238095238096
60,(MnNiSi)1-x(FeCoGe)x x=0.4,[13],271.0,hea,DummyMean,271.0,208.62834645669292,62.371653543307076,62.371653543307076
61,(MnNiSi)1-x(FeCoGe)x x=0.42,[13],224.0,hea,DummyMean,224.0,208.62834645669292,15.371653543307076,15.371653543307076
62,(MnNiSi)1-x(FeCoGe)x x=0.45,[13],232.0,hea,DummyMean,232.0,208.62834645669292,23.371653543307076,23.371653543307076
63,(MnNiSi)1-x(FeCoGe)x x=0.47,[13],235.0,hea,DummyMean,235.0,208.62834645669292,26.371653543307076,26.371653543307076
64,(MnNi)0.6Si1-y(FeCo)0.4Gey  y=0.36,[13],327.6,hea,DummyMean,327.6,208.62834645669292,118.9716535433071,118.9716535433071
65,(MnNi)0.6Si1-y(FeCo)0.4Gey  y=0.38,[13],308.8,hea,DummyMean,308.8,208.62834645669292,100.17165354330709,100.17165354330709
66,(MnNi)0.6Si1-y(FeCo)0.4Gey  y=0.4,[13],271.3,hea,DummyMean,271.3,208.62834645669292,62.67165354330709,62.67165354330709
67,(MnNi)0.6Si1-y(FeCo)0.4Gey  y=0.42,[13],295.5,hea,DummyMean,295.5,208.62834645669292,86.87165354330708,86.87165354330708
68,Gd 20 Tb 18 Dy 18 Co 20 Al 24,[14],59.0,hea,DummyMean,59.0,205.04761904761904,-146.04761904761904,146.04761904761904
74,(Gd 0.2 Tb 0.18 Dy 0.18 Co 0.2 Al 0.24 ) 43 H 57,[14],8.0,hea,DummyMean,8.0,205.04761904761904,-197.04761904761904,197.04761904761904
80,CoCuFeMnNi,[15],395.0,hea,DummyMean,395.0,209.38582677165354,185.61417322834646,185.61417322834646
81,CoCu0.975FeMn1.025Ni,[15],321.0,hea,DummyMean,321.0,209.38582677165354,111.61417322834646,111.61417322834646
82,CoCu0.95FeMn1.05Ni,[15],297.0,hea,DummyMean,297.0,209.38582677165354,87.61417322834646,87.61417322834646
83,CoCu0.925FeMn1.075Ni,[15],279.0,hea,DummyMean,279.0,209.38582677165354,69.61417322834646,69.61417322834646
84,CoCu0.9FeMn1.1Ni,[15],264.0,hea,DummyMean,264.0,209.38582677165354,54.61417322834646,54.61417322834646
85,CoCuFe0.975Mn1.025Ni,[15],299.0,hea,DummyMean,299.0,209.38582677165354,89.61417322834646,89.61417322834646
86,CoCuFe0.95Mn1.05Ni,[15],292.0,hea,DummyMean,292.0,209.38582677165354,82.61417322834646,82.61417322834646
87,"(Fe,Mn,Ni) 66.7 (Ge 0.5 Si 0.5 ) 33.3",[16],138.0,hea,DummyMean,138.0,205.04761904761904,-67.04761904761904,67.04761904761904
88,"Fe,Mn,Ni) 66.7 (Ge 0.465 Si 0.535 ) 33.3",[16],178.0,hea,DummyMean,178.0,205.04761904761904,-27.047619047619037,27.047619047619037
89,"(Fe,Mn,Ni) 66.7 (Ge 0.45 Si 0.55 ) 33.3",[16],200.0,hea,DummyMean,200.0,205.04761904761904,-5.047619047619037,5.047619047619037
90,Fe30Co30Ni30Cr10,[17],651.0,hea,DummyMean,651.0,204.36220472440945,446.6377952755905,446.6377952755905
91,Fe30Co30Ni30Mn10,[17],736.0,hea,DummyMean,736.0,204.36220472440945,531.6377952755905,531.6377952755905
92,Fe30Co30Ni30Cr5Mn5,[17],651.0,hea,DummyMean,651.0,204.36220472440945,446.6377952755905,446.6377952755905
93,CoFeNiCr1.0Cu0.0,[18],113.0,hea,DummyMean,113.0,204.36220472440945,-91.36220472440945,91.36220472440945
94,CoFeNiCr1.0Cu0.5,[18],120.0,hea,DummyMean,120.0,204.36220472440945,-84.36220472440945,84.36220472440945
95,CoFeNiCr1.0Cu1.0,[18],110.0,hea,DummyMean,110.0,204.36220472440945,-94.36220472440945,94.36220472440945
96,CoFeNiCr0.8Cu1.0,[18],223.0,hea,DummyMean,223.0,204.36220472440945,18.63779527559055,18.63779527559055
97,Mn1.75Fe0.25CoNiGe1.6Si0.4,[19],295.0,hea,DummyMean,295.0,207.4488188976378,87.5511811023622,87.5511811023622
98,AlCrFeCoNiCu,[20],295.0,hea,DummyMean,295.0,211.6672131147541,83.3327868852459,83.3327868852459
100,V0.85FeCoNiCu1.15,[21],297.0,hea,DummyMean,297.0,209.66666666666666,87.33333333333334,87.33333333333334
102,GdTbDyHoErTmCoAl,[22],35.0,hea,DummyMean,35.0,211.4418604651163,-176.4418604651163,176.4418604651163
103,GdTbDyHoErTmCoNi,[22],40.0,hea,DummyMean,40.0,211.4418604651163,-171.4418604651163,171.4418604651163
104,GdTbHoEr,[23],190.0,hea,DummyMean,190.0,209.38582677165354,-19.38582677165354,19.38582677165354
105,GdTbHoErLa,[23],117.0,hea,DummyMean,117.0,209.38582677165354,-92.38582677165354,92.38582677165354
106,GdTbHoErLaY,[23],120.0,hea,DummyMean,120.0,209.38582677165354,-89.38582677165354,89.38582677165354
107,ScGdTbDyHo,[24],144.0,hea,DummyMean,144.0,209.66666666666666,-65.66666666666666,65.66666666666666
108,ScGdTbDyHo,[24],143.0,hea,DummyMean,143.0,209.66666666666666,-66.66666666666666,66.66666666666666
109,ScGdTbDyHo,[24],146.0,hea,DummyMean,146.0,209.66666666666666,-63.66666666666666,63.66666666666666
110,ScGdTbDyHo,[24],139.0,hea,DummyMean,139.0,209.66666666666666,-70.66666666666666,70.66666666666666
111,LaFe10.8Cr0.2Si2,[25],219.0,hea,DummyMean,219.0,204.36220472440945,14.637795275590548,14.637795275590548
112,LaFe10Co0.5Ni0.5Si2,[25],285.0,hea,DummyMean,285.0,204.36220472440945,80.63779527559055,80.63779527559055
113,LaFe10.25Co0.25Ni0.25Cr0.25Si2,[25],247.0,hea,DummyMean,247.0,204.36220472440945,42.63779527559055,42.63779527559055
114,Mn27Cr7Ni33Ge25Si8,[26],412.0,hea,DummyMean,412.0,205.04761904761904,206.95238095238096,206.95238095238096
118,Fe25Co25Ni25Mo5P10B10,[27],560.0,hea,DummyMean,560.0,207.4488188976378,352.5511811023622,352.5511811023622
121,GdTbHoErY,[28],163.0,hea,DummyMean,163.0,209.38582677165354,-46.38582677165354,46.38582677165354
125,Fe26.7Ni26.7Ga15.6Mn20Si11,[29],322.0,hea,DummyMean,322.0,211.4418604651163,110.55813953488371,110.55813953488371
126,Fe26.7Ni26.7Ga15.6Mn20Si11,[29],334.0,hea,DummyMean,334.0,211.4418604651163,122.55813953488371,122.55813953488371
127,Al0.44Cr0.25MnFeCo0.05Ni0.2,[30],340.0,hea,DummyMean,340.0,211.4418604651163,128.5581395348837,128.5581395348837
128,Mn22.3Fe22.2Ni22.2Ge16.65Si16.65,[31],137.0,hea,DummyMean,137.0,207.4488188976378,-70.4488188976378,70.4488188976378
133,Mn0.94Cr0.3Fe0.5Co0.2Ni0.5Al0.3,[32],321.0,hea,DummyMean,321.0,208.62834645669292,112.37165354330708,112.37165354330708
134,(Gd36Tb20Co20Al24)99Fe1,[33],94.0,hea,DummyMean,94.0,211.6672131147541,-117.6672131147541,117.6672131147541
135,Gd18Ho22Tm20Cu22Al18,[33],33.6,hea,DummyMean,33.6,211.6672131147541,-178.0672131147541,178.0672131147541
136,Gd36Tb20Co20Al24,[33],81.0,hea,DummyMean,81.0,211.6672131147541,-130.6672131147541,130.6672131147541
137,Gd19Tb19Er18Fe19Al25,[33],97.0,hea,DummyMean,97.0,211.6672131147541,-114.6672131147541,114.6672131147541
138,(Gd36Tb20Co20Al24)98Fe2,[33],100.0,hea,DummyMean,100.0,211.6672131147541,-111.6672131147541,111.6672131147541
139,Fe24.1Co24.1Ni24.1Cr27.7,[33],36.0,hea,DummyMean,36.0,211.6672131147541,-175.6672131147541,175.6672131147541
140,Fe24.39Co24.39Ni24.39Cr26.83,[33],48.0,hea,DummyMean,48.0,211.6672131147541,-163.6672131147541,163.6672131147541
141,FeCoNiCr,[33],171.0,hea,DummyMean,171.0,211.6672131147541,-40.667213114754105,40.667213114754105
142,Fe24.69Co24.69Ni24.69Cr25.93,[33],65.0,hea,DummyMean,65.0,211.6672131147541,-146.6672131147541,146.6672131147541
143,Fe25.3Co25.3Ni25.3Cr24.1,[33],100.0,hea,DummyMean,100.0,211.6672131147541,-111.6672131147541,111.6672131147541
144,Fe25.64Co25.64Ni25.64Cr23.08,[33],131.0,hea,DummyMean,131.0,211.6672131147541,-80.6672131147541,80.6672131147541
145,Fe25.64Co25.64Ni25.64Cr23.08,[33],148.0,hea,DummyMean,148.0,211.6672131147541,-63.667213114754105,63.667213114754105
146,FeCoNi1.5Cr0.5Al,[33],150.0,hea,DummyMean,150.0,211.6672131147541,-61.667213114754105,61.667213114754105
147,Fe26Co26Ni26Cr22,[33],193.0,hea,DummyMean,193.0,211.6672131147541,-18.667213114754105,18.667213114754105
148,Fe23.53Co23.53Ni23.53Cr23.53Pd5.88,[33],210.0,hea,DummyMean,210.0,211.6672131147541,-1.6672131147541052,1.6672131147541052
149,Fe25Co25Ni25(Mo0.2P0.4B0.4)25,[33],560.0,hea,DummyMean,560.0,211.6672131147541,348.3327868852459,348.3327868852459
150,FeCoNi0.5Cr0.5Al1.5,[33],455.0,hea,DummyMean,455.0,211.6672131147541,243.3327868852459,243.3327868852459
151,FeCoNi0.5Cr0.5Al,[33],685.0,hea,DummyMean,685.0,211.6672131147541,473.3327868852459,473.3327868852459
152,Fe30.7Ni25.7Ga14.6Mn19Si10,[34],442.0,hea,DummyMean,442.0,207.4488188976378,234.5511811023622,234.5511811023622
153,Fe30.7Ni25.7Ga14.6Mn19Si10,[34],462.0,hea,DummyMean,462.0,207.4488188976378,254.5511811023622,254.5511811023622
154,CoFeNi0.5Cr0.5-Alx (x = 0.0),[35],270.0,hea,DummyMean,270.0,212.6755905511811,57.3244094488189,57.3244094488189
160,CoFeNi0.5Cr0.5-Alx (x = 1.5),[35],455.0,hea,DummyMean,455.0,212.6755905511811,242.3244094488189,242.3244094488189
163,Mn20Al20Co14Fe20Cr26,[36],268.0,hea,DummyMean,268.0,205.04761904761904,62.95238095238096,62.95238095238096
164,Mn20Al20Co14Fe20Cr26,[36],268.0,hea,DummyMean,268.0,205.04761904761904,62.95238095238096,62.95238095238096
165,Mn20Al20Co14Fe21Cr25,[36],280.0,hea,DummyMean,280.0,205.04761904761904,74.95238095238096,74.95238095238096
166,Mn20Al20Co14Fe21Cr25,[36],280.0,hea,DummyMean,280.0,205.04761904761904,74.95238095238096,74.95238095238096
167,Mn20Al20Co14Fe22Cr24,[36],300.0,hea,DummyMean,300.0,205.04761904761904,94.95238095238096,94.95238095238096
168,Mn20Al20Co14Fe22Cr24,[36],300.0,hea,DummyMean,300.0,205.04761904761904,94.95238095238096,94.95238095238096
169,Mn20Al20Co14Fe23Cr23,[36],310.0,hea,DummyMean,310.0,205.04761904761904,104.95238095238096,104.95238095238096
170,Mn20Al20Co14Fe23Cr23,[36],310.0,hea,DummyMean,310.0,205.04761904761904,104.95238095238096,104.95238095238096
171,Mn20Cr14Ni33Ge25Si8,[37],361.0,hea,DummyMean,361.0,210.1875,150.8125,150.8125
172,Mn20Cr14Ni33Ge25Si8,[37],361.0,hea,DummyMean,361.0,210.1875,150.8125,150.8125
175,Mn24Cr10Ni33Ge25Si8,[37],387.0,hea,DummyMean,387.0,210.1875,176.8125,176.8125
176,Mn24Cr10Ni33Ge25Si8,[37],387.0,hea,DummyMean,387.0,210.1875,176.8125,176.8125
179,Al20Mn20Fe20Co14.5Cr25.5,[38],282.8,hea,DummyMean,282.8,212.6755905511811,70.12440944881891,70.12440944881891
181,Al20Mn20Fe20Co15.5Cr24.5,[38],313.7,hea,DummyMean,313.7,212.6755905511811,101.02440944881889,101.02440944881889
183,Al20Mn20Fe20Co16.5Cr23.5,[38],345.8,hea,DummyMean,345.8,212.6755905511811,133.1244094488189,133.1244094488189
185,Dy27Er27Ni26Al20,[39],15.0,hea,DummyMean,15.0,209.66666666666666,-194.66666666666666,194.66666666666666
186,Dy18Er18Y18Ni26Al20,[39],10.0,hea,DummyMean,10.0,209.66666666666666,-199.66666666666666,199.66666666666666
187,Dy13.5Er13.5Y13.5Gd13.5Ni26Al20,[39],22.0,hea,DummyMean,22.0,209.66666666666666,-187.66666666666666,187.66666666666666
188,FeCoNiCr,[40],103.0,hea,DummyMean,103.0,211.4418604651163,-108.44186046511629,108.44186046511629
189,FeCoNiCrPd0.005,[40],102.0,hea,DummyMean,102.0,211.4418604651163,-109.44186046511629,109.44186046511629
190,FeCoNiCrPd0.03,[40],121.0,hea,DummyMean,121.0,211.4418604651163,-90.44186046511629,90.44186046511629
191,FeCoNiCrPd0.06,[40],131.0,hea,DummyMean,131.0,211.4418604651163,-80.44186046511629,80.44186046511629
192,FeCoNiCrPd0.12,[40],160.0,hea,DummyMean,160.0,211.4418604651163,-51.44186046511629,51.44186046511629
193,FeCoNiCrPd0.25,[40],220.0,hea,DummyMean,220.0,211.4418604651163,8.558139534883708,8.558139534883708
194,FeCoNiCrPd0.50,[40],292.0,hea,DummyMean,292.0,211.4418604651163,80.55813953488371,80.55813953488371
195,FeCoNiCrAl,[41],290.0,hea,DummyMean,290.0,210.1875,79.8125,79.8125
196,FeCoNi1.5Cr0.5Al,[41],150.0,hea,DummyMean,150.0,210.1875,-60.1875,60.1875
197,AlxCr0.2MnFe0.5Co0.3Ni0.5(x=0.3),[42],380.0,hea,DummyMean,380.0,209.66666666666666,170.33333333333334,170.33333333333334
198,AlxCr0.2MnFe0.5Co0.3Ni0.5(x=0.35),[42],378.0,hea,DummyMean,378.0,209.66666666666666,168.33333333333334,168.33333333333334
199,AlxCr0.2MnFe0.5Co0.3Ni0.5(x=0.6),[42],385.0,hea,DummyMean,385.0,209.66666666666666,175.33333333333334,175.33333333333334
200,AlxCr0.2MnFe0.5Co0.3Ni0.5(x=0.65),[42],370.0,hea,DummyMean,370.0,209.66666666666666,160.33333333333334,160.33333333333334
2,GdTbDyHo,[1],198.0,hea,Ridge,198.0,154.38689834973738,43.61310165026262,43.61310165026262
3,(GdTbDyHo)99.9Sc0.1,[1],193.0,hea,Ridge,193.0,119.7669484115319,73.2330515884681,73.2330515884681
4,(GdTbDyHo)99.9Sc0.2,[1],186.0,hea,Ridge,186.0,154.10982093432918,31.89017906567082,31.89017906567082
5,GdTbDyHo)99.9Sc0.3,[1],181.0,hea,Ridge,181.0,154.01627065392825,26.983729346071755,26.983729346071755
6,(GdTbDyHo)99.9Sc0.4,[1],181.0,hea,Ridge,181.0,153.9242664182881,27.075733581711887,27.075733581711887
7,(GdTbDyHo)99.9Sc0.5,[1],176.0,hea,Ridge,176.0,153.830761823783,22.169238176216993,22.169238176216993
8,Tb25.11Dy25.03Ho24.4Er 25.43,[2],160.0,hea,Ridge,160.0,163.92964550192897,-3.9296455019289738,3.9296455019289738
9,Tb23.58Dy25.05Ho25.03Er 26.34,[2],163.9,hea,Ridge,163.9,164.7220770766749,-0.8220770766749013,0.8220770766749013
10,Gd20Ho20Er20Al20 Fe 20,[3],55.0,hea,Ridge,55.0,97.8416575456444,-42.841657545644395,42.841657545644395
11,Gd20Ho20Er20Al20 Co 20,[3],39.0,hea,Ridge,39.0,100.3284219466917,-61.328421946691705,61.328421946691705
12,Gd20Ho20Er20Al20 Ni 20,[3],25.0,hea,Ridge,25.0,103.62787106100558,-78.62787106100558,78.62787106100558
13,GdTbHoEr,[4],190.0,hea,Ridge,190.0,167.8909534126283,22.109046587371694,22.109046587371694
14,GdTbHoErLa,[4],127.0,hea,Ridge,127.0,157.3627755320669,-30.362775532066905,30.362775532066905
15,GdTbHoErLaY,[4],120.0,hea,Ridge,120.0,149.9295538739329,-29.92955387393289,29.92955387393289
16,GdTbHoErPr,[4],135.0,hea,Ridge,135.0,163.42067462915844,-28.42067462915844,28.42067462915844
17,Gd20Dy20Er20Ho20Tb20,[5],186.0,hea,Ridge,186.0,156.72072494127804,29.279275058721964,29.279275058721964
18,Gd25Er25Ho25Tb25,[5],139.0,hea,Ridge,139.0,172.4700302935052,-33.470030293505204,33.470030293505204
19,Dy25Er25Ho25Tb25,[5],52.0,hea,Ridge,52.0,168.9885875109653,-116.98858751096529,116.98858751096529
20,Er33.33Ho33.33Tb33.34,[5],88.0,hea,Ridge,88.0,187.82750166343558,-99.82750166343558,99.82750166343558
21,Gd10Tb10Dy10Ho10Er10Y10Ni10Co10Ag10Al10,[6],29.0,hea,Ridge,29.0,-8.219665810100224,37.219665810100224,37.219665810100224
26,Ho20Er20Co20Al20Gd20,[7],37.0,hea,Ridge,37.0,96.01412356337002,-59.01412356337002,59.01412356337002
27,Ho20Er20Co20Al20Dy20,[7],18.0,hea,Ridge,18.0,97.56173131150274,-79.56173131150274,79.56173131150274
28,Ho20Er20Co20Al20Tm20,[7],9.0,hea,Ridge,9.0,98.27875179440812,-89.27875179440812,89.27875179440812
29,Gd25Co25Al25Y25,[8],39.0,hea,Ridge,39.0,110.67542856698999,-71.67542856698999,71.67542856698999
30,Gd25Co25Al25Y15Dy10,[8],44.0,hea,Ridge,44.0,109.53978382862431,-65.53978382862431,65.53978382862431
31,Gd25Co25Al25Y15Ho10,[8],41.0,hea,Ridge,41.0,109.97995427362794,-68.97995427362794,68.97995427362794
32,Gd25Co25Al25Y15Er10,[8],43.0,hea,Ridge,43.0,110.73728529177774,-67.73728529177774,67.73728529177774
33,Gd25Co25Al25Ho24Y1,[9],51.0,hea,Ridge,51.0,104.59870223127375,-53.59870223127375,53.59870223127375
34,Gd25Co25Al25Ho20Y5,[9],49.0,hea,Ridge,49.0,99.44530900932095,-50.44530900932095,50.44530900932095
35,Gd25Co25Al25Ho15Y10,[9],47.0,hea,Ridge,47.0,96.82942922838338,-49.829429228383376,49.829429228383376
37,Gd20Dy20Er20Co20Al20,[10],44.0,hea,Ridge,44.0,99.63668385758024,-55.63668385758024,55.63668385758024
39,(Gd20Dy20Er20Co20Al20)Si0.5,[10],44.0,hea,Ridge,44.0,98.21963842512918,-54.219638425129176,54.219638425129176
41,(Gd20Dy20Er20Co20Al20)Si1,[10],44.0,hea,Ridge,44.0,97.34561092833204,-53.345610928332036,53.345610928332036
43,(Gd20Dy20Er20Co20Al20)Si3,[10],44.0,hea,Ridge,44.0,94.30961191750174,-50.30961191750174,50.30961191750174
45,(Gd36Tb20Co20Al24)97Fe3(micro_100),[11],98.0,hea,Ridge,98.0,95.52266452555912,2.4773354744408778,2.4773354744408778
46,(Gd36Tb20Co20Al24)97Fe3(micro_70),[11],102.0,hea,Ridge,102.0,95.52266452555912,6.477335474440878,6.477335474440878
53,(Gd36Tb20Co20Al24)97Fe3(micro_100),[11],99.0,hea,Ridge,99.0,95.52266452555912,3.4773354744408778,3.4773354744408778
57,V0.85FeCoNiCu1.15,[12],329.0,hea,Ridge,329.0,333.09432128065606,-4.094321280656061,4.094321280656061
60,(MnNiSi)1-x(FeCoGe)x x=0.4,[13],271.0,hea,Ridge,271.0,237.59370770819226,33.406292291807745,33.406292291807745
61,(MnNiSi)1-x(FeCoGe)x x=0.42,[13],224.0,hea,Ridge,224.0,237.52059621653433,-13.52059621653433,13.52059621653433
62,(MnNiSi)1-x(FeCoGe)x x=0.45,[13],232.0,hea,Ridge,232.0,237.83063455483486,-5.830634554834859,5.830634554834859
63,(MnNiSi)1-x(FeCoGe)x x=0.47,[13],235.0,hea,Ridge,235.0,238.82705313332815,-3.8270531333281497,3.8270531333281497
64,(MnNi)0.6Si1-y(FeCo)0.4Gey  y=0.36,[13],327.6,hea,Ridge,327.6,240.00251997654763,87.59748002345239,87.59748002345239
65,(MnNi)0.6Si1-y(FeCo)0.4Gey  y=0.38,[13],308.8,hea,Ridge,308.8,238.7588660040223,70.0411339959777,70.0411339959777
66,(MnNi)0.6Si1-y(FeCo)0.4Gey  y=0.4,[13],271.3,hea,Ridge,271.3,237.59370770819226,33.706292291807756,33.706292291807756
67,(MnNi)0.6Si1-y(FeCo)0.4Gey  y=0.42,[13],295.5,hea,Ridge,295.5,236.49868042101804,59.00131957898196,59.00131957898196
68,Gd 20 Tb 18 Dy 18 Co 20 Al 24,[14],59.0,hea,Ridge,59.0,41.333767812360776,17.666232187639224,17.666232187639224
74,(Gd 0.2 Tb 0.18 Dy 0.18 Co 0.2 Al 0.24 ) 43 H 57,[14],8.0,hea,Ridge,8.0,766.6915091048434,-758.6915091048434,758.6915091048434
80,CoCuFeMnNi,[15],395.0,hea,Ridge,395.0,260.67020985674264,134.32979014325736,134.32979014325736
81,CoCu0.975FeMn1.025Ni,[15],321.0,hea,Ridge,321.0,258.7607744251372,62.239225574862814,62.239225574862814
82,CoCu0.95FeMn1.05Ni,[15],297.0,hea,Ridge,297.0,256.92017702539766,40.07982297460234,40.07982297460234
83,CoCu0.925FeMn1.075Ni,[15],279.0,hea,Ridge,279.0,255.1422206636351,23.8577793363649,23.8577793363649
84,CoCu0.9FeMn1.1Ni,[15],264.0,hea,Ridge,264.0,253.41210862876372,10.587891371236282,10.587891371236282
85,CoCuFe0.975Mn1.025Ni,[15],299.0,hea,Ridge,299.0,258.9430980145221,40.05690198547791,40.05690198547791
86,CoCuFe0.95Mn1.05Ni,[15],292.0,hea,Ridge,292.0,257.23645997600966,34.763540023990345,34.763540023990345
87,"(Fe,Mn,Ni) 66.7 (Ge 0.5 Si 0.5 ) 33.3",[16],138.0,hea,Ridge,138.0,272.57472407179534,-134.57472407179534,134.57472407179534
88,"Fe,Mn,Ni) 66.7 (Ge 0.465 Si 0.535 ) 33.3",[16],178.0,hea,Ridge,178.0,279.54179942135323,-101.54179942135323,101.54179942135323
89,"(Fe,Mn,Ni) 66.7 (Ge 0.45 Si 0.55 ) 33.3",[16],200.0,hea,Ridge,200.0,282.49629373371624,-82.49629373371624,82.49629373371624
90,Fe30Co30Ni30Cr10,[17],651.0,hea,Ridge,651.0,315.88478049074547,335.11521950925453,335.11521950925453
91,Fe30Co30Ni30Mn10,[17],736.0,hea,Ridge,736.0,301.31115632532845,434.68884367467155,434.68884367467155
92,Fe30Co30Ni30Cr5Mn5,[17],651.0,hea,Ridge,651.0,307.8032845548794,343.1967154451206,343.1967154451206
93,CoFeNiCr1.0Cu0.0,[18],113.0,hea,Ridge,113.0,289.7183556463638,-176.71835564636382,176.71835564636382
94,CoFeNiCr1.0Cu0.5,[18],120.0,hea,Ridge,120.0,295.41526084869287,-175.41526084869287,175.41526084869287
95,CoFeNiCr1.0Cu1.0,[18],110.0,hea,Ridge,110.0,301.7333063721471,-191.73330637214713,191.73330637214713
96,CoFeNiCr0.8Cu1.0,[18],223.0,hea,Ridge,223.0,308.5258233576064,-85.52582335760638,85.52582335760638
97,Mn1.75Fe0.25CoNiGe1.6Si0.4,[19],295.0,hea,Ridge,295.0,213.80136881136906,81.19863118863094,81.19863118863094
98,AlCrFeCoNiCu,[20],295.0,hea,Ridge,295.0,307.0259323205472,-12.025932320547213,12.025932320547213
100,V0.85FeCoNiCu1.15,[21],297.0,hea,Ridge,297.0,307.16874014798833,-10.16874014798833,10.16874014798833
102,GdTbDyHoErTmCoAl,[22],35.0,hea,Ridge,35.0,82.39113906702565,-47.39113906702565,47.39113906702565
103,GdTbDyHoErTmCoNi,[22],40.0,hea,Ridge,40.0,65.55496753653969,-25.554967536539692,25.554967536539692
104,GdTbHoEr,[23],190.0,hea,Ridge,190.0,158.6273149923309,31.372685007669105,31.372685007669105
105,GdTbHoErLa,[23],117.0,hea,Ridge,117.0,146.92390836017523,-29.923908360175233,29.923908360175233
106,GdTbHoErLaY,[23],120.0,hea,Ridge,120.0,138.33680789488807,-18.336807894888068,18.336807894888068
107,ScGdTbDyHo,[24],144.0,hea,Ridge,144.0,144.911843793196,-0.9118437931959988,0.9118437931959988
108,ScGdTbDyHo,[24],143.0,hea,Ridge,143.0,144.911843793196,-1.9118437931959988,1.9118437931959988
109,ScGdTbDyHo,[24],146.0,hea,Ridge,146.0,144.911843793196,1.0881562068040012,1.0881562068040012
110,ScGdTbDyHo,[24],139.0,hea,Ridge,139.0,144.911843793196,-5.911843793195999,5.911843793195999
111,LaFe10.8Cr0.2Si2,[25],219.0,hea,Ridge,219.0,159.19635099269425,59.80364900730575,59.80364900730575
112,LaFe10Co0.5Ni0.5Si2,[25],285.0,hea,Ridge,285.0,162.15030402004487,122.84969597995513,122.84969597995513
113,LaFe10.25Co0.25Ni0.25Cr0.25Si2,[25],247.0,hea,Ridge,247.0,159.64439436181567,87.35560563818433,87.35560563818433
114,Mn27Cr7Ni33Ge25Si8,[26],412.0,hea,Ridge,412.0,190.86043793202782,221.13956206797218,221.13956206797218
118,Fe25Co25Ni25Mo5P10B10,[27],560.0,hea,Ridge,560.0,307.17794473291247,252.82205526708753,252.82205526708753
121,GdTbHoErY,[28],163.0,hea,Ridge,163.0,150.85163926751807,12.148360732481933,12.148360732481933
125,Fe26.7Ni26.7Ga15.6Mn20Si11,[29],322.0,hea,Ridge,322.0,264.9672997755043,57.03270022449573,57.03270022449573
126,Fe26.7Ni26.7Ga15.6Mn20Si11,[29],334.0,hea,Ridge,334.0,264.9672997755043,69.03270022449573,69.03270022449573
127,Al0.44Cr0.25MnFeCo0.05Ni0.2,[30],340.0,hea,Ridge,340.0,264.3275062603994,75.67249373960061,75.67249373960061
128,Mn22.3Fe22.2Ni22.2Ge16.65Si16.65,[31],137.0,hea,Ridge,137.0,233.20916115486096,-96.20916115486096,96.20916115486096
133,Mn0.94Cr0.3Fe0.5Co0.2Ni0.5Al0.3,[32],321.0,hea,Ridge,321.0,234.2328229114415,86.7671770885585,86.7671770885585
134,(Gd36Tb20Co20Al24)99Fe1,[33],94.0,hea,Ridge,94.0,84.75983657100466,9.240163428995345,9.240163428995345
135,Gd18Ho22Tm20Cu22Al18,[33],33.6,hea,Ridge,33.6,84.47448475533857,-50.874484755338564,50.874484755338564
136,Gd36Tb20Co20Al24,[33],81.0,hea,Ridge,81.0,90.08719127052036,-9.087191270520364,9.087191270520364
137,Gd19Tb19Er18Fe19Al25,[33],97.0,hea,Ridge,97.0,56.52505879657312,40.47494120342688,40.47494120342688
138,(Gd36Tb20Co20Al24)98Fe2,[33],100.0,hea,Ridge,100.0,81.16640926652599,18.83359073347401,18.83359073347401
139,Fe24.1Co24.1Ni24.1Cr27.7,[33],36.0,hea,Ridge,36.0,337.6049294230229,-301.6049294230229,301.6049294230229
140,Fe24.39Co24.39Ni24.39Cr26.83,[33],48.0,hea,Ridge,48.0,339.1249255155175,-291.1249255155175,291.1249255155175
141,FeCoNiCr,[33],171.0,hea,Ridge,171.0,346.6028866791894,-175.6028866791894,175.6028866791894
142,Fe24.69Co24.69Ni24.69Cr25.93,[33],65.0,hea,Ridge,65.0,340.780108285734,-275.780108285734,275.780108285734
143,Fe25.3Co25.3Ni25.3Cr24.1,[33],100.0,hea,Ridge,100.0,346.9921079801718,-246.9921079801718,246.9921079801718
144,Fe25.64Co25.64Ni25.64Cr23.08,[33],131.0,hea,Ridge,131.0,344.41448091014286,-213.41448091014286,213.41448091014286
145,Fe25.64Co25.64Ni25.64Cr23.08,[33],148.0,hea,Ridge,148.0,346.6028866791894,-198.6028866791894,198.6028866791894
146,FeCoNi1.5Cr0.5Al,[33],150.0,hea,Ridge,150.0,332.9176051198399,-182.9176051198399,182.9176051198399
147,Fe26Co26Ni26Cr22,[33],193.0,hea,Ridge,193.0,349.0527133500251,-156.0527133500251,156.0527133500251
148,Fe23.53Co23.53Ni23.53Cr23.53Pd5.88,[33],210.0,hea,Ridge,210.0,306.51662679030954,-96.51662679030954,96.51662679030954
149,Fe25Co25Ni25(Mo0.2P0.4B0.4)25,[33],560.0,hea,Ridge,560.0,320.4003412080354,239.5996587919646,239.5996587919646
150,FeCoNi0.5Cr0.5Al1.5,[33],455.0,hea,Ridge,455.0,292.13812078832535,162.86187921167465,162.86187921167465
151,FeCoNi0.5Cr0.5Al,[33],685.0,hea,Ridge,685.0,307.2865960239556,377.7134039760444,377.7134039760444
152,Fe30.7Ni25.7Ga14.6Mn19Si10,[34],442.0,hea,Ridge,442.0,254.9715946767792,187.0284053232208,187.0284053232208
153,Fe30.7Ni25.7Ga14.6Mn19Si10,[34],462.0,hea,Ridge,462.0,254.9715946767792,207.0284053232208,207.0284053232208
154,CoFeNi0.5Cr0.5-Alx (x = 0.0),[35],270.0,hea,Ridge,270.0,318.7788083232879,-48.778808323287876,48.778808323287876
160,CoFeNi0.5Cr0.5-Alx (x = 1.5),[35],455.0,hea,Ridge,455.0,266.85963689676225,188.14036310323775,188.14036310323775
163,Mn20Al20Co14Fe20Cr26,[36],268.0,hea,Ridge,268.0,292.0333366928109,-24.033336692810906,24.033336692810906
164,Mn20Al20Co14Fe20Cr26,[36],268.0,hea,Ridge,268.0,292.0333366928109,-24.033336692810906,24.033336692810906
165,Mn20Al20Co14Fe21Cr25,[36],280.0,hea,Ridge,280.0,291.1529084090608,-11.152908409060785,11.152908409060785
166,Mn20Al20Co14Fe21Cr25,[36],280.0,hea,Ridge,280.0,291.1529084090608,-11.152908409060785,11.152908409060785
167,Mn20Al20Co14Fe22Cr24,[36],300.0,hea,Ridge,300.0,290.34990847781734,9.650091522182663,9.650091522182663
168,Mn20Al20Co14Fe22Cr24,[36],300.0,hea,Ridge,300.0,290.34990847781734,9.650091522182663,9.650091522182663
169,Mn20Al20Co14Fe23Cr23,[36],310.0,hea,Ridge,310.0,289.62299790816553,20.37700209183447,20.37700209183447
170,Mn20Al20Co14Fe23Cr23,[36],310.0,hea,Ridge,310.0,289.62299790816553,20.37700209183447,20.37700209183447
171,Mn20Cr14Ni33Ge25Si8,[37],361.0,hea,Ridge,361.0,217.4776716986054,143.5223283013946,143.5223283013946
172,Mn20Cr14Ni33Ge25Si8,[37],361.0,hea,Ridge,361.0,217.4776716986054,143.5223283013946,143.5223283013946
175,Mn24Cr10Ni33Ge25Si8,[37],387.0,hea,Ridge,387.0,217.02873553492816,169.97126446507184,169.97126446507184
176,Mn24Cr10Ni33Ge25Si8,[37],387.0,hea,Ridge,387.0,217.02873553492816,169.97126446507184,169.97126446507184
179,Al20Mn20Fe20Co14.5Cr25.5,[38],282.8,hea,Ridge,282.8,231.20292520524885,51.597074794751165,51.597074794751165
181,Al20Mn20Fe20Co15.5Cr24.5,[38],313.7,hea,Ridge,313.7,231.02620134265104,82.67379865734895,82.67379865734895
183,Al20Mn20Fe20Co16.5Cr23.5,[38],345.8,hea,Ridge,345.8,230.95173011283572,114.84826988716429,114.84826988716429
185,Dy27Er27Ni26Al20,[39],15.0,hea,Ridge,15.0,123.5491957342282,-108.5491957342282,108.5491957342282
186,Dy18Er18Y18Ni26Al20,[39],10.0,hea,Ridge,10.0,110.69080260696843,-100.69080260696843,100.69080260696843
187,Dy13.5Er13.5Y13.5Gd13.5Ni26Al20,[39],22.0,hea,Ridge,22.0,96.30724473917655,-74.30724473917655,74.30724473917655
188,FeCoNiCr,[40],103.0,hea,Ridge,103.0,323.3813803218529,-220.38138032185287,220.38138032185287
189,FeCoNiCrPd0.005,[40],102.0,hea,Ridge,102.0,321.96498239274194,-219.96498239274194,219.96498239274194
190,FeCoNiCrPd0.03,[40],121.0,hea,Ridge,121.0,315.96733517771906,-194.96733517771906,194.96733517771906
191,FeCoNiCrPd0.06,[40],131.0,hea,Ridge,131.0,310.0233382167573,-179.02333821675728,179.02333821675728
192,FeCoNiCrPd0.12,[40],160.0,hea,Ridge,160.0,300.9954584217561,-140.9954584217561,140.9954584217561
193,FeCoNiCrPd0.25,[40],220.0,hea,Ridge,220.0,288.2307756756769,-68.23077567567691,68.23077567567691
194,FeCoNiCrPd0.50,[40],292.0,hea,Ridge,292.0,277.038398221338,14.961601778661986,14.961601778661986
195,FeCoNiCrAl,[41],290.0,hea,Ridge,290.0,278.05978470202933,11.940215297970667,11.940215297970667
196,FeCoNi1.5Cr0.5Al,[41],150.0,hea,Ridge,150.0,299.4149986720548,-149.41499867205482,149.41499867205482
197,AlxCr0.2MnFe0.5Co0.3Ni0.5(x=0.3),[42],380.0,hea,Ridge,380.0,234.8452401564698,145.1547598435302,145.1547598435302
198,AlxCr0.2MnFe0.5Co0.3Ni0.5(x=0.35),[42],378.0,hea,Ridge,378.0,234.12462662884536,143.87537337115464,143.87537337115464
199,AlxCr0.2MnFe0.5Co0.3Ni0.5(x=0.6),[42],385.0,hea,Ridge,385.0,231.5977173978065,153.4022826021935,153.4022826021935
200,AlxCr0.2MnFe0.5Co0.3Ni0.5(x=0.65),[42],370.0,hea,Ridge,370.0,231.29410049264385,138.70589950735615,138.70589950735615
2,GdTbDyHo,[1],198.0,hea,RandomForest,198.0,149.44569742063493,48.55430257936507,48.55430257936507
3,(GdTbDyHo)99.9Sc0.1,[1],193.0,hea,RandomForest,193.0,131.03270223665223,61.96729776334777,61.96729776334777
4,(GdTbDyHo)99.9Sc0.2,[1],186.0,hea,RandomForest,186.0,152.42427718253967,33.57572281746033,33.57572281746033
5,GdTbDyHo)99.9Sc0.3,[1],181.0,hea,RandomForest,181.0,152.1668486111111,28.833151388888894,28.833151388888894
6,(GdTbDyHo)99.9Sc0.4,[1],181.0,hea,RandomForest,181.0,152.5626343253968,28.4373656746032,28.4373656746032
7,(GdTbDyHo)99.9Sc0.5,[1],176.0,hea,RandomForest,176.0,152.84561845238093,23.154381547619067,23.154381547619067
8,Tb25.11Dy25.03Ho24.4Er 25.43,[2],160.0,hea,RandomForest,160.0,100.15716666666667,59.84283333333333,59.84283333333333
9,Tb23.58Dy25.05Ho25.03Er 26.34,[2],163.9,hea,RandomForest,163.9,111.46292857142855,52.43707142857146,52.43707142857146
10,Gd20Ho20Er20Al20 Fe 20,[3],55.0,hea,RandomForest,55.0,57.7436178210678,-2.743617821067801,2.743617821067801
11,Gd20Ho20Er20Al20 Co 20,[3],39.0,hea,RandomForest,39.0,38.171644624819635,0.8283553751803652,0.8283553751803652
12,Gd20Ho20Er20Al20 Ni 20,[3],25.0,hea,RandomForest,25.0,37.11294284604284,-12.112942846042841,12.112942846042841
13,GdTbHoEr,[4],190.0,hea,RandomForest,190.0,187.86134121454535,2.138658785454652,2.138658785454652
14,GdTbHoErLa,[4],127.0,hea,RandomForest,127.0,164.87667926209838,-37.87667926209838,37.87667926209838
15,GdTbHoErLaY,[4],120.0,hea,RandomForest,120.0,145.0661925415271,-25.0661925415271,25.0661925415271
16,GdTbHoErPr,[4],135.0,hea,RandomForest,135.0,186.6051271724805,-51.60512717248051,51.60512717248051
17,Gd20Dy20Er20Ho20Tb20,[5],186.0,hea,RandomForest,186.0,167.1235392857143,18.876460714285713,18.876460714285713
18,Gd25Er25Ho25Tb25,[5],139.0,hea,RandomForest,139.0,182.99017500000005,-43.99017500000005,43.99017500000005
19,Dy25Er25Ho25Tb25,[5],52.0,hea,RandomForest,52.0,171.98072500000012,-119.98072500000012,119.98072500000012
20,Er33.33Ho33.33Tb33.34,[5],88.0,hea,RandomForest,88.0,271.8495500000001,-183.84955000000008,183.84955000000008
21,Gd10Tb10Dy10Ho10Er10Y10Ni10Co10Ag10Al10,[6],29.0,hea,RandomForest,29.0,61.41967857142859,-32.41967857142859,32.41967857142859
26,Ho20Er20Co20Al20Gd20,[7],37.0,hea,RandomForest,37.0,49.15671198652243,-12.156711986522431,12.156711986522431
27,Ho20Er20Co20Al20Dy20,[7],18.0,hea,RandomForest,18.0,49.15671198652243,-31.15671198652243,31.15671198652243
28,Ho20Er20Co20Al20Tm20,[7],9.0,hea,RandomForest,9.0,56.53391164831896,-47.53391164831896,47.53391164831896
29,Gd25Co25Al25Y25,[8],39.0,hea,RandomForest,39.0,53.701888392857136,-14.701888392857136,14.701888392857136
30,Gd25Co25Al25Y15Dy10,[8],44.0,hea,RandomForest,44.0,47.15994642857143,-3.1599464285714305,3.1599464285714305
31,Gd25Co25Al25Y15Ho10,[8],41.0,hea,RandomForest,41.0,47.15994642857143,-6.1599464285714305,6.1599464285714305
32,Gd25Co25Al25Y15Er10,[8],43.0,hea,RandomForest,43.0,47.25673809523809,-4.2567380952380915,4.2567380952380915
33,Gd25Co25Al25Ho24Y1,[9],51.0,hea,RandomForest,51.0,52.563500000000005,-1.5635000000000048,1.5635000000000048
34,Gd25Co25Al25Ho20Y5,[9],49.0,hea,RandomForest,49.0,43.1765,5.823500000000003,5.823500000000003
35,Gd25Co25Al25Ho15Y10,[9],47.0,hea,RandomForest,47.0,42.7865,4.213500000000003,4.213500000000003
37,Gd20Dy20Er20Co20Al20,[10],44.0,hea,RandomForest,44.0,31.850783333333332,12.149216666666668,12.149216666666668
39,(Gd20Dy20Er20Co20Al20)Si0.5,[10],44.0,hea,RandomForest,44.0,39.48591666666667,4.514083333333332,4.514083333333332
41,(Gd20Dy20Er20Co20Al20)Si1,[10],44.0,hea,RandomForest,44.0,46.97325000000001,-2.9732500000000073,2.9732500000000073
43,(Gd20Dy20Er20Co20Al20)Si3,[10],44.0,hea,RandomForest,44.0,33.762083333333344,10.237916666666656,10.237916666666656
45,(Gd36Tb20Co20Al24)97Fe3(micro_100),[11],98.0,hea,RandomForest,98.0,82.34152380952382,15.65847619047618,15.65847619047618
46,(Gd36Tb20Co20Al24)97Fe3(micro_70),[11],102.0,hea,RandomForest,102.0,82.34152380952382,19.65847619047618,19.65847619047618
53,(Gd36Tb20Co20Al24)97Fe3(micro_100),[11],99.0,hea,RandomForest,99.0,82.34152380952382,16.65847619047618,16.65847619047618
57,V0.85FeCoNiCu1.15,[12],329.0,hea,RandomForest,329.0,281.8040975253123,47.19590247468773,47.19590247468773
60,(MnNiSi)1-x(FeCoGe)x x=0.4,[13],271.0,hea,RandomForest,271.0,359.03808333333336,-88.03808333333336,88.03808333333336
61,(MnNiSi)1-x(FeCoGe)x x=0.42,[13],224.0,hea,RandomForest,224.0,362.1214166666667,-138.12141666666668,138.12141666666668
62,(MnNiSi)1-x(FeCoGe)x x=0.45,[13],232.0,hea,RandomForest,232.0,360.20541666666674,-128.20541666666674,128.20541666666674
63,(MnNiSi)1-x(FeCoGe)x x=0.47,[13],235.0,hea,RandomForest,235.0,357.2400833333333,-122.2400833333333,122.2400833333333
64,(MnNi)0.6Si1-y(FeCo)0.4Gey  y=0.36,[13],327.6,hea,RandomForest,327.6,363.97675000000004,-36.376750000000015,36.376750000000015
65,(MnNi)0.6Si1-y(FeCo)0.4Gey  y=0.38,[13],308.8,hea,RandomForest,308.8,363.49675,-54.69675000000001,54.69675000000001
66,(MnNi)0.6Si1-y(FeCo)0.4Gey  y=0.4,[13],271.3,hea,RandomForest,271.3,359.03808333333336,-87.73808333333335,87.73808333333335
67,(MnNi)0.6Si1-y(FeCo)0.4Gey  y=0.42,[13],295.5,hea,RandomForest,295.5,355.0421666666667,-59.542166666666674,59.542166666666674
68,Gd 20 Tb 18 Dy 18 Co 20 Al 24,[14],59.0,hea,RandomForest,59.0,51.36011670866411,7.639883291335892,7.639883291335892
74,(Gd 0.2 Tb 0.18 Dy 0.18 Co 0.2 Al 0.24 ) 43 H 57,[14],8.0,hea,RandomForest,8.0,98.19639671670919,-90.19639671670919,90.19639671670919
80,CoCuFeMnNi,[15],395.0,hea,RandomForest,395.0,272.9138690476191,122.08613095238093,122.08613095238093
81,CoCu0.975FeMn1.025Ni,[15],321.0,hea,RandomForest,321.0,274.3738690476191,46.62613095238089,46.62613095238089
82,CoCu0.95FeMn1.05Ni,[15],297.0,hea,RandomForest,297.0,278.7538690476191,18.246130952380895,18.246130952380895
83,CoCu0.925FeMn1.075Ni,[15],279.0,hea,RandomForest,279.0,279.68386904761905,-0.683869047619055,0.683869047619055
84,CoCu0.9FeMn1.1Ni,[15],264.0,hea,RandomForest,264.0,279.68386904761905,-15.683869047619055,15.683869047619055
85,CoCuFe0.975Mn1.025Ni,[15],299.0,hea,RandomForest,299.0,272.9138690476191,26.086130952380927,26.086130952380927
86,CoCuFe0.95Mn1.05Ni,[15],292.0,hea,RandomForest,292.0,274.3738690476191,17.62613095238089,17.62613095238089
87,"(Fe,Mn,Ni) 66.7 (Ge 0.5 Si 0.5 ) 33.3",[16],138.0,hea,RandomForest,138.0,279.95767862912834,-141.95767862912834,141.95767862912834
88,"Fe,Mn,Ni) 66.7 (Ge 0.465 Si 0.535 ) 33.3",[16],178.0,hea,RandomForest,178.0,299.158257374741,-121.15825737474103,121.15825737474103
89,"(Fe,Mn,Ni) 66.7 (Ge 0.45 Si 0.55 ) 33.3",[16],200.0,hea,RandomForest,200.0,301.37507224571135,-101.37507224571135,101.37507224571135
90,Fe30Co30Ni30Cr10,[17],651.0,hea,RandomForest,651.0,229.4162574404762,421.5837425595238,421.5837425595238
91,Fe30Co30Ni30Mn10,[17],736.0,hea,RandomForest,736.0,237.3146770833333,498.6853229166667,498.6853229166667
92,Fe30Co30Ni30Cr5Mn5,[17],651.0,hea,RandomForest,651.0,226.38525148809515,424.61474851190485,424.61474851190485
93,CoFeNiCr1.0Cu0.0,[18],113.0,hea,RandomForest,113.0,106.10544940476193,6.894550595238073,6.894550595238073
94,CoFeNiCr1.0Cu0.5,[18],120.0,hea,RandomForest,120.0,234.43887946428563,-114.43887946428563,114.43887946428563
95,CoFeNiCr1.0Cu1.0,[18],110.0,hea,RandomForest,110.0,237.89065922619037,-127.89065922619037,127.89065922619037
96,CoFeNiCr0.8Cu1.0,[18],223.0,hea,RandomForest,223.0,243.59799255952376,-20.59799255952376,20.59799255952376
97,Mn1.75Fe0.25CoNiGe1.6Si0.4,[19],295.0,hea,RandomForest,295.0,331.73720584276833,-36.73720584276833,36.73720584276833
98,AlCrFeCoNiCu,[20],295.0,hea,RandomForest,295.0,275.32775205922763,19.672247940772365,19.672247940772365
100,V0.85FeCoNiCu1.15,[21],297.0,hea,RandomForest,297.0,297.7229166666667,-0.7229166666667197,0.7229166666667197
102,GdTbDyHoErTmCoAl,[22],35.0,hea,RandomForest,35.0,174.24995386904763,-139.24995386904763,139.24995386904763
103,GdTbDyHoErTmCoNi,[22],40.0,hea,RandomForest,40.0,142.97560446428577,-102.97560446428577,102.97560446428577
104,GdTbHoEr,[23],190.0,hea,RandomForest,190.0,155.36486269841265,34.63513730158735,34.63513730158735
105,GdTbHoErLa,[23],117.0,hea,RandomForest,117.0,131.06591159717473,-14.065911597174733,14.065911597174733
106,GdTbHoErLaY,[23],120.0,hea,RandomForest,120.0,126.95322112098425,-6.953221120984253,6.953221120984253
107,ScGdTbDyHo,[24],144.0,hea,RandomForest,144.0,133.11524999999997,10.884750000000025,10.884750000000025
108,ScGdTbDyHo,[24],143.0,hea,RandomForest,143.0,133.11524999999997,9.884750000000025,9.884750000000025
109,ScGdTbDyHo,[24],146.0,hea,RandomForest,146.0,133.11524999999997,12.884750000000025,12.884750000000025
110,ScGdTbDyHo,[24],139.0,hea,RandomForest,139.0,133.11524999999997,5.884750000000025,5.884750000000025
111,LaFe10.8Cr0.2Si2,[25],219.0,hea,RandomForest,219.0,438.4770395833334,-219.4770395833334,219.4770395833334
112,LaFe10Co0.5Ni0.5Si2,[25],285.0,hea,RandomForest,285.0,435.05856041666664,-150.05856041666664,150.05856041666664
113,LaFe10.25Co0.25Ni0.25Cr0.25Si2,[25],247.0,hea,RandomForest,247.0,434.10628958333336,-187.10628958333336,187.10628958333336
114,Mn27Cr7Ni33Ge25Si8,[26],412.0,hea,RandomForest,412.0,336.9178499285696,75.08215007143042,75.08215007143042
118,Fe25Co25Ni25Mo5P10B10,[27],560.0,hea,RandomForest,560.0,395.77084626623366,164.22915373376634,164.22915373376634
121,GdTbHoErY,[28],163.0,hea,RandomForest,163.0,175.38060000000002,-12.380600000000015,12.380600000000015
125,Fe26.7Ni26.7Ga15.6Mn20Si11,[29],322.0,hea,RandomForest,322.0,399.27715580357085,-77.27715580357085,77.27715580357085
126,Fe26.7Ni26.7Ga15.6Mn20Si11,[29],334.0,hea,RandomForest,334.0,399.27715580357085,-65.27715580357085,65.27715580357085
127,Al0.44Cr0.25MnFeCo0.05Ni0.2,[30],340.0,hea,RandomForest,340.0,353.15013541666644,-13.150135416666444,13.150135416666444
128,Mn22.3Fe22.2Ni22.2Ge16.65Si16.65,[31],137.0,hea,RandomForest,137.0,216.11856538443433,-79.11856538443433,79.11856538443433
133,Mn0.94Cr0.3Fe0.5Co0.2Ni0.5Al0.3,[32],321.0,hea,RandomForest,321.0,369.88926190476195,-48.88926190476195,48.88926190476195
134,(Gd36Tb20Co20Al24)99Fe1,[33],94.0,hea,RandomForest,94.0,75.40311779935463,18.596882200645368,18.596882200645368
135,Gd18Ho22Tm20Cu22Al18,[33],33.6,hea,RandomForest,33.6,39.95316657916055,-6.3531665791605505,6.3531665791605505
136,Gd36Tb20Co20Al24,[33],81.0,hea,RandomForest,81.0,60.44226293601384,20.55773706398616,20.55773706398616
137,Gd19Tb19Er18Fe19Al25,[33],97.0,hea,RandomForest,97.0,54.984150595664794,42.015849404335206,42.015849404335206
138,(Gd36Tb20Co20Al24)98Fe2,[33],100.0,hea,RandomForest,100.0,83.62889766137718,16.37110233862282,16.37110233862282
139,Fe24.1Co24.1Ni24.1Cr27.7,[33],36.0,hea,RandomForest,36.0,174.72881213991909,-138.72881213991909,138.72881213991909
140,Fe24.39Co24.39Ni24.39Cr26.83,[33],48.0,hea,RandomForest,48.0,159.61854433783807,-111.61854433783807,111.61854433783807
141,FeCoNiCr,[33],171.0,hea,RandomForest,171.0,155.1271345887139,15.872865411286114,15.872865411286114
142,Fe24.69Co24.69Ni24.69Cr25.93,[33],65.0,hea,RandomForest,65.0,157.82620552267633,-92.82620552267633,92.82620552267633
143,Fe25.3Co25.3Ni25.3Cr24.1,[33],100.0,hea,RandomForest,100.0,154.9953964934758,-54.995396493475795,54.995396493475795
144,Fe25.64Co25.64Ni25.64Cr23.08,[33],131.0,hea,RandomForest,131.0,157.66514004648587,-26.665140046485874,26.665140046485874
145,Fe25.64Co25.64Ni25.64Cr23.08,[33],148.0,hea,RandomForest,148.0,155.1271345887139,-7.127134588713886,7.127134588713886
146,FeCoNi1.5Cr0.5Al,[33],150.0,hea,RandomForest,150.0,271.8921857906747,-121.89218579067472,121.89218579067472
147,Fe26Co26Ni26Cr22,[33],193.0,hea,RandomForest,193.0,243.93421730559504,-50.93421730559504,50.93421730559504
148,Fe23.53Co23.53Ni23.53Cr23.53Pd5.88,[33],210.0,hea,RandomForest,210.0,260.41948674867047,-50.419486748670465,50.419486748670465
149,Fe25Co25Ni25(Mo0.2P0.4B0.4)25,[33],560.0,hea,RandomForest,560.0,309.34786330066896,250.65213669933104,250.65213669933104
150,FeCoNi0.5Cr0.5Al1.5,[33],455.0,hea,RandomForest,455.0,342.21747093043354,112.78252906956646,112.78252906956646
151,FeCoNi0.5Cr0.5Al,[33],685.0,hea,RandomForest,685.0,299.6686245529535,385.3313754470465,385.3313754470465
152,Fe30.7Ni25.7Ga14.6Mn19Si10,[34],442.0,hea,RandomForest,442.0,359.8144944925987,82.18550550740127,82.18550550740127
153,Fe30.7Ni25.7Ga14.6Mn19Si10,[34],462.0,hea,RandomForest,462.0,359.8144944925987,102.18550550740127,102.18550550740127
154,CoFeNi0.5Cr0.5-Alx (x = 0.0),[35],270.0,hea,RandomForest,270.0,425.85966666666667,-155.85966666666667,155.85966666666667
160,CoFeNi0.5Cr0.5-Alx (x = 1.5),[35],455.0,hea,RandomForest,455.0,444.82928928571425,10.170710714285747,10.170710714285747
163,Mn20Al20Co14Fe20Cr26,[36],268.0,hea,RandomForest,268.0,327.02660454872614,-59.02660454872614,59.02660454872614
164,Mn20Al20Co14Fe20Cr26,[36],268.0,hea,RandomForest,268.0,327.02660454872614,-59.02660454872614,59.02660454872614
165,Mn20Al20Co14Fe21Cr25,[36],280.0,hea,RandomForest,280.0,323.91721648956303,-43.91721648956303,43.91721648956303
166,Mn20Al20Co14Fe21Cr25,[36],280.0,hea,RandomForest,280.0,323.91721648956303,-43.91721648956303,43.91721648956303
167,Mn20Al20Co14Fe22Cr24,[36],300.0,hea,RandomForest,300.0,327.14138400839545,-27.14138400839545,27.14138400839545
168,Mn20Al20Co14Fe22Cr24,[36],300.0,hea,RandomForest,300.0,327.14138400839545,-27.14138400839545,27.14138400839545
169,Mn20Al20Co14Fe23Cr23,[36],310.0,hea,RandomForest,310.0,329.0140243787659,-19.014024378765896,19.014024378765896
170,Mn20Al20Co14Fe23Cr23,[36],310.0,hea,RandomForest,310.0,329.0140243787659,-19.014024378765896,19.014024378765896
171,Mn20Cr14Ni33Ge25Si8,[37],361.0,hea,RandomForest,361.0,280.8356000957786,80.1643999042214,80.1643999042214
172,Mn20Cr14Ni33Ge25Si8,[37],361.0,hea,RandomForest,361.0,280.8356000957786,80.1643999042214,80.1643999042214
175,Mn24Cr10Ni33Ge25Si8,[37],387.0,hea,RandomForest,387.0,272.8038176376117,114.1961823623883,114.1961823623883
176,Mn24Cr10Ni33Ge25Si8,[37],387.0,hea,RandomForest,387.0,272.8038176376117,114.1961823623883,114.1961823623883
179,Al20Mn20Fe20Co14.5Cr25.5,[38],282.8,hea,RandomForest,282.8,286.8796142857143,-4.079614285714285,4.079614285714285
181,Al20Mn20Fe20Co15.5Cr24.5,[38],313.7,hea,RandomForest,313.7,298.6601309523809,15.039869047619106,15.039869047619106
183,Al20Mn20Fe20Co16.5Cr23.5,[38],345.8,hea,RandomForest,345.8,301.1826309523809,44.61736904761909,44.61736904761909
185,Dy27Er27Ni26Al20,[39],15.0,hea,RandomForest,15.0,57.42666666666667,-42.42666666666667,42.42666666666667
186,Dy18Er18Y18Ni26Al20,[39],10.0,hea,RandomForest,10.0,50.4424523809524,-40.4424523809524,40.4424523809524
187,Dy13.5Er13.5Y13.5Gd13.5Ni26Al20,[39],22.0,hea,RandomForest,22.0,55.10974404761906,-33.10974404761906,33.10974404761906
188,FeCoNiCr,[40],103.0,hea,RandomForest,103.0,111.8736577380952,-8.873657738095204,8.873657738095204
189,FeCoNiCrPd0.005,[40],102.0,hea,RandomForest,102.0,178.0584821428572,-76.0584821428572,76.0584821428572
190,FeCoNiCrPd0.03,[40],121.0,hea,RandomForest,121.0,217.2134196428572,-96.21341964285719,96.21341964285719
191,FeCoNiCrPd0.06,[40],131.0,hea,RandomForest,131.0,318.14900892857145,-187.14900892857145,187.14900892857145
192,FeCoNiCrPd0.12,[40],160.0,hea,RandomForest,160.0,280.9604791666667,-120.96047916666669,120.96047916666669
193,FeCoNiCrPd0.25,[40],220.0,hea,RandomForest,220.0,288.6494331845237,-68.64943318452367,68.64943318452367
194,FeCoNiCrPd0.50,[40],292.0,hea,RandomForest,292.0,296.9378564980158,-4.937856498015776,4.937856498015776
195,FeCoNiCrAl,[41],290.0,hea,RandomForest,290.0,374.3395619189655,-84.3395619189655,84.3395619189655
196,FeCoNi1.5Cr0.5Al,[41],150.0,hea,RandomForest,150.0,312.34563903837386,-162.34563903837386,162.34563903837386
197,AlxCr0.2MnFe0.5Co0.3Ni0.5(x=0.3),[42],380.0,hea,RandomForest,380.0,302.8616654761904,77.13833452380959,77.13833452380959
198,AlxCr0.2MnFe0.5Co0.3Ni0.5(x=0.35),[42],378.0,hea,RandomForest,378.0,301.07657619047615,76.92342380952385,76.92342380952385
199,AlxCr0.2MnFe0.5Co0.3Ni0.5(x=0.6),[42],385.0,hea,RandomForest,385.0,333.4066500000001,51.59334999999987,51.59334999999987
200,AlxCr0.2MnFe0.5Co0.3Ni0.5(x=0.65),[42],370.0,hea,RandomForest,370.0,335.1288333333334,34.871166666666625,34.871166666666625
2,GdTbDyHo,[1],198.0,hea,GradientBoosting,198.0,171.38268733343133,26.617312666568665,26.617312666568665
3,(GdTbDyHo)99.9Sc0.1,[1],193.0,hea,GradientBoosting,193.0,117.49523815244288,75.50476184755712,75.50476184755712
4,(GdTbDyHo)99.9Sc0.2,[1],186.0,hea,GradientBoosting,186.0,179.4128039905203,6.5871960094796975,6.5871960094796975
5,GdTbDyHo)99.9Sc0.3,[1],181.0,hea,GradientBoosting,181.0,177.21576635240453,3.784233647595471,3.784233647595471
6,(GdTbDyHo)99.9Sc0.4,[1],181.0,hea,GradientBoosting,181.0,169.95292574522873,11.047074254771275,11.047074254771275
7,(GdTbDyHo)99.9Sc0.5,[1],176.0,hea,GradientBoosting,176.0,164.60443963292994,11.395560367070061,11.395560367070061
8,Tb25.11Dy25.03Ho24.4Er 25.43,[2],160.0,hea,GradientBoosting,160.0,58.69875987725118,101.30124012274882,101.30124012274882
9,Tb23.58Dy25.05Ho25.03Er 26.34,[2],163.9,hea,GradientBoosting,163.9,63.5702059803233,100.32979401967671,100.32979401967671
10,Gd20Ho20Er20Al20 Fe 20,[3],55.0,hea,GradientBoosting,55.0,68.25544716180771,-13.255447161807709,13.255447161807709
11,Gd20Ho20Er20Al20 Co 20,[3],39.0,hea,GradientBoosting,39.0,36.769193726533814,2.230806273466186,2.230806273466186
12,Gd20Ho20Er20Al20 Ni 20,[3],25.0,hea,GradientBoosting,25.0,33.310232888049164,-8.310232888049164,8.310232888049164
13,GdTbHoEr,[4],190.0,hea,GradientBoosting,190.0,193.45026259633784,-3.4502625963378364,3.4502625963378364
14,GdTbHoErLa,[4],127.0,hea,GradientBoosting,127.0,136.81137651529264,-9.811376515292636,9.811376515292636
15,GdTbHoErLaY,[4],120.0,hea,GradientBoosting,120.0,109.8456466843219,10.154353315678094,10.154353315678094
16,GdTbHoErPr,[4],135.0,hea,GradientBoosting,135.0,194.31218568908892,-59.31218568908892,59.31218568908892
17,Gd20Dy20Er20Ho20Tb20,[5],186.0,hea,GradientBoosting,186.0,149.78975572227196,36.21024427772804,36.21024427772804
18,Gd25Er25Ho25Tb25,[5],139.0,hea,GradientBoosting,139.0,180.59698308124908,-41.59698308124908,41.59698308124908
19,Dy25Er25Ho25Tb25,[5],52.0,hea,GradientBoosting,52.0,165.53084858936555,-113.53084858936555,113.53084858936555
20,Er33.33Ho33.33Tb33.34,[5],88.0,hea,GradientBoosting,88.0,308.219106691536,-220.219106691536,220.219106691536
21,Gd10Tb10Dy10Ho10Er10Y10Ni10Co10Ag10Al10,[6],29.0,hea,GradientBoosting,29.0,35.87055821470851,-6.87055821470851,6.87055821470851
26,Ho20Er20Co20Al20Gd20,[7],37.0,hea,GradientBoosting,37.0,43.53379362973569,-6.5337936297356904,6.5337936297356904
27,Ho20Er20Co20Al20Dy20,[7],18.0,hea,GradientBoosting,18.0,43.53379362973569,-25.53379362973569,25.53379362973569
28,Ho20Er20Co20Al20Tm20,[7],9.0,hea,GradientBoosting,9.0,44.8218780207901,-35.8218780207901,35.8218780207901
29,Gd25Co25Al25Y25,[8],39.0,hea,GradientBoosting,39.0,45.13777754483065,-6.137777544830648,6.137777544830648
30,Gd25Co25Al25Y15Dy10,[8],44.0,hea,GradientBoosting,44.0,43.929440141167504,0.07055985883249605,0.07055985883249605
31,Gd25Co25Al25Y15Ho10,[8],41.0,hea,GradientBoosting,41.0,43.929440141167504,-2.929440141167504,2.929440141167504
32,Gd25Co25Al25Y15Er10,[8],43.0,hea,GradientBoosting,43.0,41.132665464634194,1.8673345353658064,1.8673345353658064
33,Gd25Co25Al25Ho24Y1,[9],51.0,hea,GradientBoosting,51.0,56.76907343997471,-5.7690734399747114,5.7690734399747114
34,Gd25Co25Al25Ho20Y5,[9],49.0,hea,GradientBoosting,49.0,48.07614713457439,0.9238528654256086,0.9238528654256086
35,Gd25Co25Al25Ho15Y10,[9],47.0,hea,GradientBoosting,47.0,41.75348174872008,5.246518251279923,5.246518251279923
37,Gd20Dy20Er20Co20Al20,[10],44.0,hea,GradientBoosting,44.0,34.24568978122996,9.754310218770037,9.754310218770037
39,(Gd20Dy20Er20Co20Al20)Si0.5,[10],44.0,hea,GradientBoosting,44.0,37.24596996552052,6.754030034479477,6.754030034479477
41,(Gd20Dy20Er20Co20Al20)Si1,[10],44.0,hea,GradientBoosting,44.0,45.605984163745696,-1.6059841637456955,1.6059841637456955
43,(Gd20Dy20Er20Co20Al20)Si3,[10],44.0,hea,GradientBoosting,44.0,19.785222268663784,24.214777731336216,24.214777731336216
45,(Gd36Tb20Co20Al24)97Fe3(micro_100),[11],98.0,hea,GradientBoosting,98.0,91.66503801561753,6.334961984382474,6.334961984382474
46,(Gd36Tb20Co20Al24)97Fe3(micro_70),[11],102.0,hea,GradientBoosting,102.0,91.66503801561753,10.334961984382474,10.334961984382474
53,(Gd36Tb20Co20Al24)97Fe3(micro_100),[11],99.0,hea,GradientBoosting,99.0,91.66503801561753,7.334961984382474,7.334961984382474
57,V0.85FeCoNiCu1.15,[12],329.0,hea,GradientBoosting,329.0,356.732591903732,-27.732591903731986,27.732591903731986
60,(MnNiSi)1-x(FeCoGe)x x=0.4,[13],271.0,hea,GradientBoosting,271.0,385.4795539597998,-114.47955395979977,114.47955395979977
61,(MnNiSi)1-x(FeCoGe)x x=0.42,[13],224.0,hea,GradientBoosting,224.0,386.020869587507,-162.02086958750698,162.02086958750698
62,(MnNiSi)1-x(FeCoGe)x x=0.45,[13],232.0,hea,GradientBoosting,232.0,374.0638385791154,-142.06383857911538,142.06383857911538
63,(MnNiSi)1-x(FeCoGe)x x=0.47,[13],235.0,hea,GradientBoosting,235.0,371.7795972220801,-136.7795972220801,136.7795972220801
64,(MnNi)0.6Si1-y(FeCo)0.4Gey  y=0.36,[13],327.6,hea,GradientBoosting,327.6,388.15425045878726,-60.55425045878724,60.55425045878724
65,(MnNi)0.6Si1-y(FeCo)0.4Gey  y=0.38,[13],308.8,hea,GradientBoosting,308.8,386.4888769994752,-77.68887699947521,77.68887699947521
66,(MnNi)0.6Si1-y(FeCo)0.4Gey  y=0.4,[13],271.3,hea,GradientBoosting,271.3,385.4795539597998,-114.17955395979976,114.17955395979976
67,(MnNi)0.6Si1-y(FeCo)0.4Gey  y=0.42,[13],295.5,hea,GradientBoosting,295.5,385.31171059978755,-89.81171059978755,89.81171059978755
68,Gd 20 Tb 18 Dy 18 Co 20 Al 24,[14],59.0,hea,GradientBoosting,59.0,73.53804454757463,-14.538044547574628,14.538044547574628
74,(Gd 0.2 Tb 0.18 Dy 0.18 Co 0.2 Al 0.24 ) 43 H 57,[14],8.0,hea,GradientBoosting,8.0,92.25763493988502,-84.25763493988502,84.25763493988502
80,CoCuFeMnNi,[15],395.0,hea,GradientBoosting,395.0,270.60393171485487,124.39606828514513,124.39606828514513
81,CoCu0.975FeMn1.025Ni,[15],321.0,hea,GradientBoosting,321.0,275.38936440213575,45.610635597864245,45.610635597864245
82,CoCu0.95FeMn1.05Ni,[15],297.0,hea,GradientBoosting,297.0,278.78158298852026,18.218417011479744,18.218417011479744
83,CoCu0.925FeMn1.075Ni,[15],279.0,hea,GradientBoosting,279.0,283.0543476860867,-4.0543476860867145,4.0543476860867145
84,CoCu0.9FeMn1.1Ni,[15],264.0,hea,GradientBoosting,264.0,280.78908103672654,-16.789081036726543,16.789081036726543
85,CoCuFe0.975Mn1.025Ni,[15],299.0,hea,GradientBoosting,299.0,270.8253279161572,28.17467208384278,28.17467208384278
86,CoCuFe0.95Mn1.05Ni,[15],292.0,hea,GradientBoosting,292.0,274.0221277336145,17.977872266385475,17.977872266385475
87,"(Fe,Mn,Ni) 66.7 (Ge 0.5 Si 0.5 ) 33.3",[16],138.0,hea,GradientBoosting,138.0,137.42917274806697,0.5708272519330251,0.5708272519330251
88,"Fe,Mn,Ni) 66.7 (Ge 0.465 Si 0.535 ) 33.3",[16],178.0,hea,GradientBoosting,178.0,213.7392165932109,-35.7392165932109,35.7392165932109
89,"(Fe,Mn,Ni) 66.7 (Ge 0.45 Si 0.55 ) 33.3",[16],200.0,hea,GradientBoosting,200.0,225.95152815703932,-25.95152815703932,25.95152815703932
90,Fe30Co30Ni30Cr10,[17],651.0,hea,GradientBoosting,651.0,275.3846401652953,375.6153598347047,375.6153598347047
91,Fe30Co30Ni30Mn10,[17],736.0,hea,GradientBoosting,736.0,243.94220067130124,492.05779932869876,492.05779932869876
92,Fe30Co30Ni30Cr5Mn5,[17],651.0,hea,GradientBoosting,651.0,252.69170144082707,398.30829855917295,398.30829855917295
93,CoFeNiCr1.0Cu0.0,[18],113.0,hea,GradientBoosting,113.0,102.2144821084718,10.785517891528201,10.785517891528201
94,CoFeNiCr1.0Cu0.5,[18],120.0,hea,GradientBoosting,120.0,304.0392751335717,-184.03927513357172,184.03927513357172
95,CoFeNiCr1.0Cu1.0,[18],110.0,hea,GradientBoosting,110.0,328.331970089071,-218.33197008907098,218.33197008907098
96,CoFeNiCr0.8Cu1.0,[18],223.0,hea,GradientBoosting,223.0,332.2986781328462,-109.29867813284619,109.29867813284619
97,Mn1.75Fe0.25CoNiGe1.6Si0.4,[19],295.0,hea,GradientBoosting,295.0,329.7134051711832,-34.71340517118318,34.71340517118318
98,AlCrFeCoNiCu,[20],295.0,hea,GradientBoosting,295.0,169.17065865063304,125.82934134936696,125.82934134936696
100,V0.85FeCoNiCu1.15,[21],297.0,hea,GradientBoosting,297.0,272.14490153746226,24.85509846253774,24.85509846253774
102,GdTbDyHoErTmCoAl,[22],35.0,hea,GradientBoosting,35.0,174.4990320963971,-139.4990320963971,139.4990320963971
103,GdTbDyHoErTmCoNi,[22],40.0,hea,GradientBoosting,40.0,142.93197379130484,-102.93197379130484,102.93197379130484
104,GdTbHoEr,[23],190.0,hea,GradientBoosting,190.0,167.95115567988555,22.048844320114455,22.048844320114455
105,GdTbHoErLa,[23],117.0,hea,GradientBoosting,117.0,114.46609564624279,2.533904353757208,2.533904353757208
106,GdTbHoErLaY,[23],120.0,hea,GradientBoosting,120.0,120.23133830869097,-0.23133830869096528,0.23133830869096528
107,ScGdTbDyHo,[24],144.0,hea,GradientBoosting,144.0,136.57565867326116,7.4243413267388405,7.4243413267388405
108,ScGdTbDyHo,[24],143.0,hea,GradientBoosting,143.0,136.57565867326116,6.4243413267388405,6.4243413267388405
109,ScGdTbDyHo,[24],146.0,hea,GradientBoosting,146.0,136.57565867326116,9.42434132673884,9.42434132673884
110,ScGdTbDyHo,[24],139.0,hea,GradientBoosting,139.0,136.57565867326116,2.4243413267388405,2.4243413267388405
111,LaFe10.8Cr0.2Si2,[25],219.0,hea,GradientBoosting,219.0,227.02155801394656,-8.02155801394656,8.02155801394656
112,LaFe10Co0.5Ni0.5Si2,[25],285.0,hea,GradientBoosting,285.0,292.204097136536,-7.2040971365360065,7.2040971365360065
113,LaFe10.25Co0.25Ni0.25Cr0.25Si2,[25],247.0,hea,GradientBoosting,247.0,211.6527594148636,35.347240585136404,35.347240585136404
114,Mn27Cr7Ni33Ge25Si8,[26],412.0,hea,GradientBoosting,412.0,351.99391526717244,60.00608473282756,60.00608473282756
118,Fe25Co25Ni25Mo5P10B10,[27],560.0,hea,GradientBoosting,560.0,630.317653706361,-70.31765370636106,70.31765370636106
121,GdTbHoErY,[28],163.0,hea,GradientBoosting,163.0,165.1144613632668,-2.1144613632667983,2.1144613632667983
125,Fe26.7Ni26.7Ga15.6Mn20Si11,[29],322.0,hea,GradientBoosting,322.0,384.3001100552138,-62.30011005521379,62.30011005521379
126,Fe26.7Ni26.7Ga15.6Mn20Si11,[29],334.0,hea,GradientBoosting,334.0,384.3001100552138,-50.30011005521379,50.30011005521379
127,Al0.44Cr0.25MnFeCo0.05Ni0.2,[30],340.0,hea,GradientBoosting,340.0,406.23003750632034,-66.23003750632034,66.23003750632034
128,Mn22.3Fe22.2Ni22.2Ge16.65Si16.65,[31],137.0,hea,GradientBoosting,137.0,152.5006724852571,-15.500672485257098,15.500672485257098
133,Mn0.94Cr0.3Fe0.5Co0.2Ni0.5Al0.3,[32],321.0,hea,GradientBoosting,321.0,389.6918347846978,-68.69183478469779,68.69183478469779
134,(Gd36Tb20Co20Al24)99Fe1,[33],94.0,hea,GradientBoosting,94.0,69.42079190860039,24.579208091399607,24.579208091399607
135,Gd18Ho22Tm20Cu22Al18,[33],33.6,hea,GradientBoosting,33.6,44.61790917247367,-11.017909172473665,11.017909172473665
136,Gd36Tb20Co20Al24,[33],81.0,hea,GradientBoosting,81.0,43.86928945440497,37.13071054559503,37.13071054559503
137,Gd19Tb19Er18Fe19Al25,[33],97.0,hea,GradientBoosting,97.0,61.87902197125891,35.12097802874109,35.12097802874109
138,(Gd36Tb20Co20Al24)98Fe2,[33],100.0,hea,GradientBoosting,100.0,88.59216459855051,11.40783540144949,11.40783540144949
139,Fe24.1Co24.1Ni24.1Cr27.7,[33],36.0,hea,GradientBoosting,36.0,112.86618501488701,-76.86618501488701,76.86618501488701
140,Fe24.39Co24.39Ni24.39Cr26.83,[33],48.0,hea,GradientBoosting,48.0,110.11031505897554,-62.110315058975544,62.110315058975544
141,FeCoNiCr,[33],171.0,hea,GradientBoosting,171.0,108.7511347236921,62.248865276307896,62.248865276307896
142,Fe24.69Co24.69Ni24.69Cr25.93,[33],65.0,hea,GradientBoosting,65.0,106.13022290130802,-41.13022290130802,41.13022290130802
143,Fe25.3Co25.3Ni25.3Cr24.1,[33],100.0,hea,GradientBoosting,100.0,107.03658916189968,-7.036589161899684,7.036589161899684
144,Fe25.64Co25.64Ni25.64Cr23.08,[33],131.0,hea,GradientBoosting,131.0,107.72298133733939,23.27701866266061,23.27701866266061
145,Fe25.64Co25.64Ni25.64Cr23.08,[33],148.0,hea,GradientBoosting,148.0,108.7511347236921,39.248865276307896,39.248865276307896
146,FeCoNi1.5Cr0.5Al,[33],150.0,hea,GradientBoosting,150.0,158.46675697887494,-8.46675697887494,8.46675697887494
147,Fe26Co26Ni26Cr22,[33],193.0,hea,GradientBoosting,193.0,281.73452503609485,-88.73452503609485,88.73452503609485
148,Fe23.53Co23.53Ni23.53Cr23.53Pd5.88,[33],210.0,hea,GradientBoosting,210.0,187.68250661427467,22.317493385725328,22.317493385725328
149,Fe25Co25Ni25(Mo0.2P0.4B0.4)25,[33],560.0,hea,GradientBoosting,560.0,390.4016202696791,169.59837973032091,169.59837973032091
150,FeCoNi0.5Cr0.5Al1.5,[33],455.0,hea,GradientBoosting,455.0,451.8676744433486,3.132325556651381,3.132325556651381
151,FeCoNi0.5Cr0.5Al,[33],685.0,hea,GradientBoosting,685.0,339.33668499883026,345.66331500116974,345.66331500116974
152,Fe30.7Ni25.7Ga14.6Mn19Si10,[34],442.0,hea,GradientBoosting,442.0,388.43478724457987,53.565212755420134,53.565212755420134
153,Fe30.7Ni25.7Ga14.6Mn19Si10,[34],462.0,hea,GradientBoosting,462.0,388.43478724457987,73.56521275542013,73.56521275542013
154,CoFeNi0.5Cr0.5-Alx (x = 0.0),[35],270.0,hea,GradientBoosting,270.0,526.5527150211658,-256.5527150211658,256.5527150211658
160,CoFeNi0.5Cr0.5-Alx (x = 1.5),[35],455.0,hea,GradientBoosting,455.0,469.11499681391007,-14.114996813910068,14.114996813910068
163,Mn20Al20Co14Fe20Cr26,[36],268.0,hea,GradientBoosting,268.0,284.89166353859446,-16.891663538594457,16.891663538594457
164,Mn20Al20Co14Fe20Cr26,[36],268.0,hea,GradientBoosting,268.0,284.89166353859446,-16.891663538594457,16.891663538594457
165,Mn20Al20Co14Fe21Cr25,[36],280.0,hea,GradientBoosting,280.0,283.99683916570467,-3.996839165704671,3.996839165704671
166,Mn20Al20Co14Fe21Cr25,[36],280.0,hea,GradientBoosting,280.0,283.99683916570467,-3.996839165704671,3.996839165704671
167,Mn20Al20Co14Fe22Cr24,[36],300.0,hea,GradientBoosting,300.0,286.7163080442939,13.283691955706104,13.283691955706104
168,Mn20Al20Co14Fe22Cr24,[36],300.0,hea,GradientBoosting,300.0,286.7163080442939,13.283691955706104,13.283691955706104
169,Mn20Al20Co14Fe23Cr23,[36],310.0,hea,GradientBoosting,310.0,293.8013882426889,16.198611757311085,16.198611757311085
170,Mn20Al20Co14Fe23Cr23,[36],310.0,hea,GradientBoosting,310.0,293.8013882426889,16.198611757311085,16.198611757311085
171,Mn20Cr14Ni33Ge25Si8,[37],361.0,hea,GradientBoosting,361.0,252.1868380983734,108.81316190162659,108.81316190162659
172,Mn20Cr14Ni33Ge25Si8,[37],361.0,hea,GradientBoosting,361.0,252.1868380983734,108.81316190162659,108.81316190162659
175,Mn24Cr10Ni33Ge25Si8,[37],387.0,hea,GradientBoosting,387.0,248.8132164933139,138.1867835066861,138.1867835066861
176,Mn24Cr10Ni33Ge25Si8,[37],387.0,hea,GradientBoosting,387.0,248.8132164933139,138.1867835066861,138.1867835066861
179,Al20Mn20Fe20Co14.5Cr25.5,[38],282.8,hea,GradientBoosting,282.8,286.6277526445792,-3.8277526445791636,3.8277526445791636
181,Al20Mn20Fe20Co15.5Cr24.5,[38],313.7,hea,GradientBoosting,313.7,283.86821994284753,29.831780057152457,29.831780057152457
183,Al20Mn20Fe20Co16.5Cr23.5,[38],345.8,hea,GradientBoosting,345.8,284.5254702516839,61.27452974831613,61.27452974831613
185,Dy27Er27Ni26Al20,[39],15.0,hea,GradientBoosting,15.0,49.739580789809324,-34.739580789809324,34.739580789809324
186,Dy18Er18Y18Ni26Al20,[39],10.0,hea,GradientBoosting,10.0,49.7108025698254,-39.7108025698254,39.7108025698254
187,Dy13.5Er13.5Y13.5Gd13.5Ni26Al20,[39],22.0,hea,GradientBoosting,22.0,49.126416126177915,-27.126416126177915,27.126416126177915
188,FeCoNiCr,[40],103.0,hea,GradientBoosting,103.0,107.58731175263723,-4.587311752637234,4.587311752637234
189,FeCoNiCrPd0.005,[40],102.0,hea,GradientBoosting,102.0,186.6813911071154,-84.68139110711539,84.68139110711539
190,FeCoNiCrPd0.03,[40],121.0,hea,GradientBoosting,121.0,228.29023710223618,-107.29023710223618,107.29023710223618
191,FeCoNiCrPd0.06,[40],131.0,hea,GradientBoosting,131.0,238.9323595364621,-107.93235953646209,107.93235953646209
192,FeCoNiCrPd0.12,[40],160.0,hea,GradientBoosting,160.0,250.28302869459054,-90.28302869459054,90.28302869459054
193,FeCoNiCrPd0.25,[40],220.0,hea,GradientBoosting,220.0,225.15651972989232,-5.156519729892324,5.156519729892324
194,FeCoNiCrPd0.50,[40],292.0,hea,GradientBoosting,292.0,263.56620286589646,28.433797134103543,28.433797134103543
195,FeCoNiCrAl,[41],290.0,hea,GradientBoosting,290.0,398.48513472765427,-108.48513472765427,108.48513472765427
196,FeCoNi1.5Cr0.5Al,[41],150.0,hea,GradientBoosting,150.0,237.75128225049036,-87.75128225049036,87.75128225049036
197,AlxCr0.2MnFe0.5Co0.3Ni0.5(x=0.3),[42],380.0,hea,GradientBoosting,380.0,327.1175099724257,52.882490027574306,52.882490027574306
198,AlxCr0.2MnFe0.5Co0.3Ni0.5(x=0.35),[42],378.0,hea,GradientBoosting,378.0,374.2928788949858,3.7071211050142097,3.7071211050142097
199,AlxCr0.2MnFe0.5Co0.3Ni0.5(x=0.6),[42],385.0,hea,GradientBoosting,385.0,398.7302348347826,-13.730234834782607,13.730234834782607
200,AlxCr0.2MnFe0.5Co0.3Ni0.5(x=0.65),[42],370.0,hea,GradientBoosting,370.0,405.0333323873734,-35.03333238737338,35.03333238737338
2,GdTbDyHo,[1],198.0,hea,SVR,198.0,159.75988014903447,38.24011985096553,38.24011985096553
3,(GdTbDyHo)99.9Sc0.1,[1],193.0,hea,SVR,193.0,156.33418648955913,36.66581351044087,36.66581351044087
4,(GdTbDyHo)99.9Sc0.2,[1],186.0,hea,SVR,186.0,159.04762162219473,26.952378377805275,26.952378377805275
5,GdTbDyHo)99.9Sc0.3,[1],181.0,hea,SVR,181.0,158.71968402496444,22.280315975035563,22.280315975035563
6,(GdTbDyHo)99.9Sc0.4,[1],181.0,hea,SVR,181.0,158.39718423227455,22.602815767725446,22.602815767725446
7,(GdTbDyHo)99.9Sc0.5,[1],176.0,hea,SVR,176.0,158.07803301518896,17.921966984811036,17.921966984811036
8,Tb25.11Dy25.03Ho24.4Er 25.43,[2],160.0,hea,SVR,160.0,176.30904592570042,-16.309045925700417,16.309045925700417
9,Tb23.58Dy25.05Ho25.03Er 26.34,[2],163.9,hea,SVR,163.9,177.8819338339145,-13.981933833914496,13.981933833914496
10,Gd20Ho20Er20Al20 Fe 20,[3],55.0,hea,SVR,55.0,95.39513133250885,-40.39513133250885,40.39513133250885
11,Gd20Ho20Er20Al20 Co 20,[3],39.0,hea,SVR,39.0,49.23272141109676,-10.232721411096762,10.232721411096762
12,Gd20Ho20Er20Al20 Ni 20,[3],25.0,hea,SVR,25.0,39.31746830800752,-14.31746830800752,14.31746830800752
13,GdTbHoEr,[4],190.0,hea,SVR,190.0,162.01857745796784,27.981422542032163,27.981422542032163
14,GdTbHoErLa,[4],127.0,hea,SVR,127.0,114.3801313350511,12.619868664948896,12.619868664948896
15,GdTbHoErLaY,[4],120.0,hea,SVR,120.0,125.86469516910876,-5.8646951691087565,5.8646951691087565
16,GdTbHoErPr,[4],135.0,hea,SVR,135.0,113.63070391487179,21.369296085128212,21.369296085128212
17,Gd20Dy20Er20Ho20Tb20,[5],186.0,hea,SVR,186.0,164.5277960951835,21.472203904816496,21.472203904816496
18,Gd25Er25Ho25Tb25,[5],139.0,hea,SVR,139.0,186.42195795148052,-47.42195795148052,47.42195795148052
19,Dy25Er25Ho25Tb25,[5],52.0,hea,SVR,52.0,175.45247886615044,-123.45247886615044,123.45247886615044
20,Er33.33Ho33.33Tb33.34,[5],88.0,hea,SVR,88.0,224.99231944513733,-136.99231944513733,136.99231944513733
21,Gd10Tb10Dy10Ho10Er10Y10Ni10Co10Ag10Al10,[6],29.0,hea,SVR,29.0,213.28872213171914,-184.28872213171914,184.28872213171914
26,Ho20Er20Co20Al20Gd20,[7],37.0,hea,SVR,37.0,42.77519472749003,-5.775194727490032,5.775194727490032
27,Ho20Er20Co20Al20Dy20,[7],18.0,hea,SVR,18.0,37.492211121179054,-19.492211121179054,19.492211121179054
28,Ho20Er20Co20Al20Tm20,[7],9.0,hea,SVR,9.0,28.68403500758697,-19.68403500758697,19.68403500758697
29,Gd25Co25Al25Y25,[8],39.0,hea,SVR,39.0,55.746418081489026,-16.746418081489026,16.746418081489026
30,Gd25Co25Al25Y15Dy10,[8],44.0,hea,SVR,44.0,47.44157917656716,-3.44157917656716,3.44157917656716
31,Gd25Co25Al25Y15Ho10,[8],41.0,hea,SVR,41.0,46.65144630911976,-5.651446309119763,5.651446309119763
32,Gd25Co25Al25Y15Er10,[8],43.0,hea,SVR,43.0,44.57413949788997,-1.5741394978899734,1.5741394978899734
33,Gd25Co25Al25Ho24Y1,[9],51.0,hea,SVR,51.0,43.76039817005096,7.239601829949038,7.239601829949038
34,Gd25Co25Al25Ho20Y5,[9],49.0,hea,SVR,49.0,44.370925145625165,4.629074854374835,4.629074854374835
35,Gd25Co25Al25Ho15Y10,[9],47.0,hea,SVR,47.0,41.71412771680767,5.285872283192333,5.285872283192333
37,Gd20Dy20Er20Co20Al20,[10],44.0,hea,SVR,44.0,30.956700628860915,13.043299371139085,13.043299371139085
39,(Gd20Dy20Er20Co20Al20)Si0.5,[10],44.0,hea,SVR,44.0,22.026269380753206,21.973730619246794,21.973730619246794
41,(Gd20Dy20Er20Co20Al20)Si1,[10],44.0,hea,SVR,44.0,18.282227919519926,25.717772080480074,25.717772080480074
43,(Gd20Dy20Er20Co20Al20)Si3,[10],44.0,hea,SVR,44.0,29.492258966455182,14.507741033544818,14.507741033544818
45,(Gd36Tb20Co20Al24)97Fe3(micro_100),[11],98.0,hea,SVR,98.0,104.4727498213154,-6.4727498213154036,6.4727498213154036
46,(Gd36Tb20Co20Al24)97Fe3(micro_70),[11],102.0,hea,SVR,102.0,104.4727498213154,-2.4727498213154036,2.4727498213154036
53,(Gd36Tb20Co20Al24)97Fe3(micro_100),[11],99.0,hea,SVR,99.0,104.4727498213154,-5.4727498213154036,5.4727498213154036
57,V0.85FeCoNiCu1.15,[12],329.0,hea,SVR,329.0,211.52548631460263,117.47451368539737,117.47451368539737
60,(MnNiSi)1-x(FeCoGe)x x=0.4,[13],271.0,hea,SVR,271.0,113.74374115255631,157.2562588474437,157.2562588474437
61,(MnNiSi)1-x(FeCoGe)x x=0.42,[13],224.0,hea,SVR,224.0,114.10834842608588,109.89165157391412,109.89165157391412
62,(MnNiSi)1-x(FeCoGe)x x=0.45,[13],232.0,hea,SVR,232.0,112.68978091528984,119.31021908471016,119.31021908471016
63,(MnNiSi)1-x(FeCoGe)x x=0.47,[13],235.0,hea,SVR,235.0,109.92174381126685,125.07825618873315,125.07825618873315
64,(MnNi)0.6Si1-y(FeCo)0.4Gey  y=0.36,[13],327.6,hea,SVR,327.6,118.35003361797997,209.24996638202003,209.24996638202003
65,(MnNi)0.6Si1-y(FeCo)0.4Gey  y=0.38,[13],308.8,hea,SVR,308.8,116.23535752139416,192.56464247860583,192.56464247860583
66,(MnNi)0.6Si1-y(FeCo)0.4Gey  y=0.4,[13],271.3,hea,SVR,271.3,113.74374115255631,157.5562588474437,157.5562588474437
67,(MnNi)0.6Si1-y(FeCo)0.4Gey  y=0.42,[13],295.5,hea,SVR,295.5,110.91223395752438,184.5877660424756,184.5877660424756
68,Gd 20 Tb 18 Dy 18 Co 20 Al 24,[14],59.0,hea,SVR,59.0,63.862744305121794,-4.862744305121794,4.862744305121794
74,(Gd 0.2 Tb 0.18 Dy 0.18 Co 0.2 Al 0.24 ) 43 H 57,[14],8.0,hea,SVR,8.0,283.6582687339901,-275.6582687339901,275.6582687339901
80,CoCuFeMnNi,[15],395.0,hea,SVR,395.0,321.22472176267837,73.77527823732163,73.77527823732163
81,CoCu0.975FeMn1.025Ni,[15],321.0,hea,SVR,321.0,317.85358767572154,3.146412324278458,3.146412324278458
82,CoCu0.95FeMn1.05Ni,[15],297.0,hea,SVR,297.0,314.75519346309767,-17.75519346309767,17.75519346309767
83,CoCu0.925FeMn1.075Ni,[15],279.0,hea,SVR,279.0,311.8524430368893,-32.852443036889326,32.852443036889326
84,CoCu0.9FeMn1.1Ni,[15],264.0,hea,SVR,264.0,309.16899370959436,-45.16899370959436,45.16899370959436
85,CoCuFe0.975Mn1.025Ni,[15],299.0,hea,SVR,299.0,319.8314593690029,-20.831459369002914,20.831459369002914
86,CoCuFe0.95Mn1.05Ni,[15],292.0,hea,SVR,292.0,318.5625712273189,-26.562571227318927,26.562571227318927
87,"(Fe,Mn,Ni) 66.7 (Ge 0.5 Si 0.5 ) 33.3",[16],138.0,hea,SVR,138.0,324.8224428413224,-186.8224428413224,186.8224428413224
88,"Fe,Mn,Ni) 66.7 (Ge 0.465 Si 0.535 ) 33.3",[16],178.0,hea,SVR,178.0,325.51467844465185,-147.51467844465185,147.51467844465185
89,"(Fe,Mn,Ni) 66.7 (Ge 0.45 Si 0.55 ) 33.3",[16],200.0,hea,SVR,200.0,326.08170278577495,-126.08170278577495,126.08170278577495
90,Fe30Co30Ni30Cr10,[17],651.0,hea,SVR,651.0,143.28335215644188,507.7166478435581,507.7166478435581
91,Fe30Co30Ni30Mn10,[17],736.0,hea,SVR,736.0,158.071126956785,577.9288730432149,577.9288730432149
92,Fe30Co30Ni30Cr5Mn5,[17],651.0,hea,SVR,651.0,137.08481022867545,513.9151897713245,513.9151897713245
93,CoFeNiCr1.0Cu0.0,[18],113.0,hea,SVR,113.0,103.19969087191606,9.800309128083939,9.800309128083939
94,CoFeNiCr1.0Cu0.5,[18],120.0,hea,SVR,120.0,246.94012360983197,-126.94012360983197,126.94012360983197
95,CoFeNiCr1.0Cu1.0,[18],110.0,hea,SVR,110.0,303.827220103801,-193.82722010380098,193.82722010380098
96,CoFeNiCr0.8Cu1.0,[18],223.0,hea,SVR,223.0,308.98389819901274,-85.98389819901274,85.98389819901274
97,Mn1.75Fe0.25CoNiGe1.6Si0.4,[19],295.0,hea,SVR,295.0,293.9406865782773,1.0593134217227202,1.0593134217227202
98,AlCrFeCoNiCu,[20],295.0,hea,SVR,295.0,272.9419278243465,22.05807217565348,22.05807217565348
100,V0.85FeCoNiCu1.15,[21],297.0,hea,SVR,297.0,232.45809439481897,64.54190560518103,64.54190560518103
102,GdTbDyHoErTmCoAl,[22],35.0,hea,SVR,35.0,193.0435073112541,-158.0435073112541,158.0435073112541
103,GdTbDyHoErTmCoNi,[22],40.0,hea,SVR,40.0,195.1792482698415,-155.1792482698415,155.1792482698415
104,GdTbHoEr,[23],190.0,hea,SVR,190.0,170.81604227981165,19.183957720188346,19.183957720188346
105,GdTbHoErLa,[23],117.0,hea,SVR,117.0,130.11667769968054,-13.116677699680537,13.116677699680537
106,GdTbHoErLaY,[23],120.0,hea,SVR,120.0,116.54460300195089,3.4553969980491104,3.4553969980491104
107,ScGdTbDyHo,[24],144.0,hea,SVR,144.0,165.230138608885,-21.230138608885,21.230138608885
108,ScGdTbDyHo,[24],143.0,hea,SVR,143.0,165.230138608885,-22.230138608885,22.230138608885
109,ScGdTbDyHo,[24],146.0,hea,SVR,146.0,165.230138608885,-19.230138608885,19.230138608885
110,ScGdTbDyHo,[24],139.0,hea,SVR,139.0,165.230138608885,-26.230138608885,26.230138608885
111,LaFe10.8Cr0.2Si2,[25],219.0,hea,SVR,219.0,228.04618114440993,-9.046181144409928,9.046181144409928
112,LaFe10Co0.5Ni0.5Si2,[25],285.0,hea,SVR,285.0,207.63090110755638,77.36909889244362,77.36909889244362
113,LaFe10.25Co0.25Ni0.25Cr0.25Si2,[25],247.0,hea,SVR,247.0,209.61436534756507,37.38563465243493,37.38563465243493
114,Mn27Cr7Ni33Ge25Si8,[26],412.0,hea,SVR,412.0,406.88658558871794,5.113414411282065,5.113414411282065
118,Fe25Co25Ni25Mo5P10B10,[27],560.0,hea,SVR,560.0,163.0938970257637,396.9061029742363,396.9061029742363
121,GdTbHoErY,[28],163.0,hea,SVR,163.0,183.71963830359937,-20.719638303599368,20.719638303599368
125,Fe26.7Ni26.7Ga15.6Mn20Si11,[29],322.0,hea,SVR,322.0,447.4904876610203,-125.49048766102032,125.49048766102032
126,Fe26.7Ni26.7Ga15.6Mn20Si11,[29],334.0,hea,SVR,334.0,447.4904876610203,-113.49048766102032,113.49048766102032
127,Al0.44Cr0.25MnFeCo0.05Ni0.2,[30],340.0,hea,SVR,340.0,158.12778912786413,181.87221087213587,181.87221087213587
128,Mn22.3Fe22.2Ni22.2Ge16.65Si16.65,[31],137.0,hea,SVR,137.0,282.7285366050608,-145.7285366050608,145.7285366050608
133,Mn0.94Cr0.3Fe0.5Co0.2Ni0.5Al0.3,[32],321.0,hea,SVR,321.0,364.2861211061711,-43.286121106171095,43.286121106171095
134,(Gd36Tb20Co20Al24)99Fe1,[33],94.0,hea,SVR,94.0,80.0247304308771,13.9752695691229,13.9752695691229
135,Gd18Ho22Tm20Cu22Al18,[33],33.6,hea,SVR,33.6,64.6154723061799,-31.015472306179895,31.015472306179895
136,Gd36Tb20Co20Al24,[33],81.0,hea,SVR,81.0,91.22197258457024,-10.221972584570238,10.221972584570238
137,Gd19Tb19Er18Fe19Al25,[33],97.0,hea,SVR,97.0,65.96296490985796,31.03703509014204,31.03703509014204
138,(Gd36Tb20Co20Al24)98Fe2,[33],100.0,hea,SVR,100.0,73.20616155354465,26.793838446455354,26.793838446455354
139,Fe24.1Co24.1Ni24.1Cr27.7,[33],36.0,hea,SVR,36.0,234.2959202794198,-198.2959202794198,198.2959202794198
140,Fe24.39Co24.39Ni24.39Cr26.83,[33],48.0,hea,SVR,48.0,234.02919572555328,-186.02919572555328,186.02919572555328
141,FeCoNiCr,[33],171.0,hea,SVR,171.0,231.833442002988,-60.833442002987994,60.833442002987994
142,Fe24.69Co24.69Ni24.69Cr25.93,[33],65.0,hea,SVR,65.0,233.65738827089558,-168.65738827089558,168.65738827089558
143,Fe25.3Co25.3Ni25.3Cr24.1,[33],100.0,hea,SVR,100.0,231.8140343955199,-131.8140343955199,131.8140343955199
144,Fe25.64Co25.64Ni25.64Cr23.08,[33],131.0,hea,SVR,131.0,232.59953689267786,-101.59953689267786,101.59953689267786
145,Fe25.64Co25.64Ni25.64Cr23.08,[33],148.0,hea,SVR,148.0,231.833442002988,-83.833442002988,83.833442002988
146,FeCoNi1.5Cr0.5Al,[33],150.0,hea,SVR,150.0,280.20228313769985,-130.20228313769985,130.20228313769985
147,Fe26Co26Ni26Cr22,[33],193.0,hea,SVR,193.0,230.88380204350534,-37.88380204350534,37.88380204350534
148,Fe23.53Co23.53Ni23.53Cr23.53Pd5.88,[33],210.0,hea,SVR,210.0,276.62465522683465,-66.62465522683465,66.62465522683465
149,Fe25Co25Ni25(Mo0.2P0.4B0.4)25,[33],560.0,hea,SVR,560.0,246.5434235782042,313.45657642179583,313.45657642179583
150,FeCoNi0.5Cr0.5Al1.5,[33],455.0,hea,SVR,455.0,292.68660737780885,162.31339262219115,162.31339262219115
151,FeCoNi0.5Cr0.5Al,[33],685.0,hea,SVR,685.0,288.36277487165455,396.63722512834545,396.63722512834545
152,Fe30.7Ni25.7Ga14.6Mn19Si10,[34],442.0,hea,SVR,442.0,317.24528116571423,124.75471883428577,124.75471883428577
153,Fe30.7Ni25.7Ga14.6Mn19Si10,[34],462.0,hea,SVR,462.0,317.24528116571423,144.75471883428577,144.75471883428577
154,CoFeNi0.5Cr0.5-Alx (x = 0.0),[35],270.0,hea,SVR,270.0,249.9593187303181,20.040681269681897,20.040681269681897
160,CoFeNi0.5Cr0.5-Alx (x = 1.5),[35],455.0,hea,SVR,455.0,370.18720731134783,84.81279268865217,84.81279268865217
163,Mn20Al20Co14Fe20Cr26,[36],268.0,hea,SVR,268.0,310.4395062006756,-42.43950620067562,42.43950620067562
164,Mn20Al20Co14Fe20Cr26,[36],268.0,hea,SVR,268.0,310.4395062006756,-42.43950620067562,42.43950620067562
165,Mn20Al20Co14Fe21Cr25,[36],280.0,hea,SVR,280.0,312.36026285553,-32.36026285552998,32.36026285552998
166,Mn20Al20Co14Fe21Cr25,[36],280.0,hea,SVR,280.0,312.36026285553,-32.36026285552998,32.36026285552998
167,Mn20Al20Co14Fe22Cr24,[36],300.0,hea,SVR,300.0,314.448373599878,-14.448373599877982,14.448373599877982
168,Mn20Al20Co14Fe22Cr24,[36],300.0,hea,SVR,300.0,314.448373599878,-14.448373599877982,14.448373599877982
169,Mn20Al20Co14Fe23Cr23,[36],310.0,hea,SVR,310.0,316.69251699576046,-6.692516995760457,6.692516995760457
170,Mn20Al20Co14Fe23Cr23,[36],310.0,hea,SVR,310.0,316.69251699576046,-6.692516995760457,6.692516995760457
171,Mn20Cr14Ni33Ge25Si8,[37],361.0,hea,SVR,361.0,328.379225019885,32.620774980115016,32.620774980115016
172,Mn20Cr14Ni33Ge25Si8,[37],361.0,hea,SVR,361.0,328.379225019885,32.620774980115016,32.620774980115016
175,Mn24Cr10Ni33Ge25Si8,[37],387.0,hea,SVR,387.0,373.8237625304563,13.176237469543707,13.176237469543707
176,Mn24Cr10Ni33Ge25Si8,[37],387.0,hea,SVR,387.0,373.8237625304563,13.176237469543707,13.176237469543707
179,Al20Mn20Fe20Co14.5Cr25.5,[38],282.8,hea,SVR,282.8,295.8869919691828,-13.086991969182804,13.086991969182804
181,Al20Mn20Fe20Co15.5Cr24.5,[38],313.7,hea,SVR,313.7,300.08782419925035,13.61217580074964,13.61217580074964
183,Al20Mn20Fe20Co16.5Cr23.5,[38],345.8,hea,SVR,345.8,304.4357149567273,41.36428504327273,41.36428504327273
185,Dy27Er27Ni26Al20,[39],15.0,hea,SVR,15.0,98.23983478024677,-83.23983478024677,83.23983478024677
186,Dy18Er18Y18Ni26Al20,[39],10.0,hea,SVR,10.0,46.22025515293679,-36.22025515293679,36.22025515293679
187,Dy13.5Er13.5Y13.5Gd13.5Ni26Al20,[39],22.0,hea,SVR,22.0,55.1779511950629,-33.1779511950629,33.1779511950629
188,FeCoNiCr,[40],103.0,hea,SVR,103.0,154.3704491030083,-51.3704491030083,51.3704491030083
189,FeCoNiCrPd0.005,[40],102.0,hea,SVR,102.0,142.00373636636843,-40.00373636636843,40.00373636636843
190,FeCoNiCrPd0.03,[40],121.0,hea,SVR,121.0,112.5068747874088,8.493125212591195,8.493125212591195
191,FeCoNiCrPd0.06,[40],131.0,hea,SVR,131.0,128.83699631362322,2.1630036863767828,2.1630036863767828
192,FeCoNiCrPd0.12,[40],160.0,hea,SVR,160.0,206.2396201964429,-46.2396201964429,46.2396201964429
193,FeCoNiCrPd0.25,[40],220.0,hea,SVR,220.0,297.7128790981151,-77.71287909811508,77.71287909811508
194,FeCoNiCrPd0.50,[40],292.0,hea,SVR,292.0,295.80334034926113,-3.803340349261134,3.803340349261134
195,FeCoNiCrAl,[41],290.0,hea,SVR,290.0,370.9885190000625,-80.98851900006252,80.98851900006252
196,FeCoNi1.5Cr0.5Al,[41],150.0,hea,SVR,150.0,388.2760340639385,-238.27603406393848,238.27603406393848
197,AlxCr0.2MnFe0.5Co0.3Ni0.5(x=0.3),[42],380.0,hea,SVR,380.0,308.0085032753043,71.99149672469571,71.99149672469571
198,AlxCr0.2MnFe0.5Co0.3Ni0.5(x=0.35),[42],378.0,hea,SVR,378.0,311.0565632346078,66.94343676539222,66.94343676539222
199,AlxCr0.2MnFe0.5Co0.3Ni0.5(x=0.6),[42],385.0,hea,SVR,385.0,319.27479414782715,65.72520585217285,65.72520585217285
200,AlxCr0.2MnFe0.5Co0.3Ni0.5(x=0.65),[42],370.0,hea,SVR,370.0,319.84488668458846,50.15511331541154,50.15511331541154
2,GdTbDyHo,[1],198.0,hea,XGBoost,198.0,115.13621520996094,82.86378479003906,82.86378479003906
3,(GdTbDyHo)99.9Sc0.1,[1],193.0,hea,XGBoost,193.0,104.26505279541016,88.73494720458984,88.73494720458984
4,(GdTbDyHo)99.9Sc0.2,[1],186.0,hea,XGBoost,186.0,135.70375061035156,50.29624938964844,50.29624938964844
5,GdTbDyHo)99.9Sc0.3,[1],181.0,hea,XGBoost,181.0,168.3599853515625,12.6400146484375,12.6400146484375
6,(GdTbDyHo)99.9Sc0.4,[1],181.0,hea,XGBoost,181.0,168.3599853515625,12.6400146484375,12.6400146484375
7,(GdTbDyHo)99.9Sc0.5,[1],176.0,hea,XGBoost,176.0,164.49758911132812,11.502410888671875,11.502410888671875
8,Tb25.11Dy25.03Ho24.4Er 25.43,[2],160.0,hea,XGBoost,160.0,66.2011947631836,93.7988052368164,93.7988052368164
9,Tb23.58Dy25.05Ho25.03Er 26.34,[2],163.9,hea,XGBoost,163.9,56.66629409790039,107.23370590209962,107.23370590209962
10,Gd20Ho20Er20Al20 Fe 20,[3],55.0,hea,XGBoost,55.0,75.87310791015625,-20.87310791015625,20.87310791015625
11,Gd20Ho20Er20Al20 Co 20,[3],39.0,hea,XGBoost,39.0,31.247814178466797,7.752185821533203,7.752185821533203
12,Gd20Ho20Er20Al20 Ni 20,[3],25.0,hea,XGBoost,25.0,26.288745880126953,-1.2887458801269531,1.2887458801269531
13,GdTbHoEr,[4],190.0,hea,XGBoost,190.0,130.88372802734375,59.11627197265625,59.11627197265625
14,GdTbHoErLa,[4],127.0,hea,XGBoost,127.0,128.0828857421875,-1.0828857421875,1.0828857421875
15,GdTbHoErLaY,[4],120.0,hea,XGBoost,120.0,117.47348022460938,2.526519775390625,2.526519775390625
16,GdTbHoErPr,[4],135.0,hea,XGBoost,135.0,203.15887451171875,-68.15887451171875,68.15887451171875
17,Gd20Dy20Er20Ho20Tb20,[5],186.0,hea,XGBoost,186.0,163.25599670410156,22.744003295898438,22.744003295898438
18,Gd25Er25Ho25Tb25,[5],139.0,hea,XGBoost,139.0,192.19212341308594,-53.19212341308594,53.19212341308594
19,Dy25Er25Ho25Tb25,[5],52.0,hea,XGBoost,52.0,175.3551483154297,-123.35514831542969,123.35514831542969
20,Er33.33Ho33.33Tb33.34,[5],88.0,hea,XGBoost,88.0,208.95458984375,-120.95458984375,120.95458984375
21,Gd10Tb10Dy10Ho10Er10Y10Ni10Co10Ag10Al10,[6],29.0,hea,XGBoost,29.0,84.80459594726562,-55.804595947265625,55.804595947265625
26,Ho20Er20Co20Al20Gd20,[7],37.0,hea,XGBoost,37.0,44.81200408935547,-7.812004089355469,7.812004089355469
27,Ho20Er20Co20Al20Dy20,[7],18.0,hea,XGBoost,18.0,43.978336334228516,-25.978336334228516,25.978336334228516
28,Ho20Er20Co20Al20Tm20,[7],9.0,hea,XGBoost,9.0,43.978336334228516,-34.978336334228516,34.978336334228516
29,Gd25Co25Al25Y25,[8],39.0,hea,XGBoost,39.0,51.921287536621094,-12.921287536621094,12.921287536621094
30,Gd25Co25Al25Y15Dy10,[8],44.0,hea,XGBoost,44.0,40.32685470581055,3.673145294189453,3.673145294189453
31,Gd25Co25Al25Y15Ho10,[8],41.0,hea,XGBoost,41.0,43.688072204589844,-2.6880722045898438,2.6880722045898438
32,Gd25Co25Al25Y15Er10,[8],43.0,hea,XGBoost,43.0,40.121742248535156,2.8782577514648438,2.8782577514648438
33,Gd25Co25Al25Ho24Y1,[9],51.0,hea,XGBoost,51.0,62.8917236328125,-11.8917236328125,11.8917236328125
34,Gd25Co25Al25Ho20Y5,[9],49.0,hea,XGBoost,49.0,52.31464385986328,-3.3146438598632812,3.3146438598632812
35,Gd25Co25Al25Ho15Y10,[9],47.0,hea,XGBoost,47.0,41.30096435546875,5.69903564453125,5.69903564453125
37,Gd20Dy20Er20Co20Al20,[10],44.0,hea,XGBoost,44.0,38.51433181762695,5.485668182373047,5.485668182373047
39,(Gd20Dy20Er20Co20Al20)Si0.5,[10],44.0,hea,XGBoost,44.0,43.7874870300293,0.21251296997070312,0.21251296997070312
41,(Gd20Dy20Er20Co20Al20)Si1,[10],44.0,hea,XGBoost,44.0,56.5650520324707,-12.565052032470703,12.565052032470703
43,(Gd20Dy20Er20Co20Al20)Si3,[10],44.0,hea,XGBoost,44.0,37.804359436035156,6.195640563964844,6.195640563964844
45,(Gd36Tb20Co20Al24)97Fe3(micro_100),[11],98.0,hea,XGBoost,98.0,88.1567153930664,9.843284606933594,9.843284606933594
46,(Gd36Tb20Co20Al24)97Fe3(micro_70),[11],102.0,hea,XGBoost,102.0,88.1567153930664,13.843284606933594,13.843284606933594
53,(Gd36Tb20Co20Al24)97Fe3(micro_100),[11],99.0,hea,XGBoost,99.0,88.1567153930664,10.843284606933594,10.843284606933594
57,V0.85FeCoNiCu1.15,[12],329.0,hea,XGBoost,329.0,337.29443359375,-8.29443359375,8.29443359375
60,(MnNiSi)1-x(FeCoGe)x x=0.4,[13],271.0,hea,XGBoost,271.0,335.8671875,-64.8671875,64.8671875
61,(MnNiSi)1-x(FeCoGe)x x=0.42,[13],224.0,hea,XGBoost,224.0,346.022705078125,-122.022705078125,122.022705078125
62,(MnNiSi)1-x(FeCoGe)x x=0.45,[13],232.0,hea,XGBoost,232.0,323.3701171875,-91.3701171875,91.3701171875
63,(MnNiSi)1-x(FeCoGe)x x=0.47,[13],235.0,hea,XGBoost,235.0,319.49566650390625,-84.49566650390625,84.49566650390625
64,(MnNi)0.6Si1-y(FeCo)0.4Gey  y=0.36,[13],327.6,hea,XGBoost,327.6,343.72259521484375,-16.122595214843727,16.122595214843727
65,(MnNi)0.6Si1-y(FeCo)0.4Gey  y=0.38,[13],308.8,hea,XGBoost,308.8,336.02813720703125,-27.22813720703124,27.22813720703124
66,(MnNi)0.6Si1-y(FeCo)0.4Gey  y=0.4,[13],271.3,hea,XGBoost,271.3,335.8671875,-64.56718749999999,64.56718749999999
67,(MnNi)0.6Si1-y(FeCo)0.4Gey  y=0.42,[13],295.5,hea,XGBoost,295.5,338.32830810546875,-42.82830810546875,42.82830810546875
68,Gd 20 Tb 18 Dy 18 Co 20 Al 24,[14],59.0,hea,XGBoost,59.0,49.04970932006836,9.95029067993164,9.95029067993164
74,(Gd 0.2 Tb 0.18 Dy 0.18 Co 0.2 Al 0.24 ) 43 H 57,[14],8.0,hea,XGBoost,8.0,102.74765014648438,-94.74765014648438,94.74765014648438
80,CoCuFeMnNi,[15],395.0,hea,XGBoost,395.0,251.67721557617188,143.32278442382812,143.32278442382812
81,CoCu0.975FeMn1.025Ni,[15],321.0,hea,XGBoost,321.0,251.67721557617188,69.32278442382812,69.32278442382812
82,CoCu0.95FeMn1.05Ni,[15],297.0,hea,XGBoost,297.0,251.88339233398438,45.116607666015625,45.116607666015625
83,CoCu0.925FeMn1.075Ni,[15],279.0,hea,XGBoost,279.0,251.88339233398438,27.116607666015625,27.116607666015625
84,CoCu0.9FeMn1.1Ni,[15],264.0,hea,XGBoost,264.0,251.88339233398438,12.116607666015625,12.116607666015625
85,CoCuFe0.975Mn1.025Ni,[15],299.0,hea,XGBoost,299.0,242.19326782226562,56.806732177734375,56.806732177734375
86,CoCuFe0.95Mn1.05Ni,[15],292.0,hea,XGBoost,292.0,242.19326782226562,49.806732177734375,49.806732177734375
87,"(Fe,Mn,Ni) 66.7 (Ge 0.5 Si 0.5 ) 33.3",[16],138.0,hea,XGBoost,138.0,184.93118286132812,-46.931182861328125,46.931182861328125
88,"Fe,Mn,Ni) 66.7 (Ge 0.465 Si 0.535 ) 33.3",[16],178.0,hea,XGBoost,178.0,184.67152404785156,-6.6715240478515625,6.6715240478515625
89,"(Fe,Mn,Ni) 66.7 (Ge 0.45 Si 0.55 ) 33.3",[16],200.0,hea,XGBoost,200.0,210.5618133544922,-10.561813354492188,10.561813354492188
90,Fe30Co30Ni30Cr10,[17],651.0,hea,XGBoost,651.0,254.36793518066406,396.63206481933594,396.63206481933594
91,Fe30Co30Ni30Mn10,[17],736.0,hea,XGBoost,736.0,318.8083190917969,417.1916809082031,417.1916809082031
92,Fe30Co30Ni30Cr5Mn5,[17],651.0,hea,XGBoost,651.0,282.1062927246094,368.8937072753906,368.8937072753906
93,CoFeNiCr1.0Cu0.0,[18],113.0,hea,XGBoost,113.0,105.26611328125,7.73388671875,7.73388671875
94,CoFeNiCr1.0Cu0.5,[18],120.0,hea,XGBoost,120.0,291.4718017578125,-171.4718017578125,171.4718017578125
95,CoFeNiCr1.0Cu1.0,[18],110.0,hea,XGBoost,110.0,283.0023193359375,-173.0023193359375,173.0023193359375
96,CoFeNiCr0.8Cu1.0,[18],223.0,hea,XGBoost,223.0,272.7718505859375,-49.7718505859375,49.7718505859375
97,Mn1.75Fe0.25CoNiGe1.6Si0.4,[19],295.0,hea,XGBoost,295.0,369.14105224609375,-74.14105224609375,74.14105224609375
98,AlCrFeCoNiCu,[20],295.0,hea,XGBoost,295.0,188.36447143554688,106.63552856445312,106.63552856445312
100,V0.85FeCoNiCu1.15,[21],297.0,hea,XGBoost,297.0,309.9105529785156,-12.910552978515625,12.910552978515625
102,GdTbDyHoErTmCoAl,[22],35.0,hea,XGBoost,35.0,139.10198974609375,-104.10198974609375,104.10198974609375
103,GdTbDyHoErTmCoNi,[22],40.0,hea,XGBoost,40.0,149.78990173339844,-109.78990173339844,109.78990173339844
104,GdTbHoEr,[23],190.0,hea,XGBoost,190.0,189.77293395996094,0.2270660400390625,0.2270660400390625
105,GdTbHoErLa,[23],117.0,hea,XGBoost,117.0,121.34504699707031,-4.3450469970703125,4.3450469970703125
106,GdTbHoErLaY,[23],120.0,hea,XGBoost,120.0,120.67074584960938,-0.670745849609375,0.670745849609375
107,ScGdTbDyHo,[24],144.0,hea,XGBoost,144.0,121.31348419189453,22.68651580810547,22.68651580810547
108,ScGdTbDyHo,[24],143.0,hea,XGBoost,143.0,121.31348419189453,21.68651580810547,21.68651580810547
109,ScGdTbDyHo,[24],146.0,hea,XGBoost,146.0,121.31348419189453,24.68651580810547,24.68651580810547
110,ScGdTbDyHo,[24],139.0,hea,XGBoost,139.0,121.31348419189453,17.68651580810547,17.68651580810547
111,LaFe10.8Cr0.2Si2,[25],219.0,hea,XGBoost,219.0,377.7762145996094,-158.77621459960938,158.77621459960938
112,LaFe10Co0.5Ni0.5Si2,[25],285.0,hea,XGBoost,285.0,415.3125915527344,-130.31259155273438,130.31259155273438
113,LaFe10.25Co0.25Ni0.25Cr0.25Si2,[25],247.0,hea,XGBoost,247.0,383.385498046875,-136.385498046875,136.385498046875
114,Mn27Cr7Ni33Ge25Si8,[26],412.0,hea,XGBoost,412.0,293.0638122558594,118.93618774414062,118.93618774414062
118,Fe25Co25Ni25Mo5P10B10,[27],560.0,hea,XGBoost,560.0,520.053955078125,39.946044921875,39.946044921875
121,GdTbHoErY,[28],163.0,hea,XGBoost,163.0,166.70223999023438,-3.702239990234375,3.702239990234375
125,Fe26.7Ni26.7Ga15.6Mn20Si11,[29],322.0,hea,XGBoost,322.0,361.0708312988281,-39.070831298828125,39.070831298828125
126,Fe26.7Ni26.7Ga15.6Mn20Si11,[29],334.0,hea,XGBoost,334.0,361.0708312988281,-27.070831298828125,27.070831298828125
127,Al0.44Cr0.25MnFeCo0.05Ni0.2,[30],340.0,hea,XGBoost,340.0,357.02130126953125,-17.02130126953125,17.02130126953125
128,Mn22.3Fe22.2Ni22.2Ge16.65Si16.65,[31],137.0,hea,XGBoost,137.0,146.8284912109375,-9.8284912109375,9.8284912109375
133,Mn0.94Cr0.3Fe0.5Co0.2Ni0.5Al0.3,[32],321.0,hea,XGBoost,321.0,337.4281005859375,-16.4281005859375,16.4281005859375
134,(Gd36Tb20Co20Al24)99Fe1,[33],94.0,hea,XGBoost,94.0,64.06884002685547,29.93115997314453,29.93115997314453
135,Gd18Ho22Tm20Cu22Al18,[33],33.6,hea,XGBoost,33.6,38.44917678833008,-4.849176788330077,4.849176788330077
136,Gd36Tb20Co20Al24,[33],81.0,hea,XGBoost,81.0,34.05525207519531,46.94474792480469,46.94474792480469
137,Gd19Tb19Er18Fe19Al25,[33],97.0,hea,XGBoost,97.0,60.234012603759766,36.765987396240234,36.765987396240234
138,(Gd36Tb20Co20Al24)98Fe2,[33],100.0,hea,XGBoost,100.0,75.81307220458984,24.186927795410156,24.186927795410156
139,Fe24.1Co24.1Ni24.1Cr27.7,[33],36.0,hea,XGBoost,36.0,320.27825927734375,-284.27825927734375,284.27825927734375
140,Fe24.39Co24.39Ni24.39Cr26.83,[33],48.0,hea,XGBoost,48.0,119.92911529541016,-71.92911529541016,71.92911529541016
141,FeCoNiCr,[33],171.0,hea,XGBoost,171.0,105.3714370727539,65.6285629272461,65.6285629272461
142,Fe24.69Co24.69Ni24.69Cr25.93,[33],65.0,hea,XGBoost,65.0,95.93779754638672,-30.93779754638672,30.93779754638672
143,Fe25.3Co25.3Ni25.3Cr24.1,[33],100.0,hea,XGBoost,100.0,108.09104919433594,-8.091049194335938,8.091049194335938
144,Fe25.64Co25.64Ni25.64Cr23.08,[33],131.0,hea,XGBoost,131.0,83.18475341796875,47.81524658203125,47.81524658203125
145,Fe25.64Co25.64Ni25.64Cr23.08,[33],148.0,hea,XGBoost,148.0,105.3714370727539,42.628562927246094,42.628562927246094
146,FeCoNi1.5Cr0.5Al,[33],150.0,hea,XGBoost,150.0,201.96365356445312,-51.963653564453125,51.963653564453125
147,Fe26Co26Ni26Cr22,[33],193.0,hea,XGBoost,193.0,289.6474609375,-96.6474609375,96.6474609375
148,Fe23.53Co23.53Ni23.53Cr23.53Pd5.88,[33],210.0,hea,XGBoost,210.0,233.48902893066406,-23.489028930664062,23.489028930664062
149,Fe25Co25Ni25(Mo0.2P0.4B0.4)25,[33],560.0,hea,XGBoost,560.0,331.9747619628906,228.02523803710938,228.02523803710938
150,FeCoNi0.5Cr0.5Al1.5,[33],455.0,hea,XGBoost,455.0,455.2876892089844,-0.287689208984375,0.287689208984375
151,FeCoNi0.5Cr0.5Al,[33],685.0,hea,XGBoost,685.0,350.8382873535156,334.1617126464844,334.1617126464844
152,Fe30.7Ni25.7Ga14.6Mn19Si10,[34],442.0,hea,XGBoost,442.0,391.5168151855469,50.483184814453125,50.483184814453125
153,Fe30.7Ni25.7Ga14.6Mn19Si10,[34],462.0,hea,XGBoost,462.0,391.5168151855469,70.48318481445312,70.48318481445312
154,CoFeNi0.5Cr0.5-Alx (x = 0.0),[35],270.0,hea,XGBoost,270.0,406.3296813964844,-136.32968139648438,136.32968139648438
160,CoFeNi0.5Cr0.5-Alx (x = 1.5),[35],455.0,hea,XGBoost,455.0,461.2749938964844,-6.274993896484375,6.274993896484375
163,Mn20Al20Co14Fe20Cr26,[36],268.0,hea,XGBoost,268.0,229.30654907226562,38.693450927734375,38.693450927734375
164,Mn20Al20Co14Fe20Cr26,[36],268.0,hea,XGBoost,268.0,229.30654907226562,38.693450927734375,38.693450927734375
165,Mn20Al20Co14Fe21Cr25,[36],280.0,hea,XGBoost,280.0,287.4644775390625,-7.4644775390625,7.4644775390625
166,Mn20Al20Co14Fe21Cr25,[36],280.0,hea,XGBoost,280.0,287.4644775390625,-7.4644775390625,7.4644775390625
167,Mn20Al20Co14Fe22Cr24,[36],300.0,hea,XGBoost,300.0,286.6642150878906,13.335784912109375,13.335784912109375
168,Mn20Al20Co14Fe22Cr24,[36],300.0,hea,XGBoost,300.0,286.6642150878906,13.335784912109375,13.335784912109375
169,Mn20Al20Co14Fe23Cr23,[36],310.0,hea,XGBoost,310.0,308.2715759277344,1.728424072265625,1.728424072265625
170,Mn20Al20Co14Fe23Cr23,[36],310.0,hea,XGBoost,310.0,308.2715759277344,1.728424072265625,1.728424072265625
171,Mn20Cr14Ni33Ge25Si8,[37],361.0,hea,XGBoost,361.0,246.52008056640625,114.47991943359375,114.47991943359375
172,Mn20Cr14Ni33Ge25Si8,[37],361.0,hea,XGBoost,361.0,246.52008056640625,114.47991943359375,114.47991943359375
175,Mn24Cr10Ni33Ge25Si8,[37],387.0,hea,XGBoost,387.0,251.6146697998047,135.3853302001953,135.3853302001953
176,Mn24Cr10Ni33Ge25Si8,[37],387.0,hea,XGBoost,387.0,251.6146697998047,135.3853302001953,135.3853302001953
179,Al20Mn20Fe20Co14.5Cr25.5,[38],282.8,hea,XGBoost,282.8,270.60784912109375,12.192150878906261,12.192150878906261
181,Al20Mn20Fe20Co15.5Cr24.5,[38],313.7,hea,XGBoost,313.7,264.6485900878906,49.051409912109364,49.051409912109364
183,Al20Mn20Fe20Co16.5Cr23.5,[38],345.8,hea,XGBoost,345.8,271.4828796386719,74.31712036132814,74.31712036132814
185,Dy27Er27Ni26Al20,[39],15.0,hea,XGBoost,15.0,50.567054748535156,-35.567054748535156,35.567054748535156
186,Dy18Er18Y18Ni26Al20,[39],10.0,hea,XGBoost,10.0,39.194122314453125,-29.194122314453125,29.194122314453125
187,Dy13.5Er13.5Y13.5Gd13.5Ni26Al20,[39],22.0,hea,XGBoost,22.0,32.143089294433594,-10.143089294433594,10.143089294433594
188,FeCoNiCr,[40],103.0,hea,XGBoost,103.0,107.34076690673828,-4.340766906738281,4.340766906738281
189,FeCoNiCrPd0.005,[40],102.0,hea,XGBoost,102.0,105.02720642089844,-3.0272064208984375,3.0272064208984375
190,FeCoNiCrPd0.03,[40],121.0,hea,XGBoost,121.0,159.82546997070312,-38.825469970703125,38.825469970703125
191,FeCoNiCrPd0.06,[40],131.0,hea,XGBoost,131.0,236.2388916015625,-105.2388916015625,105.2388916015625
192,FeCoNiCrPd0.12,[40],160.0,hea,XGBoost,160.0,261.4781188964844,-101.47811889648438,101.47811889648438
193,FeCoNiCrPd0.25,[40],220.0,hea,XGBoost,220.0,224.48562622070312,-4.485626220703125,4.485626220703125
194,FeCoNiCrPd0.50,[40],292.0,hea,XGBoost,292.0,221.3994598388672,70.60054016113281,70.60054016113281
195,FeCoNiCrAl,[41],290.0,hea,XGBoost,290.0,420.4161071777344,-130.41610717773438,130.41610717773438
196,FeCoNi1.5Cr0.5Al,[41],150.0,hea,XGBoost,150.0,232.38059997558594,-82.38059997558594,82.38059997558594
197,AlxCr0.2MnFe0.5Co0.3Ni0.5(x=0.3),[42],380.0,hea,XGBoost,380.0,308.5300598144531,71.46994018554688,71.46994018554688
198,AlxCr0.2MnFe0.5Co0.3Ni0.5(x=0.35),[42],378.0,hea,XGBoost,378.0,322.776123046875,55.223876953125,55.223876953125
199,AlxCr0.2MnFe0.5Co0.3Ni0.5(x=0.6),[42],385.0,hea,XGBoost,385.0,392.74273681640625,-7.74273681640625,7.74273681640625
200,AlxCr0.2MnFe0.5Co0.3Ni0.5(x=0.65),[42],370.0,hea,XGBoost,370.0,405.1086120605469,-35.108612060546875,35.108612060546875
2,GdTbDyHo,[1],198.0,hea,LightGBM,198.0,116.60283218624063,81.39716781375937,81.39716781375937
3,(GdTbDyHo)99.9Sc0.1,[1],193.0,hea,LightGBM,193.0,127.85467000617025,65.14532999382975,65.14532999382975
4,(GdTbDyHo)99.9Sc0.2,[1],186.0,hea,LightGBM,186.0,120.56080784569629,65.43919215430371,65.43919215430371
5,GdTbDyHo)99.9Sc0.3,[1],181.0,hea,LightGBM,181.0,151.41850142079252,29.581498579207476,29.581498579207476
6,(GdTbDyHo)99.9Sc0.4,[1],181.0,hea,LightGBM,181.0,151.41850142079252,29.581498579207476,29.581498579207476
7,(GdTbDyHo)99.9Sc0.5,[1],176.0,hea,LightGBM,176.0,150.4007465053117,25.5992534946883,25.5992534946883
8,Tb25.11Dy25.03Ho24.4Er 25.43,[2],160.0,hea,LightGBM,160.0,77.90929588703202,82.09070411296798,82.09070411296798
9,Tb23.58Dy25.05Ho25.03Er 26.34,[2],163.9,hea,LightGBM,163.9,72.39658280762139,91.50341719237862,91.50341719237862
10,Gd20Ho20Er20Al20 Fe 20,[3],55.0,hea,LightGBM,55.0,56.3361132870977,-1.336113287097703,1.336113287097703
11,Gd20Ho20Er20Al20 Co 20,[3],39.0,hea,LightGBM,39.0,29.032542559918053,9.967457440081947,9.967457440081947
12,Gd20Ho20Er20Al20 Ni 20,[3],25.0,hea,LightGBM,25.0,8.10296125279497,16.89703874720503,16.89703874720503
13,GdTbHoEr,[4],190.0,hea,LightGBM,190.0,145.42063928397695,44.57936071602305,44.57936071602305
14,GdTbHoErLa,[4],127.0,hea,LightGBM,127.0,159.7721577216664,-32.77215772166639,32.77215772166639
15,GdTbHoErLaY,[4],120.0,hea,LightGBM,120.0,115.96587932942188,4.034120670578119,4.034120670578119
16,GdTbHoErPr,[4],135.0,hea,LightGBM,135.0,189.53487354185103,-54.53487354185103,54.53487354185103
17,Gd20Dy20Er20Ho20Tb20,[5],186.0,hea,LightGBM,186.0,162.93046433542386,23.069535664576136,23.069535664576136
18,Gd25Er25Ho25Tb25,[5],139.0,hea,LightGBM,139.0,181.24911297819457,-42.249112978194574,42.249112978194574
19,Dy25Er25Ho25Tb25,[5],52.0,hea,LightGBM,52.0,168.7506061667425,-116.7506061667425,116.7506061667425
20,Er33.33Ho33.33Tb33.34,[5],88.0,hea,LightGBM,88.0,205.04333738129276,-117.04333738129276,117.04333738129276
21,Gd10Tb10Dy10Ho10Er10Y10Ni10Co10Ag10Al10,[6],29.0,hea,LightGBM,29.0,69.6715861984123,-40.6715861984123,40.6715861984123
26,Ho20Er20Co20Al20Gd20,[7],37.0,hea,LightGBM,37.0,37.99017655841234,-0.9901765584123368,0.9901765584123368
27,Ho20Er20Co20Al20Dy20,[7],18.0,hea,LightGBM,18.0,37.99017655841234,-19.990176558412337,19.990176558412337
28,Ho20Er20Co20Al20Tm20,[7],9.0,hea,LightGBM,9.0,43.1287832819593,-34.1287832819593,34.1287832819593
29,Gd25Co25Al25Y25,[8],39.0,hea,LightGBM,39.0,35.88167663880847,3.1183233611915284,3.1183233611915284
30,Gd25Co25Al25Y15Dy10,[8],44.0,hea,LightGBM,44.0,42.793217112748515,1.2067828872514852,1.2067828872514852
31,Gd25Co25Al25Y15Ho10,[8],41.0,hea,LightGBM,41.0,42.793217112748515,-1.7932171127485148,1.7932171127485148
32,Gd25Co25Al25Y15Er10,[8],43.0,hea,LightGBM,43.0,42.793217112748515,0.2067828872514852,0.2067828872514852
33,Gd25Co25Al25Ho24Y1,[9],51.0,hea,LightGBM,51.0,86.94414210363688,-35.94414210363688,35.94414210363688
34,Gd25Co25Al25Ho20Y5,[9],49.0,hea,LightGBM,49.0,85.11892651675949,-36.11892651675949,36.11892651675949
35,Gd25Co25Al25Ho15Y10,[9],47.0,hea,LightGBM,47.0,42.681884330444205,4.3181156695557945,4.3181156695557945
37,Gd20Dy20Er20Co20Al20,[10],44.0,hea,LightGBM,44.0,33.96141620539897,10.038583794601031,10.038583794601031
39,(Gd20Dy20Er20Co20Al20)Si0.5,[10],44.0,hea,LightGBM,44.0,36.56519536207042,7.434804637929581,7.434804637929581
41,(Gd20Dy20Er20Co20Al20)Si1,[10],44.0,hea,LightGBM,44.0,36.56519536207042,7.434804637929581,7.434804637929581
43,(Gd20Dy20Er20Co20Al20)Si3,[10],44.0,hea,LightGBM,44.0,21.60747967613372,22.39252032386628,22.39252032386628
45,(Gd36Tb20Co20Al24)97Fe3(micro_100),[11],98.0,hea,LightGBM,98.0,92.31286155274951,5.68713844725049,5.68713844725049
46,(Gd36Tb20Co20Al24)97Fe3(micro_70),[11],102.0,hea,LightGBM,102.0,92.31286155274951,9.68713844725049,9.68713844725049
53,(Gd36Tb20Co20Al24)97Fe3(micro_100),[11],99.0,hea,LightGBM,99.0,92.31286155274951,6.68713844725049,6.68713844725049
57,V0.85FeCoNiCu1.15,[12],329.0,hea,LightGBM,329.0,379.1931311216723,-50.19313112167231,50.19313112167231
60,(MnNiSi)1-x(FeCoGe)x x=0.4,[13],271.0,hea,LightGBM,271.0,381.91695995546377,-110.91695995546377,110.91695995546377
61,(MnNiSi)1-x(FeCoGe)x x=0.42,[13],224.0,hea,LightGBM,224.0,381.91695995546377,-157.91695995546377,157.91695995546377
62,(MnNiSi)1-x(FeCoGe)x x=0.45,[13],232.0,hea,LightGBM,232.0,374.9966137246015,-142.9966137246015,142.9966137246015
63,(MnNiSi)1-x(FeCoGe)x x=0.47,[13],235.0,hea,LightGBM,235.0,374.9966137246015,-139.9966137246015,139.9966137246015
64,(MnNi)0.6Si1-y(FeCo)0.4Gey  y=0.36,[13],327.6,hea,LightGBM,327.6,381.91695995546377,-54.316959955463744,54.316959955463744
65,(MnNi)0.6Si1-y(FeCo)0.4Gey  y=0.38,[13],308.8,hea,LightGBM,308.8,381.91695995546377,-73.11695995546376,73.11695995546376
66,(MnNi)0.6Si1-y(FeCo)0.4Gey  y=0.4,[13],271.3,hea,LightGBM,271.3,381.91695995546377,-110.61695995546376,110.61695995546376
67,(MnNi)0.6Si1-y(FeCo)0.4Gey  y=0.42,[13],295.5,hea,LightGBM,295.5,381.91695995546377,-86.41695995546377,86.41695995546377
68,Gd 20 Tb 18 Dy 18 Co 20 Al 24,[14],59.0,hea,LightGBM,59.0,58.94055052235209,0.05944947764790953,0.05944947764790953
74,(Gd 0.2 Tb 0.18 Dy 0.18 Co 0.2 Al 0.24 ) 43 H 57,[14],8.0,hea,LightGBM,8.0,72.43506139810115,-64.43506139810115,64.43506139810115
80,CoCuFeMnNi,[15],395.0,hea,LightGBM,395.0,269.001062720512,125.99893727948802,125.99893727948802
81,CoCu0.975FeMn1.025Ni,[15],321.0,hea,LightGBM,321.0,269.001062720512,51.99893727948802,51.99893727948802
82,CoCu0.95FeMn1.05Ni,[15],297.0,hea,LightGBM,297.0,269.001062720512,27.99893727948802,27.99893727948802
83,CoCu0.925FeMn1.075Ni,[15],279.0,hea,LightGBM,279.0,269.001062720512,9.998937279488018,9.998937279488018
84,CoCu0.9FeMn1.1Ni,[15],264.0,hea,LightGBM,264.0,269.001062720512,-5.001062720511982,5.001062720511982
85,CoCuFe0.975Mn1.025Ni,[15],299.0,hea,LightGBM,299.0,269.001062720512,29.99893727948802,29.99893727948802
86,CoCuFe0.95Mn1.05Ni,[15],292.0,hea,LightGBM,292.0,269.001062720512,22.99893727948802,22.99893727948802
87,"(Fe,Mn,Ni) 66.7 (Ge 0.5 Si 0.5 ) 33.3",[16],138.0,hea,LightGBM,138.0,160.83054629615398,-22.830546296153983,22.830546296153983
88,"Fe,Mn,Ni) 66.7 (Ge 0.465 Si 0.535 ) 33.3",[16],178.0,hea,LightGBM,178.0,147.5001404401611,30.49985955983891,30.49985955983891
89,"(Fe,Mn,Ni) 66.7 (Ge 0.45 Si 0.55 ) 33.3",[16],200.0,hea,LightGBM,200.0,147.5001404401611,52.49985955983891,52.49985955983891
90,Fe30Co30Ni30Cr10,[17],651.0,hea,LightGBM,651.0,227.64614340923526,423.35385659076474,423.35385659076474
91,Fe30Co30Ni30Mn10,[17],736.0,hea,LightGBM,736.0,270.9548484775417,465.0451515224583,465.0451515224583
92,Fe30Co30Ni30Cr5Mn5,[17],651.0,hea,LightGBM,651.0,283.9656907990447,367.0343092009553,367.0343092009553
93,CoFeNiCr1.0Cu0.0,[18],113.0,hea,LightGBM,113.0,113.98999565525042,-0.989995655250425,0.989995655250425
94,CoFeNiCr1.0Cu0.5,[18],120.0,hea,LightGBM,120.0,273.7605066253922,-153.76050662539222,153.76050662539222
95,CoFeNiCr1.0Cu1.0,[18],110.0,hea,LightGBM,110.0,284.18993235004433,-174.18993235004433,174.18993235004433
96,CoFeNiCr0.8Cu1.0,[18],223.0,hea,LightGBM,223.0,281.2733662936901,-58.27336629369012,58.27336629369012
97,Mn1.75Fe0.25CoNiGe1.6Si0.4,[19],295.0,hea,LightGBM,295.0,367.8507919601453,-72.85079196014527,72.85079196014527
98,AlCrFeCoNiCu,[20],295.0,hea,LightGBM,295.0,243.20563342845358,51.79436657154642,51.79436657154642
100,V0.85FeCoNiCu1.15,[21],297.0,hea,LightGBM,297.0,289.0726503830861,7.927349616913887,7.927349616913887
102,GdTbDyHoErTmCoAl,[22],35.0,hea,LightGBM,35.0,123.58626790757936,-88.58626790757936,88.58626790757936
103,GdTbDyHoErTmCoNi,[22],40.0,hea,LightGBM,40.0,78.04156615885108,-38.04156615885108,38.04156615885108
104,GdTbHoEr,[23],190.0,hea,LightGBM,190.0,171.06358188702947,18.93641811297053,18.93641811297053
105,GdTbHoErLa,[23],117.0,hea,LightGBM,117.0,121.11774591873657,-4.117745918736574,4.117745918736574
106,GdTbHoErLaY,[23],120.0,hea,LightGBM,120.0,121.61172346627636,-1.6117234662763593,1.6117234662763593
107,ScGdTbDyHo,[24],144.0,hea,LightGBM,144.0,76.68035167694451,67.31964832305549,67.31964832305549
108,ScGdTbDyHo,[24],143.0,hea,LightGBM,143.0,76.68035167694451,66.31964832305549,66.31964832305549
109,ScGdTbDyHo,[24],146.0,hea,LightGBM,146.0,76.68035167694451,69.31964832305549,69.31964832305549
110,ScGdTbDyHo,[24],139.0,hea,LightGBM,139.0,76.68035167694451,62.31964832305549,62.31964832305549
111,LaFe10.8Cr0.2Si2,[25],219.0,hea,LightGBM,219.0,202.0057656574248,16.994234342575197,16.994234342575197
112,LaFe10Co0.5Ni0.5Si2,[25],285.0,hea,LightGBM,285.0,280.7322880379763,4.267711962023725,4.267711962023725
113,LaFe10.25Co0.25Ni0.25Cr0.25Si2,[25],247.0,hea,LightGBM,247.0,228.41644033351966,18.58355966648034,18.58355966648034
114,Mn27Cr7Ni33Ge25Si8,[26],412.0,hea,LightGBM,412.0,374.4883245777163,37.5116754222837,37.5116754222837
118,Fe25Co25Ni25Mo5P10B10,[27],560.0,hea,LightGBM,560.0,397.12880619913113,162.87119380086887,162.87119380086887
121,GdTbHoErY,[28],163.0,hea,LightGBM,163.0,178.66466836976312,-15.66466836976312,15.66466836976312
125,Fe26.7Ni26.7Ga15.6Mn20Si11,[29],322.0,hea,LightGBM,322.0,363.94284684184345,-41.94284684184345,41.94284684184345
126,Fe26.7Ni26.7Ga15.6Mn20Si11,[29],334.0,hea,LightGBM,334.0,363.94284684184345,-29.942846841843448,29.942846841843448
127,Al0.44Cr0.25MnFeCo0.05Ni0.2,[30],340.0,hea,LightGBM,340.0,314.2214853717182,25.778514628281812,25.778514628281812
128,Mn22.3Fe22.2Ni22.2Ge16.65Si16.65,[31],137.0,hea,LightGBM,137.0,203.05060442795812,-66.05060442795812,66.05060442795812
133,Mn0.94Cr0.3Fe0.5Co0.2Ni0.5Al0.3,[32],321.0,hea,LightGBM,321.0,374.95673541481284,-53.95673541481284,53.95673541481284
134,(Gd36Tb20Co20Al24)99Fe1,[33],94.0,hea,LightGBM,94.0,94.29126542200164,-0.2912654220016435,0.2912654220016435
135,Gd18Ho22Tm20Cu22Al18,[33],33.6,hea,LightGBM,33.6,20.552403810299314,13.047596189700688,13.047596189700688
136,Gd36Tb20Co20Al24,[33],81.0,hea,LightGBM,81.0,106.3173085198452,-25.3173085198452,25.3173085198452
137,Gd19Tb19Er18Fe19Al25,[33],97.0,hea,LightGBM,97.0,32.49241935425311,64.50758064574688,64.50758064574688
138,(Gd36Tb20Co20Al24)98Fe2,[33],100.0,hea,LightGBM,100.0,96.7850030897785,3.214996910221501,3.214996910221501
139,Fe24.1Co24.1Ni24.1Cr27.7,[33],36.0,hea,LightGBM,36.0,124.81368270108304,-88.81368270108304,88.81368270108304
140,Fe24.39Co24.39Ni24.39Cr26.83,[33],48.0,hea,LightGBM,48.0,192.9115493281293,-144.9115493281293,144.9115493281293
141,FeCoNiCr,[33],171.0,hea,LightGBM,171.0,185.6501482089026,-14.650148208902607,14.650148208902607
142,Fe24.69Co24.69Ni24.69Cr25.93,[33],65.0,hea,LightGBM,65.0,192.9115493281293,-127.9115493281293,127.9115493281293
143,Fe25.3Co25.3Ni25.3Cr24.1,[33],100.0,hea,LightGBM,100.0,112.9261873534943,-12.9261873534943,12.9261873534943
144,Fe25.64Co25.64Ni25.64Cr23.08,[33],131.0,hea,LightGBM,131.0,195.2279408524225,-64.2279408524225,64.2279408524225
145,Fe25.64Co25.64Ni25.64Cr23.08,[33],148.0,hea,LightGBM,148.0,185.6501482089026,-37.65014820890261,37.65014820890261
146,FeCoNi1.5Cr0.5Al,[33],150.0,hea,LightGBM,150.0,176.95249274343317,-26.95249274343317,26.95249274343317
147,Fe26Co26Ni26Cr22,[33],193.0,hea,LightGBM,193.0,149.27461780347772,43.725382196522276,43.725382196522276
148,Fe23.53Co23.53Ni23.53Cr23.53Pd5.88,[33],210.0,hea,LightGBM,210.0,180.38435719775342,29.615642802246583,29.615642802246583
149,Fe25Co25Ni25(Mo0.2P0.4B0.4)25,[33],560.0,hea,LightGBM,560.0,298.6588715091993,261.3411284908007,261.3411284908007
150,FeCoNi0.5Cr0.5Al1.5,[33],455.0,hea,LightGBM,455.0,459.42633678410664,-4.426336784106638,4.426336784106638
151,FeCoNi0.5Cr0.5Al,[33],685.0,hea,LightGBM,685.0,388.4218081761067,296.5781918238933,296.5781918238933
152,Fe30.7Ni25.7Ga14.6Mn19Si10,[34],442.0,hea,LightGBM,442.0,433.1862319361434,8.813768063856628,8.813768063856628
153,Fe30.7Ni25.7Ga14.6Mn19Si10,[34],462.0,hea,LightGBM,462.0,433.1862319361434,28.813768063856628,28.813768063856628
154,CoFeNi0.5Cr0.5-Alx (x = 0.0),[35],270.0,hea,LightGBM,270.0,380.34615588564844,-110.34615588564844,110.34615588564844
160,CoFeNi0.5Cr0.5-Alx (x = 1.5),[35],455.0,hea,LightGBM,455.0,472.9639507599799,-17.963950759979923,17.963950759979923
163,Mn20Al20Co14Fe20Cr26,[36],268.0,hea,LightGBM,268.0,294.50289262823827,-26.50289262823827,26.50289262823827
164,Mn20Al20Co14Fe20Cr26,[36],268.0,hea,LightGBM,268.0,294.50289262823827,-26.50289262823827,26.50289262823827
165,Mn20Al20Co14Fe21Cr25,[36],280.0,hea,LightGBM,280.0,294.50289262823827,-14.502892628238271,14.502892628238271
166,Mn20Al20Co14Fe21Cr25,[36],280.0,hea,LightGBM,280.0,294.50289262823827,-14.502892628238271,14.502892628238271
167,Mn20Al20Co14Fe22Cr24,[36],300.0,hea,LightGBM,300.0,282.8620685875072,17.137931412492776,17.137931412492776
168,Mn20Al20Co14Fe22Cr24,[36],300.0,hea,LightGBM,300.0,282.8620685875072,17.137931412492776,17.137931412492776
169,Mn20Al20Co14Fe23Cr23,[36],310.0,hea,LightGBM,310.0,282.8620685875072,27.137931412492776,27.137931412492776
170,Mn20Al20Co14Fe23Cr23,[36],310.0,hea,LightGBM,310.0,282.8620685875072,27.137931412492776,27.137931412492776
171,Mn20Cr14Ni33Ge25Si8,[37],361.0,hea,LightGBM,361.0,329.4642739736551,31.53572602634489,31.53572602634489
172,Mn20Cr14Ni33Ge25Si8,[37],361.0,hea,LightGBM,361.0,329.4642739736551,31.53572602634489,31.53572602634489
175,Mn24Cr10Ni33Ge25Si8,[37],387.0,hea,LightGBM,387.0,337.1257330401832,49.874266959816794,49.874266959816794
176,Mn24Cr10Ni33Ge25Si8,[37],387.0,hea,LightGBM,387.0,337.1257330401832,49.874266959816794,49.874266959816794
179,Al20Mn20Fe20Co14.5Cr25.5,[38],282.8,hea,LightGBM,282.8,289.616145176613,-6.816145176612963,6.816145176612963
181,Al20Mn20Fe20Co15.5Cr24.5,[38],313.7,hea,LightGBM,313.7,287.8039233651782,25.89607663482178,25.89607663482178
183,Al20Mn20Fe20Co16.5Cr23.5,[38],345.8,hea,LightGBM,345.8,295.4194487960888,50.38055120391124,50.38055120391124
185,Dy27Er27Ni26Al20,[39],15.0,hea,LightGBM,15.0,52.54235597649625,-37.54235597649625,37.54235597649625
186,Dy18Er18Y18Ni26Al20,[39],10.0,hea,LightGBM,10.0,38.8394771684336,-28.839477168433604,28.839477168433604
187,Dy13.5Er13.5Y13.5Gd13.5Ni26Al20,[39],22.0,hea,LightGBM,22.0,35.565842499962855,-13.565842499962855,13.565842499962855
188,FeCoNiCr,[40],103.0,hea,LightGBM,103.0,123.50958160968429,-20.50958160968429,20.50958160968429
189,FeCoNiCrPd0.005,[40],102.0,hea,LightGBM,102.0,130.47399366406208,-28.47399366406208,28.47399366406208
190,FeCoNiCrPd0.03,[40],121.0,hea,LightGBM,121.0,259.8306464903572,-138.8306464903572,138.8306464903572
191,FeCoNiCrPd0.06,[40],131.0,hea,LightGBM,131.0,230.46561003016203,-99.46561003016203,99.46561003016203
192,FeCoNiCrPd0.12,[40],160.0,hea,LightGBM,160.0,324.4810242050941,-164.48102420509412,164.48102420509412
193,FeCoNiCrPd0.25,[40],220.0,hea,LightGBM,220.0,305.0778425590981,-85.07784255909809,85.07784255909809
194,FeCoNiCrPd0.50,[40],292.0,hea,LightGBM,292.0,295.0700985790707,-3.0700985790707023,3.0700985790707023
195,FeCoNiCrAl,[41],290.0,hea,LightGBM,290.0,475.68442539775305,-185.68442539775305,185.68442539775305
196,FeCoNi1.5Cr0.5Al,[41],150.0,hea,LightGBM,150.0,168.9232805386236,-18.9232805386236,18.9232805386236
197,AlxCr0.2MnFe0.5Co0.3Ni0.5(x=0.3),[42],380.0,hea,LightGBM,380.0,293.9185918567879,86.08140814321212,86.08140814321212
198,AlxCr0.2MnFe0.5Co0.3Ni0.5(x=0.35),[42],378.0,hea,LightGBM,378.0,315.45421010318887,62.54578989681113,62.54578989681113
199,AlxCr0.2MnFe0.5Co0.3Ni0.5(x=0.6),[42],385.0,hea,LightGBM,385.0,432.78879246023774,-47.788792460237744,47.788792460237744
200,AlxCr0.2MnFe0.5Co0.3Ni0.5(x=0.65),[42],370.0,hea,LightGBM,370.0,419.7185150531307,-49.718515053130716,49.718515053130716
2,GdTbDyHo,[1],198.0,matminer,DummyMean,198.0,207.4488188976378,-9.448818897637807,9.448818897637807
3,(GdTbDyHo)99.9Sc0.1,[1],193.0,matminer,DummyMean,193.0,207.4488188976378,-14.448818897637807,14.448818897637807
4,(GdTbDyHo)99.9Sc0.2,[1],186.0,matminer,DummyMean,186.0,207.4488188976378,-21.448818897637807,21.448818897637807
5,GdTbDyHo)99.9Sc0.3,[1],181.0,matminer,DummyMean,181.0,207.4488188976378,-26.448818897637807,26.448818897637807
6,(GdTbDyHo)99.9Sc0.4,[1],181.0,matminer,DummyMean,181.0,207.4488188976378,-26.448818897637807,26.448818897637807
7,(GdTbDyHo)99.9Sc0.5,[1],176.0,matminer,DummyMean,176.0,207.4488188976378,-31.448818897637807,31.448818897637807
8,Tb25.11Dy25.03Ho24.4Er 25.43,[2],160.0,matminer,DummyMean,160.0,212.6755905511811,-52.6755905511811,52.6755905511811
9,Tb23.58Dy25.05Ho25.03Er 26.34,[2],163.9,matminer,DummyMean,163.9,212.6755905511811,-48.7755905511811,48.7755905511811
10,Gd20Ho20Er20Al20 Fe 20,[3],55.0,matminer,DummyMean,55.0,207.4488188976378,-152.4488188976378,152.4488188976378
11,Gd20Ho20Er20Al20 Co 20,[3],39.0,matminer,DummyMean,39.0,207.4488188976378,-168.4488188976378,168.4488188976378
12,Gd20Ho20Er20Al20 Ni 20,[3],25.0,matminer,DummyMean,25.0,207.4488188976378,-182.4488188976378,182.4488188976378
13,GdTbHoEr,[4],190.0,matminer,DummyMean,190.0,210.1875,-20.1875,20.1875
14,GdTbHoErLa,[4],127.0,matminer,DummyMean,127.0,210.1875,-83.1875,83.1875
15,GdTbHoErLaY,[4],120.0,matminer,DummyMean,120.0,210.1875,-90.1875,90.1875
16,GdTbHoErPr,[4],135.0,matminer,DummyMean,135.0,210.1875,-75.1875,75.1875
17,Gd20Dy20Er20Ho20Tb20,[5],186.0,matminer,DummyMean,186.0,208.62834645669292,-22.628346456692924,22.628346456692924
18,Gd25Er25Ho25Tb25,[5],139.0,matminer,DummyMean,139.0,208.62834645669292,-69.62834645669292,69.62834645669292
19,Dy25Er25Ho25Tb25,[5],52.0,matminer,DummyMean,52.0,208.62834645669292,-156.62834645669292,156.62834645669292
20,Er33.33Ho33.33Tb33.34,[5],88.0,matminer,DummyMean,88.0,208.62834645669292,-120.62834645669292,120.62834645669292
21,Gd10Tb10Dy10Ho10Er10Y10Ni10Co10Ag10Al10,[6],29.0,matminer,DummyMean,29.0,208.62834645669292,-179.62834645669292,179.62834645669292
26,Ho20Er20Co20Al20Gd20,[7],37.0,matminer,DummyMean,37.0,210.1875,-173.1875,173.1875
27,Ho20Er20Co20Al20Dy20,[7],18.0,matminer,DummyMean,18.0,210.1875,-192.1875,192.1875
28,Ho20Er20Co20Al20Tm20,[7],9.0,matminer,DummyMean,9.0,210.1875,-201.1875,201.1875
29,Gd25Co25Al25Y25,[8],39.0,matminer,DummyMean,39.0,204.36220472440945,-165.36220472440945,165.36220472440945
30,Gd25Co25Al25Y15Dy10,[8],44.0,matminer,DummyMean,44.0,204.36220472440945,-160.36220472440945,160.36220472440945
31,Gd25Co25Al25Y15Ho10,[8],41.0,matminer,DummyMean,41.0,204.36220472440945,-163.36220472440945,163.36220472440945
32,Gd25Co25Al25Y15Er10,[8],43.0,matminer,DummyMean,43.0,204.36220472440945,-161.36220472440945,161.36220472440945
33,Gd25Co25Al25Ho24Y1,[9],51.0,matminer,DummyMean,51.0,209.38582677165354,-158.38582677165354,158.38582677165354
34,Gd25Co25Al25Ho20Y5,[9],49.0,matminer,DummyMean,49.0,209.38582677165354,-160.38582677165354,160.38582677165354
35,Gd25Co25Al25Ho15Y10,[9],47.0,matminer,DummyMean,47.0,209.38582677165354,-162.38582677165354,162.38582677165354
37,Gd20Dy20Er20Co20Al20,[10],44.0,matminer,DummyMean,44.0,212.6755905511811,-168.6755905511811,168.6755905511811
39,(Gd20Dy20Er20Co20Al20)Si0.5,[10],44.0,matminer,DummyMean,44.0,212.6755905511811,-168.6755905511811,168.6755905511811
41,(Gd20Dy20Er20Co20Al20)Si1,[10],44.0,matminer,DummyMean,44.0,212.6755905511811,-168.6755905511811,168.6755905511811
43,(Gd20Dy20Er20Co20Al20)Si3,[10],44.0,matminer,DummyMean,44.0,212.6755905511811,-168.6755905511811,168.6755905511811
45,(Gd36Tb20Co20Al24)97Fe3(micro_100),[11],98.0,matminer,DummyMean,98.0,212.6755905511811,-114.6755905511811,114.6755905511811
46,(Gd36Tb20Co20Al24)97Fe3(micro_70),[11],102.0,matminer,DummyMean,102.0,212.6755905511811,-110.6755905511811,110.6755905511811
53,(Gd36Tb20Co20Al24)97Fe3(micro_100),[11],99.0,matminer,DummyMean,99.0,212.6755905511811,-113.6755905511811,113.6755905511811
57,V0.85FeCoNiCu1.15,[12],329.0,matminer,DummyMean,329.0,205.04761904761904,123.95238095238096,123.95238095238096
60,(MnNiSi)1-x(FeCoGe)x x=0.4,[13],271.0,matminer,DummyMean,271.0,208.62834645669292,62.371653543307076,62.371653543307076
61,(MnNiSi)1-x(FeCoGe)x x=0.42,[13],224.0,matminer,DummyMean,224.0,208.62834645669292,15.371653543307076,15.371653543307076
62,(MnNiSi)1-x(FeCoGe)x x=0.45,[13],232.0,matminer,DummyMean,232.0,208.62834645669292,23.371653543307076,23.371653543307076
63,(MnNiSi)1-x(FeCoGe)x x=0.47,[13],235.0,matminer,DummyMean,235.0,208.62834645669292,26.371653543307076,26.371653543307076
64,(MnNi)0.6Si1-y(FeCo)0.4Gey  y=0.36,[13],327.6,matminer,DummyMean,327.6,208.62834645669292,118.9716535433071,118.9716535433071
65,(MnNi)0.6Si1-y(FeCo)0.4Gey  y=0.38,[13],308.8,matminer,DummyMean,308.8,208.62834645669292,100.17165354330709,100.17165354330709
66,(MnNi)0.6Si1-y(FeCo)0.4Gey  y=0.4,[13],271.3,matminer,DummyMean,271.3,208.62834645669292,62.67165354330709,62.67165354330709
67,(MnNi)0.6Si1-y(FeCo)0.4Gey  y=0.42,[13],295.5,matminer,DummyMean,295.5,208.62834645669292,86.87165354330708,86.87165354330708
68,Gd 20 Tb 18 Dy 18 Co 20 Al 24,[14],59.0,matminer,DummyMean,59.0,205.04761904761904,-146.04761904761904,146.04761904761904
74,(Gd 0.2 Tb 0.18 Dy 0.18 Co 0.2 Al 0.24 ) 43 H 57,[14],8.0,matminer,DummyMean,8.0,205.04761904761904,-197.04761904761904,197.04761904761904
80,CoCuFeMnNi,[15],395.0,matminer,DummyMean,395.0,209.38582677165354,185.61417322834646,185.61417322834646
81,CoCu0.975FeMn1.025Ni,[15],321.0,matminer,DummyMean,321.0,209.38582677165354,111.61417322834646,111.61417322834646
82,CoCu0.95FeMn1.05Ni,[15],297.0,matminer,DummyMean,297.0,209.38582677165354,87.61417322834646,87.61417322834646
83,CoCu0.925FeMn1.075Ni,[15],279.0,matminer,DummyMean,279.0,209.38582677165354,69.61417322834646,69.61417322834646
84,CoCu0.9FeMn1.1Ni,[15],264.0,matminer,DummyMean,264.0,209.38582677165354,54.61417322834646,54.61417322834646
85,CoCuFe0.975Mn1.025Ni,[15],299.0,matminer,DummyMean,299.0,209.38582677165354,89.61417322834646,89.61417322834646
86,CoCuFe0.95Mn1.05Ni,[15],292.0,matminer,DummyMean,292.0,209.38582677165354,82.61417322834646,82.61417322834646
87,"(Fe,Mn,Ni) 66.7 (Ge 0.5 Si 0.5 ) 33.3",[16],138.0,matminer,DummyMean,138.0,205.04761904761904,-67.04761904761904,67.04761904761904
88,"Fe,Mn,Ni) 66.7 (Ge 0.465 Si 0.535 ) 33.3",[16],178.0,matminer,DummyMean,178.0,205.04761904761904,-27.047619047619037,27.047619047619037
89,"(Fe,Mn,Ni) 66.7 (Ge 0.45 Si 0.55 ) 33.3",[16],200.0,matminer,DummyMean,200.0,205.04761904761904,-5.047619047619037,5.047619047619037
90,Fe30Co30Ni30Cr10,[17],651.0,matminer,DummyMean,651.0,204.36220472440945,446.6377952755905,446.6377952755905
91,Fe30Co30Ni30Mn10,[17],736.0,matminer,DummyMean,736.0,204.36220472440945,531.6377952755905,531.6377952755905
92,Fe30Co30Ni30Cr5Mn5,[17],651.0,matminer,DummyMean,651.0,204.36220472440945,446.6377952755905,446.6377952755905
93,CoFeNiCr1.0Cu0.0,[18],113.0,matminer,DummyMean,113.0,204.36220472440945,-91.36220472440945,91.36220472440945
94,CoFeNiCr1.0Cu0.5,[18],120.0,matminer,DummyMean,120.0,204.36220472440945,-84.36220472440945,84.36220472440945
95,CoFeNiCr1.0Cu1.0,[18],110.0,matminer,DummyMean,110.0,204.36220472440945,-94.36220472440945,94.36220472440945
96,CoFeNiCr0.8Cu1.0,[18],223.0,matminer,DummyMean,223.0,204.36220472440945,18.63779527559055,18.63779527559055
97,Mn1.75Fe0.25CoNiGe1.6Si0.4,[19],295.0,matminer,DummyMean,295.0,207.4488188976378,87.5511811023622,87.5511811023622
98,AlCrFeCoNiCu,[20],295.0,matminer,DummyMean,295.0,211.6672131147541,83.3327868852459,83.3327868852459
100,V0.85FeCoNiCu1.15,[21],297.0,matminer,DummyMean,297.0,209.66666666666666,87.33333333333334,87.33333333333334
102,GdTbDyHoErTmCoAl,[22],35.0,matminer,DummyMean,35.0,211.4418604651163,-176.4418604651163,176.4418604651163
103,GdTbDyHoErTmCoNi,[22],40.0,matminer,DummyMean,40.0,211.4418604651163,-171.4418604651163,171.4418604651163
104,GdTbHoEr,[23],190.0,matminer,DummyMean,190.0,209.38582677165354,-19.38582677165354,19.38582677165354
105,GdTbHoErLa,[23],117.0,matminer,DummyMean,117.0,209.38582677165354,-92.38582677165354,92.38582677165354
106,GdTbHoErLaY,[23],120.0,matminer,DummyMean,120.0,209.38582677165354,-89.38582677165354,89.38582677165354
107,ScGdTbDyHo,[24],144.0,matminer,DummyMean,144.0,209.66666666666666,-65.66666666666666,65.66666666666666
108,ScGdTbDyHo,[24],143.0,matminer,DummyMean,143.0,209.66666666666666,-66.66666666666666,66.66666666666666
109,ScGdTbDyHo,[24],146.0,matminer,DummyMean,146.0,209.66666666666666,-63.66666666666666,63.66666666666666
110,ScGdTbDyHo,[24],139.0,matminer,DummyMean,139.0,209.66666666666666,-70.66666666666666,70.66666666666666
111,LaFe10.8Cr0.2Si2,[25],219.0,matminer,DummyMean,219.0,204.36220472440945,14.637795275590548,14.637795275590548
112,LaFe10Co0.5Ni0.5Si2,[25],285.0,matminer,DummyMean,285.0,204.36220472440945,80.63779527559055,80.63779527559055
113,LaFe10.25Co0.25Ni0.25Cr0.25Si2,[25],247.0,matminer,DummyMean,247.0,204.36220472440945,42.63779527559055,42.63779527559055
114,Mn27Cr7Ni33Ge25Si8,[26],412.0,matminer,DummyMean,412.0,205.04761904761904,206.95238095238096,206.95238095238096
118,Fe25Co25Ni25Mo5P10B10,[27],560.0,matminer,DummyMean,560.0,207.4488188976378,352.5511811023622,352.5511811023622
121,GdTbHoErY,[28],163.0,matminer,DummyMean,163.0,209.38582677165354,-46.38582677165354,46.38582677165354
125,Fe26.7Ni26.7Ga15.6Mn20Si11,[29],322.0,matminer,DummyMean,322.0,211.4418604651163,110.55813953488371,110.55813953488371
126,Fe26.7Ni26.7Ga15.6Mn20Si11,[29],334.0,matminer,DummyMean,334.0,211.4418604651163,122.55813953488371,122.55813953488371
127,Al0.44Cr0.25MnFeCo0.05Ni0.2,[30],340.0,matminer,DummyMean,340.0,211.4418604651163,128.5581395348837,128.5581395348837
128,Mn22.3Fe22.2Ni22.2Ge16.65Si16.65,[31],137.0,matminer,DummyMean,137.0,207.4488188976378,-70.4488188976378,70.4488188976378
133,Mn0.94Cr0.3Fe0.5Co0.2Ni0.5Al0.3,[32],321.0,matminer,DummyMean,321.0,208.62834645669292,112.37165354330708,112.37165354330708
134,(Gd36Tb20Co20Al24)99Fe1,[33],94.0,matminer,DummyMean,94.0,211.6672131147541,-117.6672131147541,117.6672131147541
135,Gd18Ho22Tm20Cu22Al18,[33],33.6,matminer,DummyMean,33.6,211.6672131147541,-178.0672131147541,178.0672131147541
136,Gd36Tb20Co20Al24,[33],81.0,matminer,DummyMean,81.0,211.6672131147541,-130.6672131147541,130.6672131147541
137,Gd19Tb19Er18Fe19Al25,[33],97.0,matminer,DummyMean,97.0,211.6672131147541,-114.6672131147541,114.6672131147541
138,(Gd36Tb20Co20Al24)98Fe2,[33],100.0,matminer,DummyMean,100.0,211.6672131147541,-111.6672131147541,111.6672131147541
139,Fe24.1Co24.1Ni24.1Cr27.7,[33],36.0,matminer,DummyMean,36.0,211.6672131147541,-175.6672131147541,175.6672131147541
140,Fe24.39Co24.39Ni24.39Cr26.83,[33],48.0,matminer,DummyMean,48.0,211.6672131147541,-163.6672131147541,163.6672131147541
141,FeCoNiCr,[33],171.0,matminer,DummyMean,171.0,211.6672131147541,-40.667213114754105,40.667213114754105
142,Fe24.69Co24.69Ni24.69Cr25.93,[33],65.0,matminer,DummyMean,65.0,211.6672131147541,-146.6672131147541,146.6672131147541
143,Fe25.3Co25.3Ni25.3Cr24.1,[33],100.0,matminer,DummyMean,100.0,211.6672131147541,-111.6672131147541,111.6672131147541
144,Fe25.64Co25.64Ni25.64Cr23.08,[33],131.0,matminer,DummyMean,131.0,211.6672131147541,-80.6672131147541,80.6672131147541
145,Fe25.64Co25.64Ni25.64Cr23.08,[33],148.0,matminer,DummyMean,148.0,211.6672131147541,-63.667213114754105,63.667213114754105
146,FeCoNi1.5Cr0.5Al,[33],150.0,matminer,DummyMean,150.0,211.6672131147541,-61.667213114754105,61.667213114754105
147,Fe26Co26Ni26Cr22,[33],193.0,matminer,DummyMean,193.0,211.6672131147541,-18.667213114754105,18.667213114754105
148,Fe23.53Co23.53Ni23.53Cr23.53Pd5.88,[33],210.0,matminer,DummyMean,210.0,211.6672131147541,-1.6672131147541052,1.6672131147541052
149,Fe25Co25Ni25(Mo0.2P0.4B0.4)25,[33],560.0,matminer,DummyMean,560.0,211.6672131147541,348.3327868852459,348.3327868852459
150,FeCoNi0.5Cr0.5Al1.5,[33],455.0,matminer,DummyMean,455.0,211.6672131147541,243.3327868852459,243.3327868852459
151,FeCoNi0.5Cr0.5Al,[33],685.0,matminer,DummyMean,685.0,211.6672131147541,473.3327868852459,473.3327868852459
152,Fe30.7Ni25.7Ga14.6Mn19Si10,[34],442.0,matminer,DummyMean,442.0,207.4488188976378,234.5511811023622,234.5511811023622
153,Fe30.7Ni25.7Ga14.6Mn19Si10,[34],462.0,matminer,DummyMean,462.0,207.4488188976378,254.5511811023622,254.5511811023622
154,CoFeNi0.5Cr0.5-Alx (x = 0.0),[35],270.0,matminer,DummyMean,270.0,212.6755905511811,57.3244094488189,57.3244094488189
160,CoFeNi0.5Cr0.5-Alx (x = 1.5),[35],455.0,matminer,DummyMean,455.0,212.6755905511811,242.3244094488189,242.3244094488189
163,Mn20Al20Co14Fe20Cr26,[36],268.0,matminer,DummyMean,268.0,205.04761904761904,62.95238095238096,62.95238095238096
164,Mn20Al20Co14Fe20Cr26,[36],268.0,matminer,DummyMean,268.0,205.04761904761904,62.95238095238096,62.95238095238096
165,Mn20Al20Co14Fe21Cr25,[36],280.0,matminer,DummyMean,280.0,205.04761904761904,74.95238095238096,74.95238095238096
166,Mn20Al20Co14Fe21Cr25,[36],280.0,matminer,DummyMean,280.0,205.04761904761904,74.95238095238096,74.95238095238096
167,Mn20Al20Co14Fe22Cr24,[36],300.0,matminer,DummyMean,300.0,205.04761904761904,94.95238095238096,94.95238095238096
168,Mn20Al20Co14Fe22Cr24,[36],300.0,matminer,DummyMean,300.0,205.04761904761904,94.95238095238096,94.95238095238096
169,Mn20Al20Co14Fe23Cr23,[36],310.0,matminer,DummyMean,310.0,205.04761904761904,104.95238095238096,104.95238095238096
170,Mn20Al20Co14Fe23Cr23,[36],310.0,matminer,DummyMean,310.0,205.04761904761904,104.95238095238096,104.95238095238096
171,Mn20Cr14Ni33Ge25Si8,[37],361.0,matminer,DummyMean,361.0,210.1875,150.8125,150.8125
172,Mn20Cr14Ni33Ge25Si8,[37],361.0,matminer,DummyMean,361.0,210.1875,150.8125,150.8125
175,Mn24Cr10Ni33Ge25Si8,[37],387.0,matminer,DummyMean,387.0,210.1875,176.8125,176.8125
176,Mn24Cr10Ni33Ge25Si8,[37],387.0,matminer,DummyMean,387.0,210.1875,176.8125,176.8125
179,Al20Mn20Fe20Co14.5Cr25.5,[38],282.8,matminer,DummyMean,282.8,212.6755905511811,70.12440944881891,70.12440944881891
181,Al20Mn20Fe20Co15.5Cr24.5,[38],313.7,matminer,DummyMean,313.7,212.6755905511811,101.02440944881889,101.02440944881889
183,Al20Mn20Fe20Co16.5Cr23.5,[38],345.8,matminer,DummyMean,345.8,212.6755905511811,133.1244094488189,133.1244094488189
185,Dy27Er27Ni26Al20,[39],15.0,matminer,DummyMean,15.0,209.66666666666666,-194.66666666666666,194.66666666666666
186,Dy18Er18Y18Ni26Al20,[39],10.0,matminer,DummyMean,10.0,209.66666666666666,-199.66666666666666,199.66666666666666
187,Dy13.5Er13.5Y13.5Gd13.5Ni26Al20,[39],22.0,matminer,DummyMean,22.0,209.66666666666666,-187.66666666666666,187.66666666666666
188,FeCoNiCr,[40],103.0,matminer,DummyMean,103.0,211.4418604651163,-108.44186046511629,108.44186046511629
189,FeCoNiCrPd0.005,[40],102.0,matminer,DummyMean,102.0,211.4418604651163,-109.44186046511629,109.44186046511629
190,FeCoNiCrPd0.03,[40],121.0,matminer,DummyMean,121.0,211.4418604651163,-90.44186046511629,90.44186046511629
191,FeCoNiCrPd0.06,[40],131.0,matminer,DummyMean,131.0,211.4418604651163,-80.44186046511629,80.44186046511629
192,FeCoNiCrPd0.12,[40],160.0,matminer,DummyMean,160.0,211.4418604651163,-51.44186046511629,51.44186046511629
193,FeCoNiCrPd0.25,[40],220.0,matminer,DummyMean,220.0,211.4418604651163,8.558139534883708,8.558139534883708
194,FeCoNiCrPd0.50,[40],292.0,matminer,DummyMean,292.0,211.4418604651163,80.55813953488371,80.55813953488371
195,FeCoNiCrAl,[41],290.0,matminer,DummyMean,290.0,210.1875,79.8125,79.8125
196,FeCoNi1.5Cr0.5Al,[41],150.0,matminer,DummyMean,150.0,210.1875,-60.1875,60.1875
197,AlxCr0.2MnFe0.5Co0.3Ni0.5(x=0.3),[42],380.0,matminer,DummyMean,380.0,209.66666666666666,170.33333333333334,170.33333333333334
198,AlxCr0.2MnFe0.5Co0.3Ni0.5(x=0.35),[42],378.0,matminer,DummyMean,378.0,209.66666666666666,168.33333333333334,168.33333333333334
199,AlxCr0.2MnFe0.5Co0.3Ni0.5(x=0.6),[42],385.0,matminer,DummyMean,385.0,209.66666666666666,175.33333333333334,175.33333333333334
200,AlxCr0.2MnFe0.5Co0.3Ni0.5(x=0.65),[42],370.0,matminer,DummyMean,370.0,209.66666666666666,160.33333333333334,160.33333333333334
2,GdTbDyHo,[1],198.0,matminer,Ridge,198.0,170.11823981145727,27.881760188542728,27.881760188542728
3,(GdTbDyHo)99.9Sc0.1,[1],193.0,matminer,Ridge,193.0,162.51298460948192,30.48701539051808,30.48701539051808
4,(GdTbDyHo)99.9Sc0.2,[1],186.0,matminer,Ridge,186.0,162.49196096043926,23.508039039560742,23.508039039560742
5,GdTbDyHo)99.9Sc0.3,[1],181.0,matminer,Ridge,181.0,162.47114839513995,18.52885160486005,18.52885160486005
6,(GdTbDyHo)99.9Sc0.4,[1],181.0,matminer,Ridge,181.0,162.4504197880242,18.549580211975808,18.549580211975808
7,(GdTbDyHo)99.9Sc0.5,[1],176.0,matminer,Ridge,176.0,162.42982444758348,13.570175552416515,13.570175552416515
8,Tb25.11Dy25.03Ho24.4Er 25.43,[2],160.0,matminer,Ridge,160.0,205.6824460935863,-45.68244609358629,45.68244609358629
9,Tb23.58Dy25.05Ho25.03Er 26.34,[2],163.9,matminer,Ridge,163.9,205.96238717222218,-42.062387172222174,42.062387172222174
10,Gd20Ho20Er20Al20 Fe 20,[3],55.0,matminer,Ridge,55.0,164.62805948882948,-109.62805948882948,109.62805948882948
11,Gd20Ho20Er20Al20 Co 20,[3],39.0,matminer,Ridge,39.0,160.3036441757411,-121.30364417574111,121.30364417574111
12,Gd20Ho20Er20Al20 Ni 20,[3],25.0,matminer,Ridge,25.0,155.95285352232858,-130.95285352232858,130.95285352232858
13,GdTbHoEr,[4],190.0,matminer,Ridge,190.0,194.81605602760862,-4.816056027608624,4.816056027608624
14,GdTbHoErLa,[4],127.0,matminer,Ridge,127.0,189.3477431751775,-62.3477431751775,62.3477431751775
15,GdTbHoErLaY,[4],120.0,matminer,Ridge,120.0,188.9707360225943,-68.97073602259431,68.97073602259431
16,GdTbHoErPr,[4],135.0,matminer,Ridge,135.0,188.00738422036517,-53.00738422036517,53.00738422036517
17,Gd20Dy20Er20Ho20Tb20,[5],186.0,matminer,Ridge,186.0,191.7423047696463,-5.742304769646296,5.742304769646296
18,Gd25Er25Ho25Tb25,[5],139.0,matminer,Ridge,139.0,188.73034260460722,-49.730342604607216,49.730342604607216
19,Dy25Er25Ho25Tb25,[5],52.0,matminer,Ridge,52.0,207.88676612185424,-155.88676612185424,155.88676612185424
20,Er33.33Ho33.33Tb33.34,[5],88.0,matminer,Ridge,88.0,209.0975924615582,-121.09759246155821,121.09759246155821
21,Gd10Tb10Dy10Ho10Er10Y10Ni10Co10Ag10Al10,[6],29.0,matminer,Ridge,29.0,181.68486155064505,-152.68486155064505,152.68486155064505
26,Ho20Er20Co20Al20Gd20,[7],37.0,matminer,Ridge,37.0,188.79371061889356,-151.79371061889356,151.79371061889356
27,Ho20Er20Co20Al20Dy20,[7],18.0,matminer,Ridge,18.0,193.17309218673284,-175.17309218673284,175.17309218673284
28,Ho20Er20Co20Al20Tm20,[7],9.0,matminer,Ridge,9.0,194.5392001367851,-185.5392001367851,185.5392001367851
29,Gd25Co25Al25Y25,[8],39.0,matminer,Ridge,39.0,183.8629534363487,-144.8629534363487,144.8629534363487
30,Gd25Co25Al25Y15Dy10,[8],44.0,matminer,Ridge,44.0,184.4560075591214,-140.4560075591214,140.4560075591214
31,Gd25Co25Al25Y15Ho10,[8],41.0,matminer,Ridge,41.0,184.59225220461445,-143.59225220461445,143.59225220461445
32,Gd25Co25Al25Y15Er10,[8],43.0,matminer,Ridge,43.0,184.7040624703473,-141.7040624703473,141.7040624703473
33,Gd25Co25Al25Ho24Y1,[9],51.0,matminer,Ridge,51.0,151.93485077025164,-100.93485077025164,100.93485077025164
34,Gd25Co25Al25Ho20Y5,[9],49.0,matminer,Ridge,49.0,150.9923370801086,-101.9923370801086,101.9923370801086
35,Gd25Co25Al25Ho15Y10,[9],47.0,matminer,Ridge,47.0,149.8463375515891,-102.8463375515891,102.8463375515891
37,Gd20Dy20Er20Co20Al20,[10],44.0,matminer,Ridge,44.0,177.9955217241538,-133.9955217241538,133.9955217241538
39,(Gd20Dy20Er20Co20Al20)Si0.5,[10],44.0,matminer,Ridge,44.0,177.30872313844807,-133.30872313844807,133.30872313844807
41,(Gd20Dy20Er20Co20Al20)Si1,[10],44.0,matminer,Ridge,44.0,177.32156181017103,-133.32156181017103,133.32156181017103
43,(Gd20Dy20Er20Co20Al20)Si3,[10],44.0,matminer,Ridge,44.0,177.3842339648128,-133.3842339648128,133.3842339648128
45,(Gd36Tb20Co20Al24)97Fe3(micro_100),[11],98.0,matminer,Ridge,98.0,172.64578495663545,-74.64578495663545,74.64578495663545
46,(Gd36Tb20Co20Al24)97Fe3(micro_70),[11],102.0,matminer,Ridge,102.0,172.64578495663545,-70.64578495663545,70.64578495663545
53,(Gd36Tb20Co20Al24)97Fe3(micro_100),[11],99.0,matminer,Ridge,99.0,172.64578495663545,-73.64578495663545,73.64578495663545
57,V0.85FeCoNiCu1.15,[12],329.0,matminer,Ridge,329.0,286.4162984469033,42.58370155309672,42.58370155309672
60,(MnNiSi)1-x(FeCoGe)x x=0.4,[13],271.0,matminer,Ridge,271.0,226.93608683124455,44.06391316875545,44.06391316875545
61,(MnNiSi)1-x(FeCoGe)x x=0.42,[13],224.0,matminer,Ridge,224.0,226.93608683124455,-2.936086831244552,2.936086831244552
62,(MnNiSi)1-x(FeCoGe)x x=0.45,[13],232.0,matminer,Ridge,232.0,226.93608683124455,5.063913168755448,5.063913168755448
63,(MnNiSi)1-x(FeCoGe)x x=0.47,[13],235.0,matminer,Ridge,235.0,226.93608683124455,8.063913168755448,8.063913168755448
64,(MnNi)0.6Si1-y(FeCo)0.4Gey  y=0.36,[13],327.6,matminer,Ridge,327.6,218.49720067216356,109.10279932783646,109.10279932783646
65,(MnNi)0.6Si1-y(FeCo)0.4Gey  y=0.38,[13],308.8,matminer,Ridge,308.8,218.49720067216356,90.30279932783645,90.30279932783645
66,(MnNi)0.6Si1-y(FeCo)0.4Gey  y=0.4,[13],271.3,matminer,Ridge,271.3,218.49720067216356,52.80279932783645,52.80279932783645
67,(MnNi)0.6Si1-y(FeCo)0.4Gey  y=0.42,[13],295.5,matminer,Ridge,295.5,218.49720067216356,77.00279932783644,77.00279932783644
68,Gd 20 Tb 18 Dy 18 Co 20 Al 24,[14],59.0,matminer,Ridge,59.0,97.79631094462852,-38.796310944628516,38.796310944628516
74,(Gd 0.2 Tb 0.18 Dy 0.18 Co 0.2 Al 0.24 ) 43 H 57,[14],8.0,matminer,Ridge,8.0,3872.0110846584257,-3864.0110846584257,3864.0110846584257
80,CoCuFeMnNi,[15],395.0,matminer,Ridge,395.0,265.3299770381052,129.6700229618948,129.6700229618948
81,CoCu0.975FeMn1.025Ni,[15],321.0,matminer,Ridge,321.0,264.99326294080373,56.00673705919627,56.00673705919627
82,CoCu0.95FeMn1.05Ni,[15],297.0,matminer,Ridge,297.0,264.65654884350226,32.343451156497736,32.343451156497736
83,CoCu0.925FeMn1.075Ni,[15],279.0,matminer,Ridge,279.0,264.31983474620074,14.68016525379926,14.68016525379926
84,CoCu0.9FeMn1.1Ni,[15],264.0,matminer,Ridge,264.0,263.9831206488993,0.01687935110072658,0.01687935110072658
85,CoCuFe0.975Mn1.025Ni,[15],299.0,matminer,Ridge,299.0,264.8614973389086,34.13850266109142,34.13850266109142
86,CoCuFe0.95Mn1.05Ni,[15],292.0,matminer,Ridge,292.0,264.39301763971196,27.606982360288043,27.606982360288043
87,"(Fe,Mn,Ni) 66.7 (Ge 0.5 Si 0.5 ) 33.3",[16],138.0,matminer,Ridge,138.0,547.922422824123,-409.92242282412303,409.92242282412303
88,"Fe,Mn,Ni) 66.7 (Ge 0.465 Si 0.535 ) 33.3",[16],178.0,matminer,Ridge,178.0,544.8432648422504,-366.8432648422504,366.8432648422504
89,"(Fe,Mn,Ni) 66.7 (Ge 0.45 Si 0.55 ) 33.3",[16],200.0,matminer,Ridge,200.0,543.523625707162,-343.52362570716195,343.52362570716195
90,Fe30Co30Ni30Cr10,[17],651.0,matminer,Ridge,651.0,231.97882178359671,419.0211782164033,419.0211782164033
91,Fe30Co30Ni30Mn10,[17],736.0,matminer,Ridge,736.0,228.97973000594683,507.02026999405314,507.02026999405314
92,Fe30Co30Ni30Cr5Mn5,[17],651.0,matminer,Ridge,651.0,229.3002768263213,421.6997231736787,421.6997231736787
93,CoFeNiCr1.0Cu0.0,[18],113.0,matminer,Ridge,113.0,228.64176015865885,-115.64176015865885,115.64176015865885
94,CoFeNiCr1.0Cu0.5,[18],120.0,matminer,Ridge,120.0,228.39500136957915,-108.39500136957915,108.39500136957915
95,CoFeNiCr1.0Cu1.0,[18],110.0,matminer,Ridge,110.0,228.19759433831538,-118.19759433831538,118.19759433831538
96,CoFeNiCr0.8Cu1.0,[18],223.0,matminer,Ridge,223.0,228.91504865418995,-5.915048654189945,5.915048654189945
97,Mn1.75Fe0.25CoNiGe1.6Si0.4,[19],295.0,matminer,Ridge,295.0,225.3318074050642,69.66819259493579,69.66819259493579
98,AlCrFeCoNiCu,[20],295.0,matminer,Ridge,295.0,253.68036552935956,41.31963447064044,41.31963447064044
100,V0.85FeCoNiCu1.15,[21],297.0,matminer,Ridge,297.0,260.3338788810364,36.66612111896359,36.66612111896359
102,GdTbDyHoErTmCoAl,[22],35.0,matminer,Ridge,35.0,181.05808826077566,-146.05808826077566,146.05808826077566
103,GdTbDyHoErTmCoNi,[22],40.0,matminer,Ridge,40.0,193.1269302034617,-153.1269302034617,153.1269302034617
104,GdTbHoEr,[23],190.0,matminer,Ridge,190.0,179.23073819298762,10.769261807012384,10.769261807012384
105,GdTbHoErLa,[23],117.0,matminer,Ridge,117.0,165.41940350156986,-48.41940350156986,48.41940350156986
106,GdTbHoErLaY,[23],120.0,matminer,Ridge,120.0,164.76018680744514,-44.76018680744514,44.76018680744514
107,ScGdTbDyHo,[24],144.0,matminer,Ridge,144.0,166.6719633445989,-22.671963344598907,22.671963344598907
108,ScGdTbDyHo,[24],143.0,matminer,Ridge,143.0,166.6719633445989,-23.671963344598907,23.671963344598907
109,ScGdTbDyHo,[24],146.0,matminer,Ridge,146.0,166.6719633445989,-20.671963344598907,20.671963344598907
110,ScGdTbDyHo,[24],139.0,matminer,Ridge,139.0,166.6719633445989,-27.671963344598907,27.671963344598907
111,LaFe10.8Cr0.2Si2,[25],219.0,matminer,Ridge,219.0,214.67881233880283,4.321187661197172,4.321187661197172
112,LaFe10Co0.5Ni0.5Si2,[25],285.0,matminer,Ridge,285.0,214.55364675249177,70.44635324750823,70.44635324750823
113,LaFe10.25Co0.25Ni0.25Cr0.25Si2,[25],247.0,matminer,Ridge,247.0,214.2281227680675,32.77187723193251,32.77187723193251
114,Mn27Cr7Ni33Ge25Si8,[26],412.0,matminer,Ridge,412.0,255.13577189061357,156.86422810938643,156.86422810938643
118,Fe25Co25Ni25Mo5P10B10,[27],560.0,matminer,Ridge,560.0,223.3866851500158,336.6133148499842,336.6133148499842
121,GdTbHoErY,[28],163.0,matminer,Ridge,163.0,177.1828516629277,-14.182851662927703,14.182851662927703
125,Fe26.7Ni26.7Ga15.6Mn20Si11,[29],322.0,matminer,Ridge,322.0,229.9600328106184,92.0399671893816,92.0399671893816
126,Fe26.7Ni26.7Ga15.6Mn20Si11,[29],334.0,matminer,Ridge,334.0,229.9600328106184,104.0399671893816,104.0399671893816
127,Al0.44Cr0.25MnFeCo0.05Ni0.2,[30],340.0,matminer,Ridge,340.0,227.85535444420643,112.14464555579357,112.14464555579357
128,Mn22.3Fe22.2Ni22.2Ge16.65Si16.65,[31],137.0,matminer,Ridge,137.0,216.47377467026766,-79.47377467026766,79.47377467026766
133,Mn0.94Cr0.3Fe0.5Co0.2Ni0.5Al0.3,[32],321.0,matminer,Ridge,321.0,223.40499312438018,97.59500687561982,97.59500687561982
134,(Gd36Tb20Co20Al24)99Fe1,[33],94.0,matminer,Ridge,94.0,150.71306781686707,-56.71306781686707,56.71306781686707
135,Gd18Ho22Tm20Cu22Al18,[33],33.6,matminer,Ridge,33.6,156.96016202228782,-123.36016202228782,123.36016202228782
136,Gd36Tb20Co20Al24,[33],81.0,matminer,Ridge,81.0,149.2117192016591,-68.2117192016591,68.2117192016591
137,Gd19Tb19Er18Fe19Al25,[33],97.0,matminer,Ridge,97.0,159.61772686070836,-62.61772686070836,62.61772686070836
138,(Gd36Tb20Co20Al24)98Fe2,[33],100.0,matminer,Ridge,100.0,152.21065902337688,-52.21065902337688,52.21065902337688
139,Fe24.1Co24.1Ni24.1Cr27.7,[33],36.0,matminer,Ridge,36.0,278.8315037753933,-242.8315037753933,242.8315037753933
140,Fe24.39Co24.39Ni24.39Cr26.83,[33],48.0,matminer,Ridge,48.0,279.4058909457574,-231.4058909457574,231.4058909457574
141,FeCoNiCr,[33],171.0,matminer,Ridge,171.0,280.001235823298,-109.00123582329798,109.00123582329798
142,Fe24.69Co24.69Ni24.69Cr25.93,[33],65.0,matminer,Ridge,65.0,281.7830952957214,-216.7830952957214,216.7830952957214
143,Fe25.3Co25.3Ni25.3Cr24.1,[33],100.0,matminer,Ridge,100.0,281.2153643446592,-181.21536434465918,181.21536434465918
144,Fe25.64Co25.64Ni25.64Cr23.08,[33],131.0,matminer,Ridge,131.0,281.8941780909248,-150.8941780909248,150.8941780909248
145,Fe25.64Co25.64Ni25.64Cr23.08,[33],148.0,matminer,Ridge,148.0,256.1659933839686,-108.16599338396861,108.16599338396861
146,FeCoNi1.5Cr0.5Al,[33],150.0,matminer,Ridge,150.0,281.8941780909248,-131.8941780909248,131.8941780909248
147,Fe26Co26Ni26Cr22,[33],193.0,matminer,Ridge,193.0,282.6145872978356,-89.61458729783561,89.61458729783561
148,Fe23.53Co23.53Ni23.53Cr23.53Pd5.88,[33],210.0,matminer,Ridge,210.0,264.3809308985604,-54.38093089856039,54.38093089856039
149,Fe25Co25Ni25(Mo0.2P0.4B0.4)25,[33],560.0,matminer,Ridge,560.0,238.93039588843442,321.0696041115656,321.0696041115656
150,FeCoNi0.5Cr0.5Al1.5,[33],455.0,matminer,Ridge,455.0,237.85659563655835,217.14340436344165,217.14340436344165
151,FeCoNi0.5Cr0.5Al,[33],685.0,matminer,Ridge,685.0,249.99735100941953,435.0026489905805,435.0026489905805
152,Fe30.7Ni25.7Ga14.6Mn19Si10,[34],442.0,matminer,Ridge,442.0,230.3360336589366,211.6639663410634,211.6639663410634
153,Fe30.7Ni25.7Ga14.6Mn19Si10,[34],462.0,matminer,Ridge,462.0,230.3360336589366,231.6639663410634,231.6639663410634
154,CoFeNi0.5Cr0.5-Alx (x = 0.0),[35],270.0,matminer,Ridge,270.0,232.7112940501423,37.2887059498577,37.2887059498577
160,CoFeNi0.5Cr0.5-Alx (x = 1.5),[35],455.0,matminer,Ridge,455.0,232.7112940501423,222.2887059498577,222.2887059498577
163,Mn20Al20Co14Fe20Cr26,[36],268.0,matminer,Ridge,268.0,214.5302301021011,53.469769897898914,53.469769897898914
164,Mn20Al20Co14Fe20Cr26,[36],268.0,matminer,Ridge,268.0,217.38957952574097,50.61042047425903,50.61042047425903
165,Mn20Al20Co14Fe21Cr25,[36],280.0,matminer,Ridge,280.0,220.25262375292365,59.747376247076346,59.747376247076346
166,Mn20Al20Co14Fe21Cr25,[36],280.0,matminer,Ridge,280.0,223.11901455169672,56.88098544830328,56.88098544830328
167,Mn20Al20Co14Fe22Cr24,[36],300.0,matminer,Ridge,300.0,214.5302301021011,85.46976989789891,85.46976989789891
168,Mn20Al20Co14Fe22Cr24,[36],300.0,matminer,Ridge,300.0,217.38957952574097,82.61042047425903,82.61042047425903
169,Mn20Al20Co14Fe23Cr23,[36],310.0,matminer,Ridge,310.0,220.25262375292365,89.74737624707635,89.74737624707635
170,Mn20Al20Co14Fe23Cr23,[36],310.0,matminer,Ridge,310.0,223.11901455169672,86.88098544830328,86.88098544830328
171,Mn20Cr14Ni33Ge25Si8,[37],361.0,matminer,Ridge,361.0,213.03087991249092,147.96912008750908,147.96912008750908
172,Mn20Cr14Ni33Ge25Si8,[37],361.0,matminer,Ridge,361.0,212.7358227831633,148.2641772168367,148.2641772168367
175,Mn24Cr10Ni33Ge25Si8,[37],387.0,matminer,Ridge,387.0,213.03087991249092,173.96912008750908,173.96912008750908
176,Mn24Cr10Ni33Ge25Si8,[37],387.0,matminer,Ridge,387.0,212.7358227831633,174.2641772168367,174.2641772168367
179,Al20Mn20Fe20Co14.5Cr25.5,[38],282.8,matminer,Ridge,282.8,210.3910864875012,72.4089135124988,72.4089135124988
181,Al20Mn20Fe20Co15.5Cr24.5,[38],313.7,matminer,Ridge,313.7,210.72989965750168,102.97010034249831,102.97010034249831
183,Al20Mn20Fe20Co16.5Cr23.5,[38],345.8,matminer,Ridge,345.8,211.06951364542144,134.73048635457857,134.73048635457857
185,Dy27Er27Ni26Al20,[39],15.0,matminer,Ridge,15.0,172.27856829541264,-157.27856829541264,157.27856829541264
186,Dy18Er18Y18Ni26Al20,[39],10.0,matminer,Ridge,10.0,167.29339984919932,-157.29339984919932,157.29339984919932
187,Dy13.5Er13.5Y13.5Gd13.5Ni26Al20,[39],22.0,matminer,Ridge,22.0,161.73823277486915,-139.73823277486915,139.73823277486915
188,FeCoNiCr,[40],103.0,matminer,Ridge,103.0,262.00580267439767,-159.00580267439767,159.00580267439767
189,FeCoNiCrPd0.005,[40],102.0,matminer,Ridge,102.0,251.91793927590464,-149.91793927590464,149.91793927590464
190,FeCoNiCrPd0.03,[40],121.0,matminer,Ridge,121.0,252.00515688797316,-131.00515688797316,131.00515688797316
191,FeCoNiCrPd0.06,[40],131.0,matminer,Ridge,131.0,252.1083939029375,-121.10839390293751,121.10839390293751
192,FeCoNiCrPd0.12,[40],160.0,matminer,Ridge,160.0,252.31036304444174,-92.31036304444174,92.31036304444174
193,FeCoNiCrPd0.25,[40],220.0,matminer,Ridge,220.0,252.72840429082643,-32.72840429082643,32.72840429082643
194,FeCoNiCrPd0.50,[40],292.0,matminer,Ridge,292.0,253.46442058731952,38.53557941268048,38.53557941268048
195,FeCoNiCrAl,[41],290.0,matminer,Ridge,290.0,224.53968321132055,65.46031678867945,65.46031678867945
196,FeCoNi1.5Cr0.5Al,[41],150.0,matminer,Ridge,150.0,226.98070595203333,-76.98070595203333,76.98070595203333
197,AlxCr0.2MnFe0.5Co0.3Ni0.5(x=0.3),[42],380.0,matminer,Ridge,380.0,211.58890027452273,168.41109972547727,168.41109972547727
198,AlxCr0.2MnFe0.5Co0.3Ni0.5(x=0.35),[42],378.0,matminer,Ridge,378.0,211.58890027452273,166.41109972547727,166.41109972547727
199,AlxCr0.2MnFe0.5Co0.3Ni0.5(x=0.6),[42],385.0,matminer,Ridge,385.0,211.58890027452273,173.41109972547727,173.41109972547727
200,AlxCr0.2MnFe0.5Co0.3Ni0.5(x=0.65),[42],370.0,matminer,Ridge,370.0,211.58890027452273,158.41109972547727,158.41109972547727
2,GdTbDyHo,[1],198.0,matminer,RandomForest,198.0,152.3462149582873,45.653785041712695,45.653785041712695
3,(GdTbDyHo)99.9Sc0.1,[1],193.0,matminer,RandomForest,193.0,139.82039414299152,53.17960585700848,53.17960585700848
4,(GdTbDyHo)99.9Sc0.2,[1],186.0,matminer,RandomForest,186.0,139.82039414299152,46.17960585700848,46.17960585700848
5,GdTbDyHo)99.9Sc0.3,[1],181.0,matminer,RandomForest,181.0,139.82039414299152,41.17960585700848,41.17960585700848
6,(GdTbDyHo)99.9Sc0.4,[1],181.0,matminer,RandomForest,181.0,139.82039414299152,41.17960585700848,41.17960585700848
7,(GdTbDyHo)99.9Sc0.5,[1],176.0,matminer,RandomForest,176.0,139.82039414299152,36.17960585700848,36.17960585700848
8,Tb25.11Dy25.03Ho24.4Er 25.43,[2],160.0,matminer,RandomForest,160.0,99.25797680122723,60.74202319877277,60.74202319877277
9,Tb23.58Dy25.05Ho25.03Er 26.34,[2],163.9,matminer,RandomForest,163.9,99.40658791233832,64.49341208766168,64.49341208766168
10,Gd20Ho20Er20Al20 Fe 20,[3],55.0,matminer,RandomForest,55.0,98.01276291592396,-43.01276291592396,43.01276291592396
11,Gd20Ho20Er20Al20 Co 20,[3],39.0,matminer,RandomForest,39.0,41.71605530327516,-2.716055303275162,2.716055303275162
12,Gd20Ho20Er20Al20 Ni 20,[3],25.0,matminer,RandomForest,25.0,33.2276652745947,-8.227665274594699,8.227665274594699
13,GdTbHoEr,[4],190.0,matminer,RandomForest,190.0,169.59315532220484,20.406844677795164,20.406844677795164
14,GdTbHoErLa,[4],127.0,matminer,RandomForest,127.0,143.90316641547838,-16.90316641547838,16.90316641547838
15,GdTbHoErLaY,[4],120.0,matminer,RandomForest,120.0,140.34887691174634,-20.348876911746345,20.348876911746345
16,GdTbHoErPr,[4],135.0,matminer,RandomForest,135.0,152.6131617969574,-17.6131617969574,17.6131617969574
17,Gd20Dy20Er20Ho20Tb20,[5],186.0,matminer,RandomForest,186.0,181.89754523809523,4.102454761904767,4.102454761904767
18,Gd25Er25Ho25Tb25,[5],139.0,matminer,RandomForest,139.0,188.71731428571428,-49.71731428571428,49.71731428571428
19,Dy25Er25Ho25Tb25,[5],52.0,matminer,RandomForest,52.0,166.35603095238096,-114.35603095238096,114.35603095238096
20,Er33.33Ho33.33Tb33.34,[5],88.0,matminer,RandomForest,88.0,175.2679761904762,-87.26797619047619,87.26797619047619
21,Gd10Tb10Dy10Ho10Er10Y10Ni10Co10Ag10Al10,[6],29.0,matminer,RandomForest,29.0,62.36166666666667,-33.36166666666667,33.36166666666667
26,Ho20Er20Co20Al20Gd20,[7],37.0,matminer,RandomForest,37.0,45.68926955528022,-8.68926955528022,8.68926955528022
27,Ho20Er20Co20Al20Dy20,[7],18.0,matminer,RandomForest,18.0,46.80039222343593,-28.800392223435928,28.800392223435928
28,Ho20Er20Co20Al20Tm20,[7],9.0,matminer,RandomForest,9.0,48.32903227288452,-39.32903227288452,39.32903227288452
29,Gd25Co25Al25Y25,[8],39.0,matminer,RandomForest,39.0,63.78361076826627,-24.78361076826627,24.78361076826627
30,Gd25Co25Al25Y15Dy10,[8],44.0,matminer,RandomForest,44.0,52.9001507464049,-8.900150746404897,8.900150746404897
31,Gd25Co25Al25Y15Ho10,[8],41.0,matminer,RandomForest,41.0,52.16915220143135,-11.169152201431352,11.169152201431352
32,Gd25Co25Al25Y15Er10,[8],43.0,matminer,RandomForest,43.0,49.88045665574896,-6.880456655748958,6.880456655748958
33,Gd25Co25Al25Ho24Y1,[9],51.0,matminer,RandomForest,51.0,73.01877049993877,-22.018770499938768,22.018770499938768
34,Gd25Co25Al25Ho20Y5,[9],49.0,matminer,RandomForest,49.0,73.21870058145858,-24.218700581458577,24.218700581458577
35,Gd25Co25Al25Ho15Y10,[9],47.0,matminer,RandomForest,47.0,44.33884349935383,2.6611565006461717,2.6611565006461717
37,Gd20Dy20Er20Co20Al20,[10],44.0,matminer,RandomForest,44.0,39.36133970252511,4.6386602974748925,4.6386602974748925
39,(Gd20Dy20Er20Co20Al20)Si0.5,[10],44.0,matminer,RandomForest,44.0,36.3018472533764,7.698152746623599,7.698152746623599
41,(Gd20Dy20Er20Co20Al20)Si1,[10],44.0,matminer,RandomForest,44.0,36.687185429892885,7.312814570107115,7.312814570107115
43,(Gd20Dy20Er20Co20Al20)Si3,[10],44.0,matminer,RandomForest,44.0,70.10272171589328,-26.10272171589328,26.10272171589328
45,(Gd36Tb20Co20Al24)97Fe3(micro_100),[11],98.0,matminer,RandomForest,98.0,68.24950583995646,29.750494160043544,29.750494160043544
46,(Gd36Tb20Co20Al24)97Fe3(micro_70),[11],102.0,matminer,RandomForest,102.0,68.24950583995646,33.750494160043544,33.750494160043544
53,(Gd36Tb20Co20Al24)97Fe3(micro_100),[11],99.0,matminer,RandomForest,99.0,68.24950583995646,30.750494160043544,30.750494160043544
57,V0.85FeCoNiCu1.15,[12],329.0,matminer,RandomForest,329.0,292.8586449504806,36.141355049519404,36.141355049519404
60,(MnNiSi)1-x(FeCoGe)x x=0.4,[13],271.0,matminer,RandomForest,271.0,330.0686666666667,-59.06866666666667,59.06866666666667
61,(MnNiSi)1-x(FeCoGe)x x=0.42,[13],224.0,matminer,RandomForest,224.0,330.0686666666667,-106.06866666666667,106.06866666666667
62,(MnNiSi)1-x(FeCoGe)x x=0.45,[13],232.0,matminer,RandomForest,232.0,330.0686666666667,-98.06866666666667,98.06866666666667
63,(MnNiSi)1-x(FeCoGe)x x=0.47,[13],235.0,matminer,RandomForest,235.0,330.0686666666667,-95.06866666666667,95.06866666666667
64,(MnNi)0.6Si1-y(FeCo)0.4Gey  y=0.36,[13],327.6,matminer,RandomForest,327.6,275.4506666666666,52.1493333333334,52.1493333333334
65,(MnNi)0.6Si1-y(FeCo)0.4Gey  y=0.38,[13],308.8,matminer,RandomForest,308.8,275.4506666666666,33.34933333333339,33.34933333333339
66,(MnNi)0.6Si1-y(FeCo)0.4Gey  y=0.4,[13],271.3,matminer,RandomForest,271.3,275.4506666666666,-4.150666666666609,4.150666666666609
67,(MnNi)0.6Si1-y(FeCo)0.4Gey  y=0.42,[13],295.5,matminer,RandomForest,295.5,275.4506666666666,20.04933333333338,20.04933333333338
68,Gd 20 Tb 18 Dy 18 Co 20 Al 24,[14],59.0,matminer,RandomForest,59.0,69.30897775955336,-10.308977759553358,10.308977759553358
74,(Gd 0.2 Tb 0.18 Dy 0.18 Co 0.2 Al 0.24 ) 43 H 57,[14],8.0,matminer,RandomForest,8.0,109.58180163574228,-101.58180163574228,101.58180163574228
80,CoCuFeMnNi,[15],395.0,matminer,RandomForest,395.0,329.0528661088051,65.94713389119488,65.94713389119488
81,CoCu0.975FeMn1.025Ni,[15],321.0,matminer,RandomForest,321.0,329.0528661088051,-8.05286610880512,8.05286610880512
82,CoCu0.95FeMn1.05Ni,[15],297.0,matminer,RandomForest,297.0,327.22878854069114,-30.22878854069114,30.22878854069114
83,CoCu0.925FeMn1.075Ni,[15],279.0,matminer,RandomForest,279.0,327.22878854069114,-48.22878854069114,48.22878854069114
84,CoCu0.9FeMn1.1Ni,[15],264.0,matminer,RandomForest,264.0,331.27368425043875,-67.27368425043875,67.27368425043875
85,CoCuFe0.975Mn1.025Ni,[15],299.0,matminer,RandomForest,299.0,329.0528661088051,-30.05286610880512,30.05286610880512
86,CoCuFe0.95Mn1.05Ni,[15],292.0,matminer,RandomForest,292.0,330.16243761386454,-38.16243761386454,38.16243761386454
87,"(Fe,Mn,Ni) 66.7 (Ge 0.5 Si 0.5 ) 33.3",[16],138.0,matminer,RandomForest,138.0,251.81610101690876,-113.81610101690876,113.81610101690876
88,"Fe,Mn,Ni) 66.7 (Ge 0.465 Si 0.535 ) 33.3",[16],178.0,matminer,RandomForest,178.0,254.37380596124552,-76.37380596124552,76.37380596124552
89,"(Fe,Mn,Ni) 66.7 (Ge 0.45 Si 0.55 ) 33.3",[16],200.0,matminer,RandomForest,200.0,279.8370459595654,-79.83704595956539,79.83704595956539
90,Fe30Co30Ni30Cr10,[17],651.0,matminer,RandomForest,651.0,224.93344016902464,426.0665598309754,426.0665598309754
91,Fe30Co30Ni30Mn10,[17],736.0,matminer,RandomForest,736.0,254.4301839299389,481.5698160700611,481.5698160700611
92,Fe30Co30Ni30Cr5Mn5,[17],651.0,matminer,RandomForest,651.0,254.43351726327222,396.5664827367278,396.5664827367278
93,CoFeNiCr1.0Cu0.0,[18],113.0,matminer,RandomForest,113.0,111.80374618415507,1.1962538158449263,1.1962538158449263
94,CoFeNiCr1.0Cu0.5,[18],120.0,matminer,RandomForest,120.0,239.02311101358825,-119.02311101358825,119.02311101358825
95,CoFeNiCr1.0Cu1.0,[18],110.0,matminer,RandomForest,110.0,251.61421181863494,-141.61421181863494,141.61421181863494
96,CoFeNiCr0.8Cu1.0,[18],223.0,matminer,RandomForest,223.0,245.68551296354858,-22.685512963548575,22.685512963548575
97,Mn1.75Fe0.25CoNiGe1.6Si0.4,[19],295.0,matminer,RandomForest,295.0,330.39338288239554,-35.39338288239554,35.39338288239554
98,AlCrFeCoNiCu,[20],295.0,matminer,RandomForest,295.0,255.60918253968248,39.39081746031752,39.39081746031752
100,V0.85FeCoNiCu1.15,[21],297.0,matminer,RandomForest,297.0,318.13670211090215,-21.13670211090215,21.13670211090215
102,GdTbDyHoErTmCoAl,[22],35.0,matminer,RandomForest,35.0,97.17067539682536,-62.17067539682536,62.17067539682536
103,GdTbDyHoErTmCoNi,[22],40.0,matminer,RandomForest,40.0,101.86327777777771,-61.86327777777771,61.86327777777771
104,GdTbHoEr,[23],190.0,matminer,RandomForest,190.0,169.71862058885813,20.28137941114187,20.28137941114187
105,GdTbHoErLa,[23],117.0,matminer,RandomForest,117.0,148.6052910791974,-31.6052910791974,31.6052910791974
106,GdTbHoErLaY,[23],120.0,matminer,RandomForest,120.0,142.92587534615816,-22.925875346158165,22.925875346158165
107,ScGdTbDyHo,[24],144.0,matminer,RandomForest,144.0,157.1999388672813,-13.199938867281304,13.199938867281304
108,ScGdTbDyHo,[24],143.0,matminer,RandomForest,143.0,157.1999388672813,-14.199938867281304,14.199938867281304
109,ScGdTbDyHo,[24],146.0,matminer,RandomForest,146.0,157.1999388672813,-11.199938867281304,11.199938867281304
110,ScGdTbDyHo,[24],139.0,matminer,RandomForest,139.0,157.1999388672813,-18.199938867281304,18.199938867281304
111,LaFe10.8Cr0.2Si2,[25],219.0,matminer,RandomForest,219.0,206.18732884644447,12.812671153555527,12.812671153555527
112,LaFe10Co0.5Ni0.5Si2,[25],285.0,matminer,RandomForest,285.0,205.22218120178704,79.77781879821296,79.77781879821296
113,LaFe10.25Co0.25Ni0.25Cr0.25Si2,[25],247.0,matminer,RandomForest,247.0,206.223865354381,40.77613464561901,40.77613464561901
114,Mn27Cr7Ni33Ge25Si8,[26],412.0,matminer,RandomForest,412.0,314.8616791416432,97.13832085835679,97.13832085835679
118,Fe25Co25Ni25Mo5P10B10,[27],560.0,matminer,RandomForest,560.0,368.4127543179043,191.58724568209573,191.58724568209573
121,GdTbHoErY,[28],163.0,matminer,RandomForest,163.0,152.70662900699236,10.293370993007642,10.293370993007642
125,Fe26.7Ni26.7Ga15.6Mn20Si11,[29],322.0,matminer,RandomForest,322.0,400.20945634920645,-78.20945634920645,78.20945634920645
126,Fe26.7Ni26.7Ga15.6Mn20Si11,[29],334.0,matminer,RandomForest,334.0,400.20945634920645,-66.20945634920645,66.20945634920645
127,Al0.44Cr0.25MnFeCo0.05Ni0.2,[30],340.0,matminer,RandomForest,340.0,389.38958730158737,-49.38958730158737,49.38958730158737
128,Mn22.3Fe22.2Ni22.2Ge16.65Si16.65,[31],137.0,matminer,RandomForest,137.0,346.9518765262517,-209.95187652625168,209.95187652625168
133,Mn0.94Cr0.3Fe0.5Co0.2Ni0.5Al0.3,[32],321.0,matminer,RandomForest,321.0,328.01557142857143,-7.015571428571434,7.015571428571434
134,(Gd36Tb20Co20Al24)99Fe1,[33],94.0,matminer,RandomForest,94.0,71.27420238095239,22.72579761904761,22.72579761904761
135,Gd18Ho22Tm20Cu22Al18,[33],33.6,matminer,RandomForest,33.6,50.1379642857143,-16.537964285714295,16.537964285714295
136,Gd36Tb20Co20Al24,[33],81.0,matminer,RandomForest,81.0,70.42761904761903,10.572380952380968,10.572380952380968
137,Gd19Tb19Er18Fe19Al25,[33],97.0,matminer,RandomForest,97.0,82.9730773809524,14.026922619047596,14.026922619047596
138,(Gd36Tb20Co20Al24)98Fe2,[33],100.0,matminer,RandomForest,100.0,73.38999404761906,26.610005952380945,26.610005952380945
139,Fe24.1Co24.1Ni24.1Cr27.7,[33],36.0,matminer,RandomForest,36.0,172.70640476190474,-136.70640476190474,136.70640476190474
140,Fe24.39Co24.39Ni24.39Cr26.83,[33],48.0,matminer,RandomForest,48.0,172.70007142857142,-124.70007142857142,124.70007142857142
141,FeCoNiCr,[33],171.0,matminer,RandomForest,171.0,163.44641666666672,7.553583333333279,7.553583333333279
142,Fe24.69Co24.69Ni24.69Cr25.93,[33],65.0,matminer,RandomForest,65.0,135.0660833333334,-70.06608333333341,70.06608333333341
143,Fe25.3Co25.3Ni25.3Cr24.1,[33],100.0,matminer,RandomForest,100.0,151.73808333333338,-51.73808333333338,51.73808333333338
144,Fe25.64Co25.64Ni25.64Cr23.08,[33],131.0,matminer,RandomForest,131.0,135.0660833333334,-4.06608333333341,4.06608333333341
145,Fe25.64Co25.64Ni25.64Cr23.08,[33],148.0,matminer,RandomForest,148.0,209.87275000000002,-61.872750000000025,61.872750000000025
146,FeCoNi1.5Cr0.5Al,[33],150.0,matminer,RandomForest,150.0,135.0660833333334,14.93391666666659,14.93391666666659
147,Fe26Co26Ni26Cr22,[33],193.0,matminer,RandomForest,193.0,172.25249999999997,20.74750000000003,20.74750000000003
148,Fe23.53Co23.53Ni23.53Cr23.53Pd5.88,[33],210.0,matminer,RandomForest,210.0,142.96000000000006,67.03999999999994,67.03999999999994
149,Fe25Co25Ni25(Mo0.2P0.4B0.4)25,[33],560.0,matminer,RandomForest,560.0,431.35547142857155,128.64452857142845,128.64452857142845
150,FeCoNi0.5Cr0.5Al1.5,[33],455.0,matminer,RandomForest,455.0,331.2962214285715,123.70377857142847,123.70377857142847
151,FeCoNi0.5Cr0.5Al,[33],685.0,matminer,RandomForest,685.0,349.80016666666666,335.19983333333334,335.19983333333334
152,Fe30.7Ni25.7Ga14.6Mn19Si10,[34],442.0,matminer,RandomForest,442.0,336.55438250360754,105.44561749639246,105.44561749639246
153,Fe30.7Ni25.7Ga14.6Mn19Si10,[34],462.0,matminer,RandomForest,462.0,336.55438250360754,125.44561749639246,125.44561749639246
154,CoFeNi0.5Cr0.5-Alx (x = 0.0),[35],270.0,matminer,RandomForest,270.0,403.264136112574,-133.26413611257402,133.26413611257402
160,CoFeNi0.5Cr0.5-Alx (x = 1.5),[35],455.0,matminer,RandomForest,455.0,403.264136112574,51.73586388742598,51.73586388742598
163,Mn20Al20Co14Fe20Cr26,[36],268.0,matminer,RandomForest,268.0,323.72563033121975,-55.72563033121975,55.72563033121975
164,Mn20Al20Co14Fe20Cr26,[36],268.0,matminer,RandomForest,268.0,341.6969795833826,-73.69697958338259,73.69697958338259
165,Mn20Al20Co14Fe21Cr25,[36],280.0,matminer,RandomForest,280.0,342.4218316351847,-62.421831635184674,62.421831635184674
166,Mn20Al20Co14Fe21Cr25,[36],280.0,matminer,RandomForest,280.0,343.59421353754163,-63.594213537541634,63.594213537541634
167,Mn20Al20Co14Fe22Cr24,[36],300.0,matminer,RandomForest,300.0,323.72563033121975,-23.725630331219747,23.725630331219747
168,Mn20Al20Co14Fe22Cr24,[36],300.0,matminer,RandomForest,300.0,341.6969795833826,-41.696979583382586,41.696979583382586
169,Mn20Al20Co14Fe23Cr23,[36],310.0,matminer,RandomForest,310.0,342.4218316351847,-32.421831635184674,32.421831635184674
170,Mn20Al20Co14Fe23Cr23,[36],310.0,matminer,RandomForest,310.0,343.59421353754163,-33.594213537541634,33.594213537541634
171,Mn20Cr14Ni33Ge25Si8,[37],361.0,matminer,RandomForest,361.0,268.89566935968355,92.10433064031645,92.10433064031645
172,Mn20Cr14Ni33Ge25Si8,[37],361.0,matminer,RandomForest,361.0,273.4057643358168,87.5942356641832,87.5942356641832
175,Mn24Cr10Ni33Ge25Si8,[37],387.0,matminer,RandomForest,387.0,268.89566935968355,118.10433064031645,118.10433064031645
176,Mn24Cr10Ni33Ge25Si8,[37],387.0,matminer,RandomForest,387.0,273.4057643358168,113.5942356641832,113.5942356641832
179,Al20Mn20Fe20Co14.5Cr25.5,[38],282.8,matminer,RandomForest,282.8,319.68140987404223,-36.88140987404222,36.88140987404222
181,Al20Mn20Fe20Co15.5Cr24.5,[38],313.7,matminer,RandomForest,313.7,320.44481813270323,-6.744818132703244,6.744818132703244
183,Al20Mn20Fe20Co16.5Cr23.5,[38],345.8,matminer,RandomForest,345.8,320.4480925687934,25.351907431206598,25.351907431206598
185,Dy27Er27Ni26Al20,[39],15.0,matminer,RandomForest,15.0,38.007208380757845,-23.007208380757845,23.007208380757845
186,Dy18Er18Y18Ni26Al20,[39],10.0,matminer,RandomForest,10.0,39.03687549199068,-29.036875491990678,29.036875491990678
187,Dy13.5Er13.5Y13.5Gd13.5Ni26Al20,[39],22.0,matminer,RandomForest,22.0,37.06043067425667,-15.060430674256672,15.060430674256672
188,FeCoNiCr,[40],103.0,matminer,RandomForest,103.0,111.2503696581197,-8.250369658119695,8.250369658119695
189,FeCoNiCrPd0.005,[40],102.0,matminer,RandomForest,102.0,236.7727960650461,-134.7727960650461,134.7727960650461
190,FeCoNiCrPd0.03,[40],121.0,matminer,RandomForest,121.0,242.8207127317128,-121.8207127317128,121.8207127317128
191,FeCoNiCrPd0.06,[40],131.0,matminer,RandomForest,131.0,243.67616727716734,-112.67616727716734,112.67616727716734
192,FeCoNiCrPd0.12,[40],160.0,matminer,RandomForest,160.0,242.62233394383398,-82.62233394383398,82.62233394383398
193,FeCoNiCrPd0.25,[40],220.0,matminer,RandomForest,220.0,250.21626251526257,-30.21626251526257,30.21626251526257
194,FeCoNiCrPd0.50,[40],292.0,matminer,RandomForest,292.0,268.2976196581197,23.702380341880314,23.702380341880314
195,FeCoNiCrAl,[41],290.0,matminer,RandomForest,290.0,331.8873473261899,-41.88734732618991,41.88734732618991
196,FeCoNi1.5Cr0.5Al,[41],150.0,matminer,RandomForest,150.0,299.8278260125746,-149.82782601257458,149.82782601257458
197,AlxCr0.2MnFe0.5Co0.3Ni0.5(x=0.3),[42],380.0,matminer,RandomForest,380.0,305.4083477237372,74.59165227626278,74.59165227626278
198,AlxCr0.2MnFe0.5Co0.3Ni0.5(x=0.35),[42],378.0,matminer,RandomForest,378.0,305.4083477237372,72.59165227626278,72.59165227626278
199,AlxCr0.2MnFe0.5Co0.3Ni0.5(x=0.6),[42],385.0,matminer,RandomForest,385.0,305.4083477237372,79.59165227626278,79.59165227626278
200,AlxCr0.2MnFe0.5Co0.3Ni0.5(x=0.65),[42],370.0,matminer,RandomForest,370.0,305.4083477237372,64.59165227626278,64.59165227626278
2,GdTbDyHo,[1],198.0,matminer,GradientBoosting,198.0,173.0111673020981,24.9888326979019,24.9888326979019
3,(GdTbDyHo)99.9Sc0.1,[1],193.0,matminer,GradientBoosting,193.0,163.83048435143874,29.16951564856126,29.16951564856126
4,(GdTbDyHo)99.9Sc0.2,[1],186.0,matminer,GradientBoosting,186.0,163.83048435143874,22.16951564856126,22.16951564856126
5,GdTbDyHo)99.9Sc0.3,[1],181.0,matminer,GradientBoosting,181.0,163.83048435143874,17.16951564856126,17.16951564856126
6,(GdTbDyHo)99.9Sc0.4,[1],181.0,matminer,GradientBoosting,181.0,163.83048435143874,17.16951564856126,17.16951564856126
7,(GdTbDyHo)99.9Sc0.5,[1],176.0,matminer,GradientBoosting,176.0,163.83048435143874,12.169515648561259,12.169515648561259
8,Tb25.11Dy25.03Ho24.4Er 25.43,[2],160.0,matminer,GradientBoosting,160.0,61.11309561670233,98.88690438329766,98.88690438329766
9,Tb23.58Dy25.05Ho25.03Er 26.34,[2],163.9,matminer,GradientBoosting,163.9,71.51923486659003,92.38076513340998,92.38076513340998
10,Gd20Ho20Er20Al20 Fe 20,[3],55.0,matminer,GradientBoosting,55.0,138.24922196560362,-83.24922196560362,83.24922196560362
11,Gd20Ho20Er20Al20 Co 20,[3],39.0,matminer,GradientBoosting,39.0,101.03261888998543,-62.03261888998543,62.03261888998543
12,Gd20Ho20Er20Al20 Ni 20,[3],25.0,matminer,GradientBoosting,25.0,91.20872253658894,-66.20872253658894,66.20872253658894
13,GdTbHoEr,[4],190.0,matminer,GradientBoosting,190.0,185.83788637431476,4.162113625685237,4.162113625685237
14,GdTbHoErLa,[4],127.0,matminer,GradientBoosting,127.0,123.76441442205203,3.2355855779479725,3.2355855779479725
15,GdTbHoErLaY,[4],120.0,matminer,GradientBoosting,120.0,118.91093599850345,1.0890640014965527,1.0890640014965527
16,GdTbHoErPr,[4],135.0,matminer,GradientBoosting,135.0,156.5592977427864,-21.559297742786413,21.559297742786413
17,Gd20Dy20Er20Ho20Tb20,[5],186.0,matminer,GradientBoosting,186.0,186.3741591065476,-0.37415910654760864,0.37415910654760864
18,Gd25Er25Ho25Tb25,[5],139.0,matminer,GradientBoosting,139.0,190.69110109630017,-51.69110109630017,51.69110109630017
19,Dy25Er25Ho25Tb25,[5],52.0,matminer,GradientBoosting,52.0,161.7987667966337,-109.79876679663371,109.79876679663371
20,Er33.33Ho33.33Tb33.34,[5],88.0,matminer,GradientBoosting,88.0,186.13476430540848,-98.13476430540848,98.13476430540848
21,Gd10Tb10Dy10Ho10Er10Y10Ni10Co10Ag10Al10,[6],29.0,matminer,GradientBoosting,29.0,20.803307653875866,8.196692346124134,8.196692346124134
26,Ho20Er20Co20Al20Gd20,[7],37.0,matminer,GradientBoosting,37.0,39.912322233373786,-2.9123222333737857,2.9123222333737857
27,Ho20Er20Co20Al20Dy20,[7],18.0,matminer,GradientBoosting,18.0,36.16053962260532,-18.16053962260532,18.16053962260532
28,Ho20Er20Co20Al20Tm20,[7],9.0,matminer,GradientBoosting,9.0,24.279163492329214,-15.279163492329214,15.279163492329214
29,Gd25Co25Al25Y25,[8],39.0,matminer,GradientBoosting,39.0,80.0800398611371,-41.080039861137095,41.080039861137095
30,Gd25Co25Al25Y15Dy10,[8],44.0,matminer,GradientBoosting,44.0,65.01516793209382,-21.015167932093817,21.015167932093817
31,Gd25Co25Al25Y15Ho10,[8],41.0,matminer,GradientBoosting,41.0,65.01516793209382,-24.015167932093817,24.015167932093817
32,Gd25Co25Al25Y15Er10,[8],43.0,matminer,GradientBoosting,43.0,57.81526417829491,-14.81526417829491,14.81526417829491
33,Gd25Co25Al25Ho24Y1,[9],51.0,matminer,GradientBoosting,51.0,78.99299523342886,-27.992995233428857,27.992995233428857
34,Gd25Co25Al25Ho20Y5,[9],49.0,matminer,GradientBoosting,49.0,78.29405067525747,-29.294050675257466,29.294050675257466
35,Gd25Co25Al25Ho15Y10,[9],47.0,matminer,GradientBoosting,47.0,45.64777564023443,1.3522243597655716,1.3522243597655716
37,Gd20Dy20Er20Co20Al20,[10],44.0,matminer,GradientBoosting,44.0,38.287555507224575,5.712444492775425,5.712444492775425
39,(Gd20Dy20Er20Co20Al20)Si0.5,[10],44.0,matminer,GradientBoosting,44.0,34.278820589831064,9.721179410168936,9.721179410168936
41,(Gd20Dy20Er20Co20Al20)Si1,[10],44.0,matminer,GradientBoosting,44.0,25.415530119723552,18.584469880276448,18.584469880276448
43,(Gd20Dy20Er20Co20Al20)Si3,[10],44.0,matminer,GradientBoosting,44.0,58.99419905257169,-14.994199052571688,14.994199052571688
45,(Gd36Tb20Co20Al24)97Fe3(micro_100),[11],98.0,matminer,GradientBoosting,98.0,71.12156370585946,26.878436294140542,26.878436294140542
46,(Gd36Tb20Co20Al24)97Fe3(micro_70),[11],102.0,matminer,GradientBoosting,102.0,71.12156370585946,30.878436294140542,30.878436294140542
53,(Gd36Tb20Co20Al24)97Fe3(micro_100),[11],99.0,matminer,GradientBoosting,99.0,71.12156370585946,27.878436294140542,27.878436294140542
57,V0.85FeCoNiCu1.15,[12],329.0,matminer,GradientBoosting,329.0,288.238234230527,40.761765769473016,40.761765769473016
60,(MnNiSi)1-x(FeCoGe)x x=0.4,[13],271.0,matminer,GradientBoosting,271.0,358.39987798717385,-87.39987798717385,87.39987798717385
61,(MnNiSi)1-x(FeCoGe)x x=0.42,[13],224.0,matminer,GradientBoosting,224.0,358.39987798717385,-134.39987798717385,134.39987798717385
62,(MnNiSi)1-x(FeCoGe)x x=0.45,[13],232.0,matminer,GradientBoosting,232.0,358.39987798717385,-126.39987798717385,126.39987798717385
63,(MnNiSi)1-x(FeCoGe)x x=0.47,[13],235.0,matminer,GradientBoosting,235.0,358.39987798717385,-123.39987798717385,123.39987798717385
64,(MnNi)0.6Si1-y(FeCo)0.4Gey  y=0.36,[13],327.6,matminer,GradientBoosting,327.6,268.8400883915355,58.759911608464506,58.759911608464506
65,(MnNi)0.6Si1-y(FeCo)0.4Gey  y=0.38,[13],308.8,matminer,GradientBoosting,308.8,268.8400883915355,39.959911608464495,39.959911608464495
66,(MnNi)0.6Si1-y(FeCo)0.4Gey  y=0.4,[13],271.3,matminer,GradientBoosting,271.3,268.8400883915355,2.4599116084644947,2.4599116084644947
67,(MnNi)0.6Si1-y(FeCo)0.4Gey  y=0.42,[13],295.5,matminer,GradientBoosting,295.5,268.8400883915355,26.659911608464483,26.659911608464483
68,Gd 20 Tb 18 Dy 18 Co 20 Al 24,[14],59.0,matminer,GradientBoosting,59.0,68.25043611462466,-9.250436114624662,9.250436114624662
74,(Gd 0.2 Tb 0.18 Dy 0.18 Co 0.2 Al 0.24 ) 43 H 57,[14],8.0,matminer,GradientBoosting,8.0,146.3546262177779,-138.3546262177779,138.3546262177779
80,CoCuFeMnNi,[15],395.0,matminer,GradientBoosting,395.0,297.37988637134106,97.62011362865894,97.62011362865894
81,CoCu0.975FeMn1.025Ni,[15],321.0,matminer,GradientBoosting,321.0,297.37988637134106,23.62011362865894,23.62011362865894
82,CoCu0.95FeMn1.05Ni,[15],297.0,matminer,GradientBoosting,297.0,288.78004160943635,8.219958390563647,8.219958390563647
83,CoCu0.925FeMn1.075Ni,[15],279.0,matminer,GradientBoosting,279.0,288.78004160943635,-9.780041609436353,9.780041609436353
84,CoCu0.9FeMn1.1Ni,[15],264.0,matminer,GradientBoosting,264.0,296.5270388762295,-32.52703887622948,32.52703887622948
85,CoCuFe0.975Mn1.025Ni,[15],299.0,matminer,GradientBoosting,299.0,296.96852772504167,2.0314722749583325,2.0314722749583325
86,CoCuFe0.95Mn1.05Ni,[15],292.0,matminer,GradientBoosting,292.0,294.53734980526156,-2.537349805261556,2.537349805261556
87,"(Fe,Mn,Ni) 66.7 (Ge 0.5 Si 0.5 ) 33.3",[16],138.0,matminer,GradientBoosting,138.0,311.5244029777651,-173.52440297776508,173.52440297776508
88,"Fe,Mn,Ni) 66.7 (Ge 0.465 Si 0.535 ) 33.3",[16],178.0,matminer,GradientBoosting,178.0,301.9185102520235,-123.91851025202351,123.91851025202351
89,"(Fe,Mn,Ni) 66.7 (Ge 0.45 Si 0.55 ) 33.3",[16],200.0,matminer,GradientBoosting,200.0,311.40406406675834,-111.40406406675834,111.40406406675834
90,Fe30Co30Ni30Cr10,[17],651.0,matminer,GradientBoosting,651.0,184.82270449116473,466.1772955088353,466.1772955088353
91,Fe30Co30Ni30Mn10,[17],736.0,matminer,GradientBoosting,736.0,222.37878448297366,513.6212155170264,513.6212155170264
92,Fe30Co30Ni30Cr5Mn5,[17],651.0,matminer,GradientBoosting,651.0,222.37878448297366,428.62121551702637,428.62121551702637
93,CoFeNiCr1.0Cu0.0,[18],113.0,matminer,GradientBoosting,113.0,106.45344402797306,6.546555972026937,6.546555972026937
94,CoFeNiCr1.0Cu0.5,[18],120.0,matminer,GradientBoosting,120.0,226.03203181543975,-106.03203181543975,106.03203181543975
95,CoFeNiCr1.0Cu1.0,[18],110.0,matminer,GradientBoosting,110.0,241.446156727546,-131.446156727546,131.446156727546
96,CoFeNiCr0.8Cu1.0,[18],223.0,matminer,GradientBoosting,223.0,222.3205411882534,0.6794588117465992,0.6794588117465992
97,Mn1.75Fe0.25CoNiGe1.6Si0.4,[19],295.0,matminer,GradientBoosting,295.0,288.19460472317644,6.80539527682356,6.80539527682356
98,AlCrFeCoNiCu,[20],295.0,matminer,GradientBoosting,295.0,247.07723182302453,47.92276817697547,47.92276817697547
100,V0.85FeCoNiCu1.15,[21],297.0,matminer,GradientBoosting,297.0,327.95326760616194,-30.953267606161944,30.953267606161944
102,GdTbDyHoErTmCoAl,[22],35.0,matminer,GradientBoosting,35.0,132.14279549500674,-97.14279549500674,97.14279549500674
103,GdTbDyHoErTmCoNi,[22],40.0,matminer,GradientBoosting,40.0,128.36024961424985,-88.36024961424985,88.36024961424985
104,GdTbHoEr,[23],190.0,matminer,GradientBoosting,190.0,189.71024525228674,0.2897547477132605,0.2897547477132605
105,GdTbHoErLa,[23],117.0,matminer,GradientBoosting,117.0,125.83477092970725,-8.834770929707247,8.834770929707247
106,GdTbHoErLaY,[23],120.0,matminer,GradientBoosting,120.0,115.71830692510727,4.281693074892729,4.281693074892729
107,ScGdTbDyHo,[24],144.0,matminer,GradientBoosting,144.0,159.34985326614174,-15.349853266141736,15.349853266141736
108,ScGdTbDyHo,[24],143.0,matminer,GradientBoosting,143.0,159.34985326614174,-16.349853266141736,16.349853266141736
109,ScGdTbDyHo,[24],146.0,matminer,GradientBoosting,146.0,159.34985326614174,-13.349853266141736,13.349853266141736
110,ScGdTbDyHo,[24],139.0,matminer,GradientBoosting,139.0,159.34985326614174,-20.349853266141736,20.349853266141736
111,LaFe10.8Cr0.2Si2,[25],219.0,matminer,GradientBoosting,219.0,193.51549037413525,25.484509625864746,25.484509625864746
112,LaFe10Co0.5Ni0.5Si2,[25],285.0,matminer,GradientBoosting,285.0,203.0905084075573,81.90949159244269,81.90949159244269
113,LaFe10.25Co0.25Ni0.25Cr0.25Si2,[25],247.0,matminer,GradientBoosting,247.0,195.074204539959,51.925795460041,51.925795460041
114,Mn27Cr7Ni33Ge25Si8,[26],412.0,matminer,GradientBoosting,412.0,324.30141431981235,87.69858568018765,87.69858568018765
118,Fe25Co25Ni25Mo5P10B10,[27],560.0,matminer,GradientBoosting,560.0,322.4378529952758,237.56214700472418,237.56214700472418
121,GdTbHoErY,[28],163.0,matminer,GradientBoosting,163.0,132.29413595299255,30.705864047007452,30.705864047007452
125,Fe26.7Ni26.7Ga15.6Mn20Si11,[29],322.0,matminer,GradientBoosting,322.0,317.2821303762183,4.7178696237817235,4.7178696237817235
126,Fe26.7Ni26.7Ga15.6Mn20Si11,[29],334.0,matminer,GradientBoosting,334.0,317.2821303762183,16.717869623781723,16.717869623781723
127,Al0.44Cr0.25MnFeCo0.05Ni0.2,[30],340.0,matminer,GradientBoosting,340.0,316.44287866553145,23.557121334468548,23.557121334468548
128,Mn22.3Fe22.2Ni22.2Ge16.65Si16.65,[31],137.0,matminer,GradientBoosting,137.0,288.6407560781968,-151.64075607819677,151.64075607819677
133,Mn0.94Cr0.3Fe0.5Co0.2Ni0.5Al0.3,[32],321.0,matminer,GradientBoosting,321.0,310.9944932589683,10.005506741031695,10.005506741031695
134,(Gd36Tb20Co20Al24)99Fe1,[33],94.0,matminer,GradientBoosting,94.0,74.19323307027378,19.806766929726223,19.806766929726223
135,Gd18Ho22Tm20Cu22Al18,[33],33.6,matminer,GradientBoosting,33.6,48.61087902047479,-15.010879020474789,15.010879020474789
136,Gd36Tb20Co20Al24,[33],81.0,matminer,GradientBoosting,81.0,72.87290149910552,8.127098500894476,8.127098500894476
137,Gd19Tb19Er18Fe19Al25,[33],97.0,matminer,GradientBoosting,97.0,74.00199556435872,22.998004435641278,22.998004435641278
138,(Gd36Tb20Co20Al24)98Fe2,[33],100.0,matminer,GradientBoosting,100.0,73.4089214824655,26.5910785175345,26.5910785175345
139,Fe24.1Co24.1Ni24.1Cr27.7,[33],36.0,matminer,GradientBoosting,36.0,190.6650177845353,-154.6650177845353,154.6650177845353
140,Fe24.39Co24.39Ni24.39Cr26.83,[33],48.0,matminer,GradientBoosting,48.0,213.52686990002562,-165.52686990002562,165.52686990002562
141,FeCoNiCr,[33],171.0,matminer,GradientBoosting,171.0,206.63192102748698,-35.63192102748698,35.63192102748698
142,Fe24.69Co24.69Ni24.69Cr25.93,[33],65.0,matminer,GradientBoosting,65.0,110.83447912173817,-45.83447912173817,45.83447912173817
143,Fe25.3Co25.3Ni25.3Cr24.1,[33],100.0,matminer,GradientBoosting,100.0,158.11185027417366,-58.11185027417366,58.11185027417366
144,Fe25.64Co25.64Ni25.64Cr23.08,[33],131.0,matminer,GradientBoosting,131.0,110.83447912173817,20.16552087826183,20.16552087826183
145,Fe25.64Co25.64Ni25.64Cr23.08,[33],148.0,matminer,GradientBoosting,148.0,154.15115726474602,-6.151157264746018,6.151157264746018
146,FeCoNi1.5Cr0.5Al,[33],150.0,matminer,GradientBoosting,150.0,110.83447912173817,39.16552087826183,39.16552087826183
147,Fe26Co26Ni26Cr22,[33],193.0,matminer,GradientBoosting,193.0,192.65202489310775,0.34797510689224964,0.34797510689224964
148,Fe23.53Co23.53Ni23.53Cr23.53Pd5.88,[33],210.0,matminer,GradientBoosting,210.0,132.10860988526213,77.89139011473787,77.89139011473787
149,Fe25Co25Ni25(Mo0.2P0.4B0.4)25,[33],560.0,matminer,GradientBoosting,560.0,555.7208972730219,4.279102726978067,4.279102726978067
150,FeCoNi0.5Cr0.5Al1.5,[33],455.0,matminer,GradientBoosting,455.0,325.97293757580394,129.02706242419606,129.02706242419606
151,FeCoNi0.5Cr0.5Al,[33],685.0,matminer,GradientBoosting,685.0,359.57574942274823,325.42425057725177,325.42425057725177
152,Fe30.7Ni25.7Ga14.6Mn19Si10,[34],442.0,matminer,GradientBoosting,442.0,287.60533082918755,154.39466917081245,154.39466917081245
153,Fe30.7Ni25.7Ga14.6Mn19Si10,[34],462.0,matminer,GradientBoosting,462.0,287.60533082918755,174.39466917081245,174.39466917081245
154,CoFeNi0.5Cr0.5-Alx (x = 0.0),[35],270.0,matminer,GradientBoosting,270.0,669.5636275067483,-399.5636275067483,399.5636275067483
160,CoFeNi0.5Cr0.5-Alx (x = 1.5),[35],455.0,matminer,GradientBoosting,455.0,669.5636275067483,-214.56362750674828,214.56362750674828
163,Mn20Al20Co14Fe20Cr26,[36],268.0,matminer,GradientBoosting,268.0,306.2462073532208,-38.246207353220825,38.246207353220825
164,Mn20Al20Co14Fe20Cr26,[36],268.0,matminer,GradientBoosting,268.0,307.0399335082203,-39.039933508220315,39.039933508220315
165,Mn20Al20Co14Fe21Cr25,[36],280.0,matminer,GradientBoosting,280.0,318.2331843793898,-38.2331843793898,38.2331843793898
166,Mn20Al20Co14Fe21Cr25,[36],280.0,matminer,GradientBoosting,280.0,328.5898744552427,-48.58987445524269,48.58987445524269
167,Mn20Al20Co14Fe22Cr24,[36],300.0,matminer,GradientBoosting,300.0,306.2462073532208,-6.246207353220825,6.246207353220825
168,Mn20Al20Co14Fe22Cr24,[36],300.0,matminer,GradientBoosting,300.0,307.0399335082203,-7.039933508220315,7.039933508220315
169,Mn20Al20Co14Fe23Cr23,[36],310.0,matminer,GradientBoosting,310.0,318.2331843793898,-8.233184379389797,8.233184379389797
170,Mn20Al20Co14Fe23Cr23,[36],310.0,matminer,GradientBoosting,310.0,328.5898744552427,-18.589874455242693,18.589874455242693
171,Mn20Cr14Ni33Ge25Si8,[37],361.0,matminer,GradientBoosting,361.0,290.0555669438973,70.9444330561027,70.9444330561027
172,Mn20Cr14Ni33Ge25Si8,[37],361.0,matminer,GradientBoosting,361.0,315.9284882974105,45.071511702589476,45.071511702589476
175,Mn24Cr10Ni33Ge25Si8,[37],387.0,matminer,GradientBoosting,387.0,290.0555669438973,96.9444330561027,96.9444330561027
176,Mn24Cr10Ni33Ge25Si8,[37],387.0,matminer,GradientBoosting,387.0,315.9284882974105,71.07151170258948,71.07151170258948
179,Al20Mn20Fe20Co14.5Cr25.5,[38],282.8,matminer,GradientBoosting,282.8,286.2049452225559,-3.4049452225559094,3.4049452225559094
181,Al20Mn20Fe20Co15.5Cr24.5,[38],313.7,matminer,GradientBoosting,313.7,288.64196538444406,25.058034615555925,25.058034615555925
183,Al20Mn20Fe20Co16.5Cr23.5,[38],345.8,matminer,GradientBoosting,345.8,294.12686394098057,51.67313605901944,51.67313605901944
185,Dy27Er27Ni26Al20,[39],15.0,matminer,GradientBoosting,15.0,10.201713708710717,4.798286291289283,4.798286291289283
186,Dy18Er18Y18Ni26Al20,[39],10.0,matminer,GradientBoosting,10.0,14.588998198253494,-4.588998198253494,4.588998198253494
187,Dy13.5Er13.5Y13.5Gd13.5Ni26Al20,[39],22.0,matminer,GradientBoosting,22.0,17.94931814623915,4.0506818537608495,4.0506818537608495
188,FeCoNiCr,[40],103.0,matminer,GradientBoosting,103.0,149.9740970796061,-46.97409707960611,46.97409707960611
189,FeCoNiCrPd0.005,[40],102.0,matminer,GradientBoosting,102.0,234.72644410903774,-132.72644410903774,132.72644410903774
190,FeCoNiCrPd0.03,[40],121.0,matminer,GradientBoosting,121.0,230.13030162890178,-109.13030162890178,109.13030162890178
191,FeCoNiCrPd0.06,[40],131.0,matminer,GradientBoosting,131.0,230.13030162890178,-99.13030162890178,99.13030162890178
192,FeCoNiCrPd0.12,[40],160.0,matminer,GradientBoosting,160.0,230.39271135969432,-70.39271135969432,70.39271135969432
193,FeCoNiCrPd0.25,[40],220.0,matminer,GradientBoosting,220.0,240.75911869572803,-20.759118695728034,20.759118695728034
194,FeCoNiCrPd0.50,[40],292.0,matminer,GradientBoosting,292.0,240.2604804255279,51.7395195744721,51.7395195744721
195,FeCoNiCrAl,[41],290.0,matminer,GradientBoosting,290.0,286.92721231354307,3.072787686456934,3.072787686456934
196,FeCoNi1.5Cr0.5Al,[41],150.0,matminer,GradientBoosting,150.0,152.33703294084145,-2.3370329408414534,2.3370329408414534
197,AlxCr0.2MnFe0.5Co0.3Ni0.5(x=0.3),[42],380.0,matminer,GradientBoosting,380.0,306.03928178751704,73.96071821248296,73.96071821248296
198,AlxCr0.2MnFe0.5Co0.3Ni0.5(x=0.35),[42],378.0,matminer,GradientBoosting,378.0,306.03928178751704,71.96071821248296,71.96071821248296
199,AlxCr0.2MnFe0.5Co0.3Ni0.5(x=0.6),[42],385.0,matminer,GradientBoosting,385.0,306.03928178751704,78.96071821248296,78.96071821248296
200,AlxCr0.2MnFe0.5Co0.3Ni0.5(x=0.65),[42],370.0,matminer,GradientBoosting,370.0,306.03928178751704,63.96071821248296,63.96071821248296
2,GdTbDyHo,[1],198.0,matminer,SVR,198.0,162.96810683089862,35.03189316910138,35.03189316910138
3,(GdTbDyHo)99.9Sc0.1,[1],193.0,matminer,SVR,193.0,138.45577883560148,54.54422116439852,54.54422116439852
4,(GdTbDyHo)99.9Sc0.2,[1],186.0,matminer,SVR,186.0,138.38380437192228,47.61619562807772,47.61619562807772
5,GdTbDyHo)99.9Sc0.3,[1],181.0,matminer,SVR,181.0,138.31832323871086,42.68167676128914,42.68167676128914
6,(GdTbDyHo)99.9Sc0.4,[1],181.0,matminer,SVR,181.0,138.25883928819917,42.74116071180083,42.74116071180083
7,(GdTbDyHo)99.9Sc0.5,[1],176.0,matminer,SVR,176.0,138.20544248215924,37.79455751784076,37.79455751784076
8,Tb25.11Dy25.03Ho24.4Er 25.43,[2],160.0,matminer,SVR,160.0,79.84729421494877,80.15270578505123,80.15270578505123
9,Tb23.58Dy25.05Ho25.03Er 26.34,[2],163.9,matminer,SVR,163.9,81.54812146512798,82.35187853487203,82.35187853487203
10,Gd20Ho20Er20Al20 Fe 20,[3],55.0,matminer,SVR,55.0,85.14620301344945,-30.14620301344945,30.14620301344945
11,Gd20Ho20Er20Al20 Co 20,[3],39.0,matminer,SVR,39.0,40.708454827202445,-1.708454827202445,1.708454827202445
12,Gd20Ho20Er20Al20 Ni 20,[3],25.0,matminer,SVR,25.0,34.83117074603467,-9.831170746034672,9.831170746034672
13,GdTbHoEr,[4],190.0,matminer,SVR,190.0,188.0180860129026,1.981913987097414,1.981913987097414
14,GdTbHoErLa,[4],127.0,matminer,SVR,127.0,147.24427592412812,-20.244275924128118,20.244275924128118
15,GdTbHoErLaY,[4],120.0,matminer,SVR,120.0,120.20026959440213,-0.20026959440212977,0.20026959440212977
16,GdTbHoErPr,[4],135.0,matminer,SVR,135.0,116.1992112416303,18.800788758369706,18.800788758369706
17,Gd20Dy20Er20Ho20Tb20,[5],186.0,matminer,SVR,186.0,183.13734141068278,2.8626585893172205,2.8626585893172205
18,Gd25Er25Ho25Tb25,[5],139.0,matminer,SVR,139.0,190.9781412684478,-51.978141268447814,51.978141268447814
19,Dy25Er25Ho25Tb25,[5],52.0,matminer,SVR,52.0,161.84795096242158,-109.84795096242158,109.84795096242158
20,Er33.33Ho33.33Tb33.34,[5],88.0,matminer,SVR,88.0,170.0299607537902,-82.02996075379019,82.02996075379019
21,Gd10Tb10Dy10Ho10Er10Y10Ni10Co10Ag10Al10,[6],29.0,matminer,SVR,29.0,59.96615298635686,-30.96615298635686,30.96615298635686
26,Ho20Er20Co20Al20Gd20,[7],37.0,matminer,SVR,37.0,39.28470510264955,-2.2847051026495535,2.2847051026495535
27,Ho20Er20Co20Al20Dy20,[7],18.0,matminer,SVR,18.0,63.14409416883677,-45.14409416883677,45.14409416883677
28,Ho20Er20Co20Al20Tm20,[7],9.0,matminer,SVR,9.0,70.86146557132628,-61.86146557132628,61.86146557132628
29,Gd25Co25Al25Y25,[8],39.0,matminer,SVR,39.0,83.95829440617065,-44.95829440617065,44.95829440617065
30,Gd25Co25Al25Y15Dy10,[8],44.0,matminer,SVR,44.0,65.4421239386622,-21.442123938662206,21.442123938662206
31,Gd25Co25Al25Y15Ho10,[8],41.0,matminer,SVR,41.0,62.204126048514425,-21.204126048514425,21.204126048514425
32,Gd25Co25Al25Y15Er10,[8],43.0,matminer,SVR,43.0,59.51663530880418,-16.516635308804183,16.516635308804183
33,Gd25Co25Al25Ho24Y1,[9],51.0,matminer,SVR,51.0,59.0573214116162,-8.0573214116162,8.0573214116162
34,Gd25Co25Al25Ho20Y5,[9],49.0,matminer,SVR,49.0,56.6861066196188,-7.686106619618798,7.686106619618798
35,Gd25Co25Al25Ho15Y10,[9],47.0,matminer,SVR,47.0,55.23020157952894,-8.230201579528938,8.230201579528938
37,Gd20Dy20Er20Co20Al20,[10],44.0,matminer,SVR,44.0,38.44551141736915,5.554488582630853,5.554488582630853
39,(Gd20Dy20Er20Co20Al20)Si0.5,[10],44.0,matminer,SVR,44.0,36.869911975764836,7.130088024235164,7.130088024235164
41,(Gd20Dy20Er20Co20Al20)Si1,[10],44.0,matminer,SVR,44.0,35.81755645595996,8.18244354404004,8.18244354404004
43,(Gd20Dy20Er20Co20Al20)Si3,[10],44.0,matminer,SVR,44.0,67.51598836563832,-23.51598836563832,23.51598836563832
45,(Gd36Tb20Co20Al24)97Fe3(micro_100),[11],98.0,matminer,SVR,98.0,72.48614314999078,25.51385685000922,25.51385685000922
46,(Gd36Tb20Co20Al24)97Fe3(micro_70),[11],102.0,matminer,SVR,102.0,72.48614314999078,29.51385685000922,29.51385685000922
53,(Gd36Tb20Co20Al24)97Fe3(micro_100),[11],99.0,matminer,SVR,99.0,72.48614314999078,26.51385685000922,26.51385685000922
57,V0.85FeCoNiCu1.15,[12],329.0,matminer,SVR,329.0,191.3261640725078,137.6738359274922,137.6738359274922
60,(MnNiSi)1-x(FeCoGe)x x=0.4,[13],271.0,matminer,SVR,271.0,228.75086695408132,42.24913304591868,42.24913304591868
61,(MnNiSi)1-x(FeCoGe)x x=0.42,[13],224.0,matminer,SVR,224.0,228.75086695408132,-4.750866954081317,4.750866954081317
62,(MnNiSi)1-x(FeCoGe)x x=0.45,[13],232.0,matminer,SVR,232.0,228.75086695408132,3.2491330459186827,3.2491330459186827
63,(MnNiSi)1-x(FeCoGe)x x=0.47,[13],235.0,matminer,SVR,235.0,228.75086695408132,6.249133045918683,6.249133045918683
64,(MnNi)0.6Si1-y(FeCo)0.4Gey  y=0.36,[13],327.6,matminer,SVR,327.6,218.5003847473783,109.09961525262173,109.09961525262173
65,(MnNi)0.6Si1-y(FeCo)0.4Gey  y=0.38,[13],308.8,matminer,SVR,308.8,218.5003847473783,90.29961525262172,90.29961525262172
66,(MnNi)0.6Si1-y(FeCo)0.4Gey  y=0.4,[13],271.3,matminer,SVR,271.3,218.5003847473783,52.79961525262172,52.79961525262172
67,(MnNi)0.6Si1-y(FeCo)0.4Gey  y=0.42,[13],295.5,matminer,SVR,295.5,218.5003847473783,76.99961525262171,76.99961525262171
68,Gd 20 Tb 18 Dy 18 Co 20 Al 24,[14],59.0,matminer,SVR,59.0,50.49901184827266,8.500988151727341,8.500988151727341
74,(Gd 0.2 Tb 0.18 Dy 0.18 Co 0.2 Al 0.24 ) 43 H 57,[14],8.0,matminer,SVR,8.0,244.9513461778887,-236.9513461778887,236.9513461778887
80,CoCuFeMnNi,[15],395.0,matminer,SVR,395.0,273.48500464790084,121.51499535209916,121.51499535209916
81,CoCu0.975FeMn1.025Ni,[15],321.0,matminer,SVR,321.0,274.11886974709665,46.88113025290335,46.88113025290335
82,CoCu0.95FeMn1.05Ni,[15],297.0,matminer,SVR,297.0,274.6905445222461,22.309455477753886,22.309455477753886
83,CoCu0.925FeMn1.075Ni,[15],279.0,matminer,SVR,279.0,275.1999718820769,3.800028117923091,3.800028117923091
84,CoCu0.9FeMn1.1Ni,[15],264.0,matminer,SVR,264.0,275.64731868689523,-11.647318686895233,11.647318686895233
85,CoCuFe0.975Mn1.025Ni,[15],299.0,matminer,SVR,299.0,272.2971562323006,26.70284376769939,26.70284376769939
86,CoCuFe0.95Mn1.05Ni,[15],292.0,matminer,SVR,292.0,271.20231403652247,20.797685963477534,20.797685963477534
87,"(Fe,Mn,Ni) 66.7 (Ge 0.5 Si 0.5 ) 33.3",[16],138.0,matminer,SVR,138.0,406.29254160743767,-268.29254160743767,268.29254160743767
88,"Fe,Mn,Ni) 66.7 (Ge 0.465 Si 0.535 ) 33.3",[16],178.0,matminer,SVR,178.0,410.6082146110322,-232.60821461103222,232.60821461103222
89,"(Fe,Mn,Ni) 66.7 (Ge 0.45 Si 0.55 ) 33.3",[16],200.0,matminer,SVR,200.0,412.4325394524757,-212.43253945247568,212.43253945247568
90,Fe30Co30Ni30Cr10,[17],651.0,matminer,SVR,651.0,203.7911614846319,447.2088385153681,447.2088385153681
91,Fe30Co30Ni30Mn10,[17],736.0,matminer,SVR,736.0,183.7404650918515,552.2595349081485,552.2595349081485
92,Fe30Co30Ni30Cr5Mn5,[17],651.0,matminer,SVR,651.0,177.83858751252168,473.1614124874783,473.1614124874783
93,CoFeNiCr1.0Cu0.0,[18],113.0,matminer,SVR,113.0,109.7363553382793,3.263644661720704,3.263644661720704
94,CoFeNiCr1.0Cu0.5,[18],120.0,matminer,SVR,120.0,204.26044647377253,-84.26044647377253,84.26044647377253
95,CoFeNiCr1.0Cu1.0,[18],110.0,matminer,SVR,110.0,290.44001071057767,-180.44001071057767,180.44001071057767
96,CoFeNiCr0.8Cu1.0,[18],223.0,matminer,SVR,223.0,299.82481287975054,-76.82481287975054,76.82481287975054
97,Mn1.75Fe0.25CoNiGe1.6Si0.4,[19],295.0,matminer,SVR,295.0,292.95118135255,2.048818647449991,2.048818647449991
98,AlCrFeCoNiCu,[20],295.0,matminer,SVR,295.0,315.5046910783017,-20.504691078301676,20.504691078301676
100,V0.85FeCoNiCu1.15,[21],297.0,matminer,SVR,297.0,206.72313380313054,90.27686619686946,90.27686619686946
102,GdTbDyHoErTmCoAl,[22],35.0,matminer,SVR,35.0,134.17739410183927,-99.17739410183927,99.17739410183927
103,GdTbDyHoErTmCoNi,[22],40.0,matminer,SVR,40.0,160.4994824759505,-120.49948247595049,120.49948247595049
104,GdTbHoEr,[23],190.0,matminer,SVR,190.0,189.94984513522124,0.05015486477876152,0.05015486477876152
105,GdTbHoErLa,[23],117.0,matminer,SVR,117.0,165.2947587484392,-48.29475874843919,48.29475874843919
106,GdTbHoErLaY,[23],120.0,matminer,SVR,120.0,139.23428057886954,-19.234280578869544,19.234280578869544
107,ScGdTbDyHo,[24],144.0,matminer,SVR,144.0,174.8246276353485,-30.82462763534849,30.82462763534849
108,ScGdTbDyHo,[24],143.0,matminer,SVR,143.0,174.8246276353485,-31.82462763534849,31.82462763534849
109,ScGdTbDyHo,[24],146.0,matminer,SVR,146.0,174.8246276353485,-28.82462763534849,28.82462763534849
110,ScGdTbDyHo,[24],139.0,matminer,SVR,139.0,174.8246276353485,-35.82462763534849,35.82462763534849
111,LaFe10.8Cr0.2Si2,[25],219.0,matminer,SVR,219.0,175.85632103323718,43.14367896676282,43.14367896676282
112,LaFe10Co0.5Ni0.5Si2,[25],285.0,matminer,SVR,285.0,174.8732607037703,110.12673929622969,110.12673929622969
113,LaFe10.25Co0.25Ni0.25Cr0.25Si2,[25],247.0,matminer,SVR,247.0,175.00140129480235,71.99859870519765,71.99859870519765
114,Mn27Cr7Ni33Ge25Si8,[26],412.0,matminer,SVR,412.0,370.71570706409426,41.28429293590574,41.28429293590574
118,Fe25Co25Ni25Mo5P10B10,[27],560.0,matminer,SVR,560.0,503.63043365539477,56.36956634460523,56.36956634460523
121,GdTbHoErY,[28],163.0,matminer,SVR,163.0,175.63323153276954,-12.633231532769543,12.633231532769543
125,Fe26.7Ni26.7Ga15.6Mn20Si11,[29],322.0,matminer,SVR,322.0,447.18226011347997,-125.18226011347997,125.18226011347997
126,Fe26.7Ni26.7Ga15.6Mn20Si11,[29],334.0,matminer,SVR,334.0,447.18226011347997,-113.18226011347997,113.18226011347997
127,Al0.44Cr0.25MnFeCo0.05Ni0.2,[30],340.0,matminer,SVR,340.0,402.3191917755132,-62.31919177551322,62.31919177551322
128,Mn22.3Fe22.2Ni22.2Ge16.65Si16.65,[31],137.0,matminer,SVR,137.0,305.1744505416731,-168.17445054167308,168.17445054167308
133,Mn0.94Cr0.3Fe0.5Co0.2Ni0.5Al0.3,[32],321.0,matminer,SVR,321.0,287.6067040148932,33.39329598510682,33.39329598510682
134,(Gd36Tb20Co20Al24)99Fe1,[33],94.0,matminer,SVR,94.0,70.1360298217411,23.863970178258896,23.863970178258896
135,Gd18Ho22Tm20Cu22Al18,[33],33.6,matminer,SVR,33.6,51.43730348192935,-17.837303481929347,17.837303481929347
136,Gd36Tb20Co20Al24,[33],81.0,matminer,SVR,81.0,71.12608442177455,9.87391557822545,9.87391557822545
137,Gd19Tb19Er18Fe19Al25,[33],97.0,matminer,SVR,97.0,66.21911937012322,30.780880629876776,30.780880629876776
138,(Gd36Tb20Co20Al24)98Fe2,[33],100.0,matminer,SVR,100.0,69.40936987227117,30.59063012772883,30.59063012772883
139,Fe24.1Co24.1Ni24.1Cr27.7,[33],36.0,matminer,SVR,36.0,184.3502529333088,-148.3502529333088,148.3502529333088
140,Fe24.39Co24.39Ni24.39Cr26.83,[33],48.0,matminer,SVR,48.0,185.01973343704358,-137.01973343704358,137.01973343704358
141,FeCoNiCr,[33],171.0,matminer,SVR,171.0,185.7546217656368,-14.754621765636813,14.754621765636813
142,Fe24.69Co24.69Ni24.69Cr25.93,[33],65.0,matminer,SVR,65.0,188.96921746579432,-123.96921746579432,123.96921746579432
143,Fe25.3Co25.3Ni25.3Cr24.1,[33],100.0,matminer,SVR,100.0,187.37390191348555,-87.37390191348555,87.37390191348555
144,Fe25.64Co25.64Ni25.64Cr23.08,[33],131.0,matminer,SVR,131.0,188.34334901482362,-57.343349014823616,57.343349014823616
145,Fe25.64Co25.64Ni25.64Cr23.08,[33],148.0,matminer,SVR,148.0,294.44902453066186,-146.44902453066186,146.44902453066186
146,FeCoNi1.5Cr0.5Al,[33],150.0,matminer,SVR,150.0,188.34334901482362,-38.343349014823616,38.343349014823616
147,Fe26Co26Ni26Cr22,[33],193.0,matminer,SVR,193.0,189.4164863091361,3.583513690863896,3.583513690863896
148,Fe23.53Co23.53Ni23.53Cr23.53Pd5.88,[33],210.0,matminer,SVR,210.0,171.96792640329184,38.03207359670816,38.03207359670816
149,Fe25Co25Ni25(Mo0.2P0.4B0.4)25,[33],560.0,matminer,SVR,560.0,223.21928025925175,336.7807197407483,336.7807197407483
150,FeCoNi0.5Cr0.5Al1.5,[33],455.0,matminer,SVR,455.0,307.1179782549294,147.88202174507057,147.88202174507057
151,FeCoNi0.5Cr0.5Al,[33],685.0,matminer,SVR,685.0,288.36182585603996,396.63817414396004,396.63817414396004
152,Fe30.7Ni25.7Ga14.6Mn19Si10,[34],442.0,matminer,SVR,442.0,314.5452539954632,127.45474600453679,127.45474600453679
153,Fe30.7Ni25.7Ga14.6Mn19Si10,[34],462.0,matminer,SVR,462.0,314.5452539954632,147.4547460045368,147.4547460045368
154,CoFeNi0.5Cr0.5-Alx (x = 0.0),[35],270.0,matminer,SVR,270.0,392.7642471510518,-122.76424715105179,122.76424715105179
160,CoFeNi0.5Cr0.5-Alx (x = 1.5),[35],455.0,matminer,SVR,455.0,392.7642471510518,62.23575284894821,62.23575284894821
163,Mn20Al20Co14Fe20Cr26,[36],268.0,matminer,SVR,268.0,332.5239574908786,-64.52395749087862,64.52395749087862
164,Mn20Al20Co14Fe20Cr26,[36],268.0,matminer,SVR,268.0,337.9603102292166,-69.96031022921659,69.96031022921659
165,Mn20Al20Co14Fe21Cr25,[36],280.0,matminer,SVR,280.0,343.5847073035189,-63.58470730351888,63.58470730351888
166,Mn20Al20Co14Fe21Cr25,[36],280.0,matminer,SVR,280.0,349.3927832160722,-69.39278321607219,69.39278321607219
167,Mn20Al20Co14Fe22Cr24,[36],300.0,matminer,SVR,300.0,332.5239574908786,-32.523957490878615,32.523957490878615
168,Mn20Al20Co14Fe22Cr24,[36],300.0,matminer,SVR,300.0,337.9603102292166,-37.96031022921659,37.96031022921659
169,Mn20Al20Co14Fe23Cr23,[36],310.0,matminer,SVR,310.0,343.5847073035189,-33.58470730351888,33.58470730351888
170,Mn20Al20Co14Fe23Cr23,[36],310.0,matminer,SVR,310.0,349.3927832160722,-39.39278321607219,39.39278321607219
171,Mn20Cr14Ni33Ge25Si8,[37],361.0,matminer,SVR,361.0,399.40616156846454,-38.40616156846454,38.40616156846454
172,Mn20Cr14Ni33Ge25Si8,[37],361.0,matminer,SVR,361.0,408.74169071700805,-47.741690717008055,47.741690717008055
175,Mn24Cr10Ni33Ge25Si8,[37],387.0,matminer,SVR,387.0,399.40616156846454,-12.40616156846454,12.40616156846454
176,Mn24Cr10Ni33Ge25Si8,[37],387.0,matminer,SVR,387.0,408.74169071700805,-21.741690717008055,21.741690717008055
179,Al20Mn20Fe20Co14.5Cr25.5,[38],282.8,matminer,SVR,282.8,294.40112316391077,-11.601123163910756,11.601123163910756
181,Al20Mn20Fe20Co15.5Cr24.5,[38],313.7,matminer,SVR,313.7,301.3673844089053,12.33261559109468,12.33261559109468
183,Al20Mn20Fe20Co16.5Cr23.5,[38],345.8,matminer,SVR,345.8,308.5116706821565,37.288329317843534,37.288329317843534
185,Dy27Er27Ni26Al20,[39],15.0,matminer,SVR,15.0,18.670596251633413,-3.6705962516334125,3.6705962516334125
186,Dy18Er18Y18Ni26Al20,[39],10.0,matminer,SVR,10.0,9.069298897351558,0.9307011026484417,0.9307011026484417
187,Dy13.5Er13.5Y13.5Gd13.5Ni26Al20,[39],22.0,matminer,SVR,22.0,13.01151406745015,8.98848593254985,8.98848593254985
188,FeCoNiCr,[40],103.0,matminer,SVR,103.0,123.64778361180417,-20.647783611804172,20.647783611804172
189,FeCoNiCrPd0.005,[40],102.0,matminer,SVR,102.0,232.86345284832169,-130.86345284832169,130.86345284832169
190,FeCoNiCrPd0.03,[40],121.0,matminer,SVR,121.0,231.60884746633275,-110.60884746633275,110.60884746633275
191,FeCoNiCrPd0.06,[40],131.0,matminer,SVR,131.0,230.10546219497172,-99.10546219497172,99.10546219497172
192,FeCoNiCrPd0.12,[40],160.0,matminer,SVR,160.0,227.14143302298424,-67.14143302298424,67.14143302298424
193,FeCoNiCrPd0.25,[40],220.0,matminer,SVR,220.0,221.17203703200036,-1.172037032000361,1.172037032000361
194,FeCoNiCrPd0.50,[40],292.0,matminer,SVR,292.0,212.58573344355136,79.41426655644864,79.41426655644864
195,FeCoNiCrAl,[41],290.0,matminer,SVR,290.0,329.3384221223173,-39.3384221223173,39.3384221223173
196,FeCoNi1.5Cr0.5Al,[41],150.0,matminer,SVR,150.0,371.547218270318,-221.547218270318,221.547218270318
197,AlxCr0.2MnFe0.5Co0.3Ni0.5(x=0.3),[42],380.0,matminer,SVR,380.0,307.67796975581007,72.32203024418993,72.32203024418993
198,AlxCr0.2MnFe0.5Co0.3Ni0.5(x=0.35),[42],378.0,matminer,SVR,378.0,307.67796975581007,70.32203024418993,70.32203024418993
199,AlxCr0.2MnFe0.5Co0.3Ni0.5(x=0.6),[42],385.0,matminer,SVR,385.0,307.67796975581007,77.32203024418993,77.32203024418993
200,AlxCr0.2MnFe0.5Co0.3Ni0.5(x=0.65),[42],370.0,matminer,SVR,370.0,307.67796975581007,62.32203024418993,62.32203024418993
2,GdTbDyHo,[1],198.0,matminer,XGBoost,198.0,160.36453247070312,37.635467529296875,37.635467529296875
3,(GdTbDyHo)99.9Sc0.1,[1],193.0,matminer,XGBoost,193.0,159.8243865966797,33.17561340332031,33.17561340332031
4,(GdTbDyHo)99.9Sc0.2,[1],186.0,matminer,XGBoost,186.0,159.8243865966797,26.175613403320312,26.175613403320312
5,GdTbDyHo)99.9Sc0.3,[1],181.0,matminer,XGBoost,181.0,159.8243865966797,21.175613403320312,21.175613403320312
6,(GdTbDyHo)99.9Sc0.4,[1],181.0,matminer,XGBoost,181.0,159.8243865966797,21.175613403320312,21.175613403320312
7,(GdTbDyHo)99.9Sc0.5,[1],176.0,matminer,XGBoost,176.0,159.8243865966797,16.175613403320312,16.175613403320312
8,Tb25.11Dy25.03Ho24.4Er 25.43,[2],160.0,matminer,XGBoost,160.0,91.24077606201172,68.75922393798828,68.75922393798828
9,Tb23.58Dy25.05Ho25.03Er 26.34,[2],163.9,matminer,XGBoost,163.9,75.78670501708984,88.11329498291016,88.11329498291016
10,Gd20Ho20Er20Al20 Fe 20,[3],55.0,matminer,XGBoost,55.0,104.4261703491211,-49.426170349121094,49.426170349121094
11,Gd20Ho20Er20Al20 Co 20,[3],39.0,matminer,XGBoost,39.0,73.3375244140625,-34.3375244140625,34.3375244140625
12,Gd20Ho20Er20Al20 Ni 20,[3],25.0,matminer,XGBoost,25.0,74.51329803466797,-49.51329803466797,49.51329803466797
13,GdTbHoEr,[4],190.0,matminer,XGBoost,190.0,180.9648895263672,9.035110473632812,9.035110473632812
14,GdTbHoErLa,[4],127.0,matminer,XGBoost,127.0,130.93385314941406,-3.9338531494140625,3.9338531494140625
15,GdTbHoErLaY,[4],120.0,matminer,XGBoost,120.0,114.12615966796875,5.87384033203125,5.87384033203125
16,GdTbHoErPr,[4],135.0,matminer,XGBoost,135.0,147.89187622070312,-12.891876220703125,12.891876220703125
17,Gd20Dy20Er20Ho20Tb20,[5],186.0,matminer,XGBoost,186.0,170.71319580078125,15.28680419921875,15.28680419921875
18,Gd25Er25Ho25Tb25,[5],139.0,matminer,XGBoost,139.0,190.11825561523438,-51.118255615234375,51.118255615234375
19,Dy25Er25Ho25Tb25,[5],52.0,matminer,XGBoost,52.0,160.37457275390625,-108.37457275390625,108.37457275390625
20,Er33.33Ho33.33Tb33.34,[5],88.0,matminer,XGBoost,88.0,212.13682556152344,-124.13682556152344,124.13682556152344
21,Gd10Tb10Dy10Ho10Er10Y10Ni10Co10Ag10Al10,[6],29.0,matminer,XGBoost,29.0,27.35324478149414,1.6467552185058594,1.6467552185058594
26,Ho20Er20Co20Al20Gd20,[7],37.0,matminer,XGBoost,37.0,40.1635856628418,-3.163585662841797,3.163585662841797
27,Ho20Er20Co20Al20Dy20,[7],18.0,matminer,XGBoost,18.0,69.5695571899414,-51.569557189941406,51.569557189941406
28,Ho20Er20Co20Al20Tm20,[7],9.0,matminer,XGBoost,9.0,79.43836975097656,-70.43836975097656,70.43836975097656
29,Gd25Co25Al25Y25,[8],39.0,matminer,XGBoost,39.0,80.90506744384766,-41.905067443847656,41.905067443847656
30,Gd25Co25Al25Y15Dy10,[8],44.0,matminer,XGBoost,44.0,54.36922073364258,-10.369220733642578,10.369220733642578
31,Gd25Co25Al25Y15Ho10,[8],41.0,matminer,XGBoost,41.0,54.36922073364258,-13.369220733642578,13.369220733642578
32,Gd25Co25Al25Y15Er10,[8],43.0,matminer,XGBoost,43.0,54.36922073364258,-11.369220733642578,11.369220733642578
33,Gd25Co25Al25Ho24Y1,[9],51.0,matminer,XGBoost,51.0,95.3225326538086,-44.322532653808594,44.322532653808594
34,Gd25Co25Al25Ho20Y5,[9],49.0,matminer,XGBoost,49.0,84.18293762207031,-35.18293762207031,35.18293762207031
35,Gd25Co25Al25Ho15Y10,[9],47.0,matminer,XGBoost,47.0,84.18293762207031,-37.18293762207031,37.18293762207031
37,Gd20Dy20Er20Co20Al20,[10],44.0,matminer,XGBoost,44.0,41.30757141113281,2.6924285888671875,2.6924285888671875
39,(Gd20Dy20Er20Co20Al20)Si0.5,[10],44.0,matminer,XGBoost,44.0,34.00063705444336,9.99936294555664,9.99936294555664
41,(Gd20Dy20Er20Co20Al20)Si1,[10],44.0,matminer,XGBoost,44.0,29.681724548339844,14.318275451660156,14.318275451660156
43,(Gd20Dy20Er20Co20Al20)Si3,[10],44.0,matminer,XGBoost,44.0,62.272743225097656,-18.272743225097656,18.272743225097656
45,(Gd36Tb20Co20Al24)97Fe3(micro_100),[11],98.0,matminer,XGBoost,98.0,72.08285522460938,25.917144775390625,25.917144775390625
46,(Gd36Tb20Co20Al24)97Fe3(micro_70),[11],102.0,matminer,XGBoost,102.0,72.08285522460938,29.917144775390625,29.917144775390625
53,(Gd36Tb20Co20Al24)97Fe3(micro_100),[11],99.0,matminer,XGBoost,99.0,72.08285522460938,26.917144775390625,26.917144775390625
57,V0.85FeCoNiCu1.15,[12],329.0,matminer,XGBoost,329.0,300.7685546875,28.2314453125,28.2314453125
60,(MnNiSi)1-x(FeCoGe)x x=0.4,[13],271.0,matminer,XGBoost,271.0,354.2906799316406,-83.29067993164062,83.29067993164062
61,(MnNiSi)1-x(FeCoGe)x x=0.42,[13],224.0,matminer,XGBoost,224.0,354.2906799316406,-130.29067993164062,130.29067993164062
62,(MnNiSi)1-x(FeCoGe)x x=0.45,[13],232.0,matminer,XGBoost,232.0,354.2906799316406,-122.29067993164062,122.29067993164062
63,(MnNiSi)1-x(FeCoGe)x x=0.47,[13],235.0,matminer,XGBoost,235.0,354.2906799316406,-119.29067993164062,119.29067993164062
64,(MnNi)0.6Si1-y(FeCo)0.4Gey  y=0.36,[13],327.6,matminer,XGBoost,327.6,275.202880859375,52.39711914062502,52.39711914062502
65,(MnNi)0.6Si1-y(FeCo)0.4Gey  y=0.38,[13],308.8,matminer,XGBoost,308.8,275.202880859375,33.59711914062501,33.59711914062501
66,(MnNi)0.6Si1-y(FeCo)0.4Gey  y=0.4,[13],271.3,matminer,XGBoost,271.3,275.202880859375,-3.9028808593749886,3.9028808593749886
67,(MnNi)0.6Si1-y(FeCo)0.4Gey  y=0.42,[13],295.5,matminer,XGBoost,295.5,275.202880859375,20.297119140625,20.297119140625
68,Gd 20 Tb 18 Dy 18 Co 20 Al 24,[14],59.0,matminer,XGBoost,59.0,88.09375762939453,-29.09375762939453,29.09375762939453
74,(Gd 0.2 Tb 0.18 Dy 0.18 Co 0.2 Al 0.24 ) 43 H 57,[14],8.0,matminer,XGBoost,8.0,136.14283752441406,-128.14283752441406,128.14283752441406
80,CoCuFeMnNi,[15],395.0,matminer,XGBoost,395.0,306.79608154296875,88.20391845703125,88.20391845703125
81,CoCu0.975FeMn1.025Ni,[15],321.0,matminer,XGBoost,321.0,306.79608154296875,14.20391845703125,14.20391845703125
82,CoCu0.95FeMn1.05Ni,[15],297.0,matminer,XGBoost,297.0,306.79608154296875,-9.79608154296875,9.79608154296875
83,CoCu0.925FeMn1.075Ni,[15],279.0,matminer,XGBoost,279.0,317.1521301269531,-38.152130126953125,38.152130126953125
84,CoCu0.9FeMn1.1Ni,[15],264.0,matminer,XGBoost,264.0,317.1521301269531,-53.152130126953125,53.152130126953125
85,CoCuFe0.975Mn1.025Ni,[15],299.0,matminer,XGBoost,299.0,306.79608154296875,-7.79608154296875,7.79608154296875
86,CoCuFe0.95Mn1.05Ni,[15],292.0,matminer,XGBoost,292.0,306.79608154296875,-14.79608154296875,14.79608154296875
87,"(Fe,Mn,Ni) 66.7 (Ge 0.5 Si 0.5 ) 33.3",[16],138.0,matminer,XGBoost,138.0,242.3737335205078,-104.37373352050781,104.37373352050781
88,"Fe,Mn,Ni) 66.7 (Ge 0.465 Si 0.535 ) 33.3",[16],178.0,matminer,XGBoost,178.0,243.5023651123047,-65.50236511230469,65.50236511230469
89,"(Fe,Mn,Ni) 66.7 (Ge 0.45 Si 0.55 ) 33.3",[16],200.0,matminer,XGBoost,200.0,243.5023651123047,-43.50236511230469,43.50236511230469
90,Fe30Co30Ni30Cr10,[17],651.0,matminer,XGBoost,651.0,190.38063049316406,460.61936950683594,460.61936950683594
91,Fe30Co30Ni30Mn10,[17],736.0,matminer,XGBoost,736.0,246.58078002929688,489.4192199707031,489.4192199707031
92,Fe30Co30Ni30Cr5Mn5,[17],651.0,matminer,XGBoost,651.0,247.8037109375,403.1962890625,403.1962890625
93,CoFeNiCr1.0Cu0.0,[18],113.0,matminer,XGBoost,113.0,108.644775390625,4.355224609375,4.355224609375
94,CoFeNiCr1.0Cu0.5,[18],120.0,matminer,XGBoost,120.0,223.4660186767578,-103.46601867675781,103.46601867675781
95,CoFeNiCr1.0Cu1.0,[18],110.0,matminer,XGBoost,110.0,237.58355712890625,-127.58355712890625,127.58355712890625
96,CoFeNiCr0.8Cu1.0,[18],223.0,matminer,XGBoost,223.0,227.46160888671875,-4.46160888671875,4.46160888671875
97,Mn1.75Fe0.25CoNiGe1.6Si0.4,[19],295.0,matminer,XGBoost,295.0,297.1799621582031,-2.179962158203125,2.179962158203125
98,AlCrFeCoNiCu,[20],295.0,matminer,XGBoost,295.0,266.3182373046875,28.6817626953125,28.6817626953125
100,V0.85FeCoNiCu1.15,[21],297.0,matminer,XGBoost,297.0,324.7030944824219,-27.703094482421875,27.703094482421875
102,GdTbDyHoErTmCoAl,[22],35.0,matminer,XGBoost,35.0,115.25730895996094,-80.25730895996094,80.25730895996094
103,GdTbDyHoErTmCoNi,[22],40.0,matminer,XGBoost,40.0,106.90596771240234,-66.90596771240234,66.90596771240234
104,GdTbHoEr,[23],190.0,matminer,XGBoost,190.0,176.5075225830078,13.492477416992188,13.492477416992188
105,GdTbHoErLa,[23],117.0,matminer,XGBoost,117.0,151.62245178222656,-34.62245178222656,34.62245178222656
106,GdTbHoErLaY,[23],120.0,matminer,XGBoost,120.0,146.38983154296875,-26.38983154296875,26.38983154296875
107,ScGdTbDyHo,[24],144.0,matminer,XGBoost,144.0,161.57443237304688,-17.574432373046875,17.574432373046875
108,ScGdTbDyHo,[24],143.0,matminer,XGBoost,143.0,161.57443237304688,-18.574432373046875,18.574432373046875
109,ScGdTbDyHo,[24],146.0,matminer,XGBoost,146.0,161.57443237304688,-15.574432373046875,15.574432373046875
110,ScGdTbDyHo,[24],139.0,matminer,XGBoost,139.0,161.57443237304688,-22.574432373046875,22.574432373046875
111,LaFe10.8Cr0.2Si2,[25],219.0,matminer,XGBoost,219.0,197.67630004882812,21.323699951171875,21.323699951171875
112,LaFe10Co0.5Ni0.5Si2,[25],285.0,matminer,XGBoost,285.0,200.2297821044922,84.77021789550781,84.77021789550781
113,LaFe10.25Co0.25Ni0.25Cr0.25Si2,[25],247.0,matminer,XGBoost,247.0,203.7572479248047,43.24275207519531,43.24275207519531
114,Mn27Cr7Ni33Ge25Si8,[26],412.0,matminer,XGBoost,412.0,311.7007751464844,100.29922485351562,100.29922485351562
118,Fe25Co25Ni25Mo5P10B10,[27],560.0,matminer,XGBoost,560.0,289.88177490234375,270.11822509765625,270.11822509765625
121,GdTbHoErY,[28],163.0,matminer,XGBoost,163.0,151.0243682861328,11.975631713867188,11.975631713867188
125,Fe26.7Ni26.7Ga15.6Mn20Si11,[29],322.0,matminer,XGBoost,322.0,344.4854736328125,-22.4854736328125,22.4854736328125
126,Fe26.7Ni26.7Ga15.6Mn20Si11,[29],334.0,matminer,XGBoost,334.0,344.4854736328125,-10.4854736328125,10.4854736328125
127,Al0.44Cr0.25MnFeCo0.05Ni0.2,[30],340.0,matminer,XGBoost,340.0,365.87030029296875,-25.87030029296875,25.87030029296875
128,Mn22.3Fe22.2Ni22.2Ge16.65Si16.65,[31],137.0,matminer,XGBoost,137.0,302.7135009765625,-165.7135009765625,165.7135009765625
133,Mn0.94Cr0.3Fe0.5Co0.2Ni0.5Al0.3,[32],321.0,matminer,XGBoost,321.0,335.44378662109375,-14.44378662109375,14.44378662109375
134,(Gd36Tb20Co20Al24)99Fe1,[33],94.0,matminer,XGBoost,94.0,118.26979064941406,-24.269790649414062,24.269790649414062
135,Gd18Ho22Tm20Cu22Al18,[33],33.6,matminer,XGBoost,33.6,121.68714141845703,-88.08714141845704,88.08714141845704
136,Gd36Tb20Co20Al24,[33],81.0,matminer,XGBoost,81.0,118.26979064941406,-37.26979064941406,37.26979064941406
137,Gd19Tb19Er18Fe19Al25,[33],97.0,matminer,XGBoost,97.0,113.45514678955078,-16.45514678955078,16.45514678955078
138,(Gd36Tb20Co20Al24)98Fe2,[33],100.0,matminer,XGBoost,100.0,118.26979064941406,-18.269790649414062,18.269790649414062
139,Fe24.1Co24.1Ni24.1Cr27.7,[33],36.0,matminer,XGBoost,36.0,197.63714599609375,-161.63714599609375,161.63714599609375
140,Fe24.39Co24.39Ni24.39Cr26.83,[33],48.0,matminer,XGBoost,48.0,197.63714599609375,-149.63714599609375,149.63714599609375
141,FeCoNiCr,[33],171.0,matminer,XGBoost,171.0,197.63714599609375,-26.63714599609375,26.63714599609375
142,Fe24.69Co24.69Ni24.69Cr25.93,[33],65.0,matminer,XGBoost,65.0,176.00628662109375,-111.00628662109375,111.00628662109375
143,Fe25.3Co25.3Ni25.3Cr24.1,[33],100.0,matminer,XGBoost,100.0,184.31849670410156,-84.31849670410156,84.31849670410156
144,Fe25.64Co25.64Ni25.64Cr23.08,[33],131.0,matminer,XGBoost,131.0,177.4022979736328,-46.40229797363281,46.40229797363281
145,Fe25.64Co25.64Ni25.64Cr23.08,[33],148.0,matminer,XGBoost,148.0,263.0248718261719,-115.02487182617188,115.02487182617188
146,FeCoNi1.5Cr0.5Al,[33],150.0,matminer,XGBoost,150.0,177.4022979736328,-27.402297973632812,27.402297973632812
147,Fe26Co26Ni26Cr22,[33],193.0,matminer,XGBoost,193.0,227.55711364746094,-34.55711364746094,34.55711364746094
148,Fe23.53Co23.53Ni23.53Cr23.53Pd5.88,[33],210.0,matminer,XGBoost,210.0,193.19683837890625,16.80316162109375,16.80316162109375
149,Fe25Co25Ni25(Mo0.2P0.4B0.4)25,[33],560.0,matminer,XGBoost,560.0,297.35076904296875,262.64923095703125,262.64923095703125
150,FeCoNi0.5Cr0.5Al1.5,[33],455.0,matminer,XGBoost,455.0,272.658935546875,182.341064453125,182.341064453125
151,FeCoNi0.5Cr0.5Al,[33],685.0,matminer,XGBoost,685.0,277.26641845703125,407.73358154296875,407.73358154296875
152,Fe30.7Ni25.7Ga14.6Mn19Si10,[34],442.0,matminer,XGBoost,442.0,293.7279052734375,148.2720947265625,148.2720947265625
153,Fe30.7Ni25.7Ga14.6Mn19Si10,[34],462.0,matminer,XGBoost,462.0,293.7279052734375,168.2720947265625,168.2720947265625
154,CoFeNi0.5Cr0.5-Alx (x = 0.0),[35],270.0,matminer,XGBoost,270.0,554.601318359375,-284.601318359375,284.601318359375
160,CoFeNi0.5Cr0.5-Alx (x = 1.5),[35],455.0,matminer,XGBoost,455.0,554.601318359375,-99.601318359375,99.601318359375
163,Mn20Al20Co14Fe20Cr26,[36],268.0,matminer,XGBoost,268.0,330.5604248046875,-62.5604248046875,62.5604248046875
164,Mn20Al20Co14Fe20Cr26,[36],268.0,matminer,XGBoost,268.0,334.5012512207031,-66.50125122070312,66.50125122070312
165,Mn20Al20Co14Fe21Cr25,[36],280.0,matminer,XGBoost,280.0,334.5012512207031,-54.501251220703125,54.501251220703125
166,Mn20Al20Co14Fe21Cr25,[36],280.0,matminer,XGBoost,280.0,334.5012512207031,-54.501251220703125,54.501251220703125
167,Mn20Al20Co14Fe22Cr24,[36],300.0,matminer,XGBoost,300.0,330.5604248046875,-30.5604248046875,30.5604248046875
168,Mn20Al20Co14Fe22Cr24,[36],300.0,matminer,XGBoost,300.0,334.5012512207031,-34.501251220703125,34.501251220703125
169,Mn20Al20Co14Fe23Cr23,[36],310.0,matminer,XGBoost,310.0,334.5012512207031,-24.501251220703125,24.501251220703125
170,Mn20Al20Co14Fe23Cr23,[36],310.0,matminer,XGBoost,310.0,334.5012512207031,-24.501251220703125,24.501251220703125
171,Mn20Cr14Ni33Ge25Si8,[37],361.0,matminer,XGBoost,361.0,246.59530639648438,114.40469360351562,114.40469360351562
172,Mn20Cr14Ni33Ge25Si8,[37],361.0,matminer,XGBoost,361.0,253.2494354248047,107.75056457519531,107.75056457519531
175,Mn24Cr10Ni33Ge25Si8,[37],387.0,matminer,XGBoost,387.0,246.59530639648438,140.40469360351562,140.40469360351562
176,Mn24Cr10Ni33Ge25Si8,[37],387.0,matminer,XGBoost,387.0,253.2494354248047,133.7505645751953,133.7505645751953
179,Al20Mn20Fe20Co14.5Cr25.5,[38],282.8,matminer,XGBoost,282.8,293.3566589355469,-10.556658935546864,10.556658935546864
181,Al20Mn20Fe20Co15.5Cr24.5,[38],313.7,matminer,XGBoost,313.7,289.88494873046875,23.81505126953124,23.81505126953124
183,Al20Mn20Fe20Co16.5Cr23.5,[38],345.8,matminer,XGBoost,345.8,289.73345947265625,56.06654052734376,56.06654052734376
185,Dy27Er27Ni26Al20,[39],15.0,matminer,XGBoost,15.0,-36.836082458496094,51.836082458496094,51.836082458496094
186,Dy18Er18Y18Ni26Al20,[39],10.0,matminer,XGBoost,10.0,-8.775639533996582,18.775639533996582,18.775639533996582
187,Dy13.5Er13.5Y13.5Gd13.5Ni26Al20,[39],22.0,matminer,XGBoost,22.0,-7.34673547744751,29.34673547744751,29.34673547744751
188,FeCoNiCr,[40],103.0,matminer,XGBoost,103.0,117.26667785644531,-14.266677856445312,14.266677856445312
189,FeCoNiCrPd0.005,[40],102.0,matminer,XGBoost,102.0,227.5831298828125,-125.5831298828125,125.5831298828125
190,FeCoNiCrPd0.03,[40],121.0,matminer,XGBoost,121.0,232.68783569335938,-111.68783569335938,111.68783569335938
191,FeCoNiCrPd0.06,[40],131.0,matminer,XGBoost,131.0,224.016357421875,-93.016357421875,93.016357421875
192,FeCoNiCrPd0.12,[40],160.0,matminer,XGBoost,160.0,219.36436462402344,-59.36436462402344,59.36436462402344
193,FeCoNiCrPd0.25,[40],220.0,matminer,XGBoost,220.0,228.10595703125,-8.10595703125,8.10595703125
194,FeCoNiCrPd0.50,[40],292.0,matminer,XGBoost,292.0,311.348876953125,-19.348876953125,19.348876953125
195,FeCoNiCrAl,[41],290.0,matminer,XGBoost,290.0,363.214111328125,-73.214111328125,73.214111328125
196,FeCoNi1.5Cr0.5Al,[41],150.0,matminer,XGBoost,150.0,151.98141479492188,-1.981414794921875,1.981414794921875
197,AlxCr0.2MnFe0.5Co0.3Ni0.5(x=0.3),[42],380.0,matminer,XGBoost,380.0,320.7338562011719,59.266143798828125,59.266143798828125
198,AlxCr0.2MnFe0.5Co0.3Ni0.5(x=0.35),[42],378.0,matminer,XGBoost,378.0,320.7338562011719,57.266143798828125,57.266143798828125
199,AlxCr0.2MnFe0.5Co0.3Ni0.5(x=0.6),[42],385.0,matminer,XGBoost,385.0,320.7338562011719,64.26614379882812,64.26614379882812
200,AlxCr0.2MnFe0.5Co0.3Ni0.5(x=0.65),[42],370.0,matminer,XGBoost,370.0,320.7338562011719,49.266143798828125,49.266143798828125
2,GdTbDyHo,[1],198.0,matminer,LightGBM,198.0,142.1487930811618,55.85120691883819,55.85120691883819
3,(GdTbDyHo)99.9Sc0.1,[1],193.0,matminer,LightGBM,193.0,142.1487930811618,50.85120691883819,50.85120691883819
4,(GdTbDyHo)99.9Sc0.2,[1],186.0,matminer,LightGBM,186.0,142.1487930811618,43.85120691883819,43.85120691883819
5,GdTbDyHo)99.9Sc0.3,[1],181.0,matminer,LightGBM,181.0,142.1487930811618,38.85120691883819,38.85120691883819
6,(GdTbDyHo)99.9Sc0.4,[1],181.0,matminer,LightGBM,181.0,142.1487930811618,38.85120691883819,38.85120691883819
7,(GdTbDyHo)99.9Sc0.5,[1],176.0,matminer,LightGBM,176.0,142.1487930811618,33.85120691883819,33.85120691883819
8,Tb25.11Dy25.03Ho24.4Er 25.43,[2],160.0,matminer,LightGBM,160.0,56.361476846977965,103.63852315302204,103.63852315302204
9,Tb23.58Dy25.05Ho25.03Er 26.34,[2],163.9,matminer,LightGBM,163.9,56.361476846977965,107.53852315302204,107.53852315302204
10,Gd20Ho20Er20Al20 Fe 20,[3],55.0,matminer,LightGBM,55.0,69.89720377093958,-14.897203770939583,14.897203770939583
11,Gd20Ho20Er20Al20 Co 20,[3],39.0,matminer,LightGBM,39.0,36.5554134372813,2.4445865627186976,2.4445865627186976
12,Gd20Ho20Er20Al20 Ni 20,[3],25.0,matminer,LightGBM,25.0,29.331114855926288,-4.3311148559262875,4.3311148559262875
13,GdTbHoEr,[4],190.0,matminer,LightGBM,190.0,169.33261109406212,20.667388905937884,20.667388905937884
14,GdTbHoErLa,[4],127.0,matminer,LightGBM,127.0,150.78381883793833,-23.783818837938327,23.783818837938327
15,GdTbHoErLaY,[4],120.0,matminer,LightGBM,120.0,149.94585803377055,-29.94585803377055,29.94585803377055
16,GdTbHoErPr,[4],135.0,matminer,LightGBM,135.0,170.1705718982299,-35.170571898229895,35.170571898229895
17,Gd20Dy20Er20Ho20Tb20,[5],186.0,matminer,LightGBM,186.0,187.53523772055857,-1.5352377205585697,1.5352377205585697
18,Gd25Er25Ho25Tb25,[5],139.0,matminer,LightGBM,139.0,187.63411027071302,-48.63411027071302,48.63411027071302
19,Dy25Er25Ho25Tb25,[5],52.0,matminer,LightGBM,52.0,163.0640949446594,-111.06409494465939,111.06409494465939
20,Er33.33Ho33.33Tb33.34,[5],88.0,matminer,LightGBM,88.0,169.99694893780915,-81.99694893780915,81.99694893780915
21,Gd10Tb10Dy10Ho10Er10Y10Ni10Co10Ag10Al10,[6],29.0,matminer,LightGBM,29.0,143.45082731498783,-114.45082731498783,114.45082731498783
26,Ho20Er20Co20Al20Gd20,[7],37.0,matminer,LightGBM,37.0,54.60929875429471,-17.609298754294713,17.609298754294713
27,Ho20Er20Co20Al20Dy20,[7],18.0,matminer,LightGBM,18.0,65.79210203372654,-47.792102033726536,47.792102033726536
28,Ho20Er20Co20Al20Tm20,[7],9.0,matminer,LightGBM,9.0,57.588953324583926,-48.588953324583926,48.588953324583926
29,Gd25Co25Al25Y25,[8],39.0,matminer,LightGBM,39.0,66.16828180805429,-27.16828180805429,27.16828180805429
30,Gd25Co25Al25Y15Dy10,[8],44.0,matminer,LightGBM,44.0,60.65960381696619,-16.65960381696619,16.65960381696619
31,Gd25Co25Al25Y15Ho10,[8],41.0,matminer,LightGBM,41.0,65.30980657054722,-24.309806570547224,24.309806570547224
32,Gd25Co25Al25Y15Er10,[8],43.0,matminer,LightGBM,43.0,55.245039416544095,-12.245039416544095,12.245039416544095
33,Gd25Co25Al25Ho24Y1,[9],51.0,matminer,LightGBM,51.0,79.16362280811114,-28.163622808111143,28.163622808111143
34,Gd25Co25Al25Ho20Y5,[9],49.0,matminer,LightGBM,49.0,79.16362280811114,-30.163622808111143,30.163622808111143
35,Gd25Co25Al25Ho15Y10,[9],47.0,matminer,LightGBM,47.0,61.18002699151371,-14.180026991513706,14.180026991513706
37,Gd20Dy20Er20Co20Al20,[10],44.0,matminer,LightGBM,44.0,35.4101477139331,8.5898522860669,8.5898522860669
39,(Gd20Dy20Er20Co20Al20)Si0.5,[10],44.0,matminer,LightGBM,44.0,26.69703613092595,17.30296386907405,17.30296386907405
41,(Gd20Dy20Er20Co20Al20)Si1,[10],44.0,matminer,LightGBM,44.0,19.717828853624983,24.282171146375017,24.282171146375017
43,(Gd20Dy20Er20Co20Al20)Si3,[10],44.0,matminer,LightGBM,44.0,56.46132627340156,-12.46132627340156,12.46132627340156
45,(Gd36Tb20Co20Al24)97Fe3(micro_100),[11],98.0,matminer,LightGBM,98.0,78.3432214722392,19.656778527760807,19.656778527760807
46,(Gd36Tb20Co20Al24)97Fe3(micro_70),[11],102.0,matminer,LightGBM,102.0,78.3432214722392,23.656778527760807,23.656778527760807
53,(Gd36Tb20Co20Al24)97Fe3(micro_100),[11],99.0,matminer,LightGBM,99.0,78.3432214722392,20.656778527760807,20.656778527760807
57,V0.85FeCoNiCu1.15,[12],329.0,matminer,LightGBM,329.0,291.5526175623947,37.44738243760531,37.44738243760531
60,(MnNiSi)1-x(FeCoGe)x x=0.4,[13],271.0,matminer,LightGBM,271.0,333.03073636132945,-62.030736361329446,62.030736361329446
61,(MnNiSi)1-x(FeCoGe)x x=0.42,[13],224.0,matminer,LightGBM,224.0,333.03073636132945,-109.03073636132945,109.03073636132945
62,(MnNiSi)1-x(FeCoGe)x x=0.45,[13],232.0,matminer,LightGBM,232.0,333.03073636132945,-101.03073636132945,101.03073636132945
63,(MnNiSi)1-x(FeCoGe)x x=0.47,[13],235.0,matminer,LightGBM,235.0,333.03073636132945,-98.03073636132945,98.03073636132945
64,(MnNi)0.6Si1-y(FeCo)0.4Gey  y=0.36,[13],327.6,matminer,LightGBM,327.6,264.73916922002627,62.86083077997375,62.86083077997375
65,(MnNi)0.6Si1-y(FeCo)0.4Gey  y=0.38,[13],308.8,matminer,LightGBM,308.8,264.73916922002627,44.06083077997374,44.06083077997374
66,(MnNi)0.6Si1-y(FeCo)0.4Gey  y=0.4,[13],271.3,matminer,LightGBM,271.3,264.73916922002627,6.560830779973742,6.560830779973742
67,(MnNi)0.6Si1-y(FeCo)0.4Gey  y=0.42,[13],295.5,matminer,LightGBM,295.5,264.73916922002627,30.76083077997373,30.76083077997373
68,Gd 20 Tb 18 Dy 18 Co 20 Al 24,[14],59.0,matminer,LightGBM,59.0,67.77954590243942,-8.779545902439423,8.779545902439423
74,(Gd 0.2 Tb 0.18 Dy 0.18 Co 0.2 Al 0.24 ) 43 H 57,[14],8.0,matminer,LightGBM,8.0,100.4312429435896,-92.4312429435896,92.4312429435896
80,CoCuFeMnNi,[15],395.0,matminer,LightGBM,395.0,272.1273344725547,122.87266552744529,122.87266552744529
81,CoCu0.975FeMn1.025Ni,[15],321.0,matminer,LightGBM,321.0,272.1273344725547,48.87266552744529,48.87266552744529
82,CoCu0.95FeMn1.05Ni,[15],297.0,matminer,LightGBM,297.0,272.1273344725547,24.872665527445292,24.872665527445292
83,CoCu0.925FeMn1.075Ni,[15],279.0,matminer,LightGBM,279.0,272.1273344725547,6.872665527445292,6.872665527445292
84,CoCu0.9FeMn1.1Ni,[15],264.0,matminer,LightGBM,264.0,272.1273344725547,-8.127334472554708,8.127334472554708
85,CoCuFe0.975Mn1.025Ni,[15],299.0,matminer,LightGBM,299.0,272.1273344725547,26.872665527445292,26.872665527445292
86,CoCuFe0.95Mn1.05Ni,[15],292.0,matminer,LightGBM,292.0,272.1273344725547,19.872665527445292,19.872665527445292
87,"(Fe,Mn,Ni) 66.7 (Ge 0.5 Si 0.5 ) 33.3",[16],138.0,matminer,LightGBM,138.0,254.1168291617703,-116.11682916177031,116.11682916177031
88,"Fe,Mn,Ni) 66.7 (Ge 0.465 Si 0.535 ) 33.3",[16],178.0,matminer,LightGBM,178.0,275.29414944674755,-97.29414944674755,97.29414944674755
89,"(Fe,Mn,Ni) 66.7 (Ge 0.45 Si 0.55 ) 33.3",[16],200.0,matminer,LightGBM,200.0,275.29414944674755,-75.29414944674755,75.29414944674755
90,Fe30Co30Ni30Cr10,[17],651.0,matminer,LightGBM,651.0,198.67392616670884,452.32607383329116,452.32607383329116
91,Fe30Co30Ni30Mn10,[17],736.0,matminer,LightGBM,736.0,265.6202186439277,470.3797813560723,470.3797813560723
92,Fe30Co30Ni30Cr5Mn5,[17],651.0,matminer,LightGBM,651.0,260.8680544671031,390.1319455328969,390.1319455328969
93,CoFeNiCr1.0Cu0.0,[18],113.0,matminer,LightGBM,113.0,96.0533354518196,16.946664548180394,16.946664548180394
94,CoFeNiCr1.0Cu0.5,[18],120.0,matminer,LightGBM,120.0,220.56673240643295,-100.56673240643295,100.56673240643295
95,CoFeNiCr1.0Cu1.0,[18],110.0,matminer,LightGBM,110.0,242.0651635797577,-132.0651635797577,132.0651635797577
96,CoFeNiCr0.8Cu1.0,[18],223.0,matminer,LightGBM,223.0,224.64760490185031,-1.6476049018503147,1.6476049018503147
97,Mn1.75Fe0.25CoNiGe1.6Si0.4,[19],295.0,matminer,LightGBM,295.0,348.8181319001722,-53.818131900172204,53.818131900172204
98,AlCrFeCoNiCu,[20],295.0,matminer,LightGBM,295.0,279.9483413509028,15.051658649097192,15.051658649097192
100,V0.85FeCoNiCu1.15,[21],297.0,matminer,LightGBM,297.0,328.70902822178385,-31.709028221783853,31.709028221783853
102,GdTbDyHoErTmCoAl,[22],35.0,matminer,LightGBM,35.0,114.74089536564648,-79.74089536564648,79.74089536564648
103,GdTbDyHoErTmCoNi,[22],40.0,matminer,LightGBM,40.0,61.601188998384394,-21.601188998384394,21.601188998384394
104,GdTbHoEr,[23],190.0,matminer,LightGBM,190.0,172.2773931293115,17.72260687068851,17.72260687068851
105,GdTbHoErLa,[23],117.0,matminer,LightGBM,117.0,147.78471046341926,-30.78471046341926,30.78471046341926
106,GdTbHoErLaY,[23],120.0,matminer,LightGBM,120.0,145.61391893991498,-25.61391893991498,25.61391893991498
107,ScGdTbDyHo,[24],144.0,matminer,LightGBM,144.0,170.5968866047774,-26.59688660477741,26.59688660477741
108,ScGdTbDyHo,[24],143.0,matminer,LightGBM,143.0,170.5968866047774,-27.59688660477741,27.59688660477741
109,ScGdTbDyHo,[24],146.0,matminer,LightGBM,146.0,170.5968866047774,-24.59688660477741,24.59688660477741
110,ScGdTbDyHo,[24],139.0,matminer,LightGBM,139.0,170.5968866047774,-31.59688660477741,31.59688660477741
111,LaFe10.8Cr0.2Si2,[25],219.0,matminer,LightGBM,219.0,139.1226319772088,79.87736802279119,79.87736802279119
112,LaFe10Co0.5Ni0.5Si2,[25],285.0,matminer,LightGBM,285.0,137.29003476030178,147.70996523969822,147.70996523969822
113,LaFe10.25Co0.25Ni0.25Cr0.25Si2,[25],247.0,matminer,LightGBM,247.0,137.29003476030178,109.70996523969822,109.70996523969822
114,Mn27Cr7Ni33Ge25Si8,[26],412.0,matminer,LightGBM,412.0,344.7101032448282,67.28989675517181,67.28989675517181
118,Fe25Co25Ni25Mo5P10B10,[27],560.0,matminer,LightGBM,560.0,368.6153020270153,191.38469797298472,191.38469797298472
121,GdTbHoErY,[28],163.0,matminer,LightGBM,163.0,142.85763973677132,20.14236026322868,20.14236026322868
125,Fe26.7Ni26.7Ga15.6Mn20Si11,[29],322.0,matminer,LightGBM,322.0,368.6865910763428,-46.68659107634278,46.68659107634278
126,Fe26.7Ni26.7Ga15.6Mn20Si11,[29],334.0,matminer,LightGBM,334.0,368.6865910763428,-34.68659107634278,34.68659107634278
127,Al0.44Cr0.25MnFeCo0.05Ni0.2,[30],340.0,matminer,LightGBM,340.0,431.9231514430688,-91.92315144306878,91.92315144306878
128,Mn22.3Fe22.2Ni22.2Ge16.65Si16.65,[31],137.0,matminer,LightGBM,137.0,370.50976822918784,-233.50976822918784,233.50976822918784
133,Mn0.94Cr0.3Fe0.5Co0.2Ni0.5Al0.3,[32],321.0,matminer,LightGBM,321.0,238.43058802906714,82.56941197093286,82.56941197093286
134,(Gd36Tb20Co20Al24)99Fe1,[33],94.0,matminer,LightGBM,94.0,58.67366613357375,35.32633386642625,35.32633386642625
135,Gd18Ho22Tm20Cu22Al18,[33],33.6,matminer,LightGBM,33.6,55.18974727370781,-21.589747273707808,21.589747273707808
136,Gd36Tb20Co20Al24,[33],81.0,matminer,LightGBM,81.0,58.67366613357375,22.326333866426253,22.326333866426253
137,Gd19Tb19Er18Fe19Al25,[33],97.0,matminer,LightGBM,97.0,46.15490227612496,50.84509772387504,50.84509772387504
138,(Gd36Tb20Co20Al24)98Fe2,[33],100.0,matminer,LightGBM,100.0,58.67366613357375,41.32633386642625,41.32633386642625
139,Fe24.1Co24.1Ni24.1Cr27.7,[33],36.0,matminer,LightGBM,36.0,275.93728907771396,-239.93728907771396,239.93728907771396
140,Fe24.39Co24.39Ni24.39Cr26.83,[33],48.0,matminer,LightGBM,48.0,275.93728907771396,-227.93728907771396,227.93728907771396
141,FeCoNiCr,[33],171.0,matminer,LightGBM,171.0,275.93728907771396,-104.93728907771396,104.93728907771396
142,Fe24.69Co24.69Ni24.69Cr25.93,[33],65.0,matminer,LightGBM,65.0,241.76411147588723,-176.76411147588723,176.76411147588723
143,Fe25.3Co25.3Ni25.3Cr24.1,[33],100.0,matminer,LightGBM,100.0,254.3720501126061,-154.3720501126061,154.3720501126061
144,Fe25.64Co25.64Ni25.64Cr23.08,[33],131.0,matminer,LightGBM,131.0,241.76411147588723,-110.76411147588723,110.76411147588723
145,Fe25.64Co25.64Ni25.64Cr23.08,[33],148.0,matminer,LightGBM,148.0,241.5786495863487,-93.57864958634869,93.57864958634869
146,FeCoNi1.5Cr0.5Al,[33],150.0,matminer,LightGBM,150.0,241.76411147588723,-91.76411147588723,91.76411147588723
147,Fe26Co26Ni26Cr22,[33],193.0,matminer,LightGBM,193.0,242.62113990244748,-49.62113990244748,49.62113990244748
148,Fe23.53Co23.53Ni23.53Cr23.53Pd5.88,[33],210.0,matminer,LightGBM,210.0,206.5486595172508,3.4513404827492025,3.4513404827492025
149,Fe25Co25Ni25(Mo0.2P0.4B0.4)25,[33],560.0,matminer,LightGBM,560.0,375.0815449424527,184.9184550575473,184.9184550575473
150,FeCoNi0.5Cr0.5Al1.5,[33],455.0,matminer,LightGBM,455.0,306.32421618489576,148.67578381510424,148.67578381510424
151,FeCoNi0.5Cr0.5Al,[33],685.0,matminer,LightGBM,685.0,298.222740364371,386.777259635629,386.777259635629
152,Fe30.7Ni25.7Ga14.6Mn19Si10,[34],442.0,matminer,LightGBM,442.0,358.3209133321869,83.67908666781312,83.67908666781312
153,Fe30.7Ni25.7Ga14.6Mn19Si10,[34],462.0,matminer,LightGBM,462.0,358.3209133321869,103.67908666781312,103.67908666781312
154,CoFeNi0.5Cr0.5-Alx (x = 0.0),[35],270.0,matminer,LightGBM,270.0,665.9627109366581,-395.96271093665814,395.96271093665814
160,CoFeNi0.5Cr0.5-Alx (x = 1.5),[35],455.0,matminer,LightGBM,455.0,665.9627109366581,-210.96271093665814,210.96271093665814
163,Mn20Al20Co14Fe20Cr26,[36],268.0,matminer,LightGBM,268.0,332.9566250603231,-64.95662506032312,64.95662506032312
164,Mn20Al20Co14Fe20Cr26,[36],268.0,matminer,LightGBM,268.0,331.46970618905283,-63.46970618905283,63.46970618905283
165,Mn20Al20Co14Fe21Cr25,[36],280.0,matminer,LightGBM,280.0,331.46970618905283,-51.46970618905283,51.46970618905283
166,Mn20Al20Co14Fe21Cr25,[36],280.0,matminer,LightGBM,280.0,331.46970618905283,-51.46970618905283,51.46970618905283
167,Mn20Al20Co14Fe22Cr24,[36],300.0,matminer,LightGBM,300.0,332.9566250603231,-32.95662506032312,32.95662506032312
168,Mn20Al20Co14Fe22Cr24,[36],300.0,matminer,LightGBM,300.0,331.46970618905283,-31.46970618905283,31.46970618905283
169,Mn20Al20Co14Fe23Cr23,[36],310.0,matminer,LightGBM,310.0,331.46970618905283,-21.46970618905283,21.46970618905283
170,Mn20Al20Co14Fe23Cr23,[36],310.0,matminer,LightGBM,310.0,331.46970618905283,-21.46970618905283,21.46970618905283
171,Mn20Cr14Ni33Ge25Si8,[37],361.0,matminer,LightGBM,361.0,293.8687531988639,67.13124680113611,67.13124680113611
172,Mn20Cr14Ni33Ge25Si8,[37],361.0,matminer,LightGBM,361.0,288.14078876023717,72.85921123976283,72.85921123976283
175,Mn24Cr10Ni33Ge25Si8,[37],387.0,matminer,LightGBM,387.0,293.8687531988639,93.13124680113611,93.13124680113611
176,Mn24Cr10Ni33Ge25Si8,[37],387.0,matminer,LightGBM,387.0,288.14078876023717,98.85921123976283,98.85921123976283
179,Al20Mn20Fe20Co14.5Cr25.5,[38],282.8,matminer,LightGBM,282.8,289.55668488532496,-6.756684885324944,6.756684885324944
181,Al20Mn20Fe20Co15.5Cr24.5,[38],313.7,matminer,LightGBM,313.7,291.27305847669936,22.426941523300627,22.426941523300627
183,Al20Mn20Fe20Co16.5Cr23.5,[38],345.8,matminer,LightGBM,345.8,298.3806652540138,47.41933474598619,47.41933474598619
185,Dy27Er27Ni26Al20,[39],15.0,matminer,LightGBM,15.0,70.34347455960147,-55.343474559601475,55.343474559601475
186,Dy18Er18Y18Ni26Al20,[39],10.0,matminer,LightGBM,10.0,81.94570324899932,-71.94570324899932,71.94570324899932
187,Dy13.5Er13.5Y13.5Gd13.5Ni26Al20,[39],22.0,matminer,LightGBM,22.0,76.14637214414569,-54.14637214414569,54.14637214414569
188,FeCoNiCr,[40],103.0,matminer,LightGBM,103.0,105.81161548276852,-2.8116154827685165,2.8116154827685165
189,FeCoNiCrPd0.005,[40],102.0,matminer,LightGBM,102.0,217.11428771010006,-115.11428771010006,115.11428771010006
190,FeCoNiCrPd0.03,[40],121.0,matminer,LightGBM,121.0,221.0014622949408,-100.00146229494081,100.00146229494081
191,FeCoNiCrPd0.06,[40],131.0,matminer,LightGBM,131.0,224.96880258874415,-93.96880258874415,93.96880258874415
192,FeCoNiCrPd0.12,[40],160.0,matminer,LightGBM,160.0,217.10321030478994,-57.10321030478994,57.10321030478994
193,FeCoNiCrPd0.25,[40],220.0,matminer,LightGBM,220.0,200.01374036348818,19.986259636511818,19.986259636511818
194,FeCoNiCrPd0.50,[40],292.0,matminer,LightGBM,292.0,243.81817696994014,48.18182303005986,48.18182303005986
195,FeCoNiCrAl,[41],290.0,matminer,LightGBM,290.0,357.46540044616125,-67.46540044616125,67.46540044616125
196,FeCoNi1.5Cr0.5Al,[41],150.0,matminer,LightGBM,150.0,227.3451681370863,-77.34516813708629,77.34516813708629
197,AlxCr0.2MnFe0.5Co0.3Ni0.5(x=0.3),[42],380.0,matminer,LightGBM,380.0,277.70773937197254,102.29226062802746,102.29226062802746
198,AlxCr0.2MnFe0.5Co0.3Ni0.5(x=0.35),[42],378.0,matminer,LightGBM,378.0,277.70773937197254,100.29226062802746,100.29226062802746
199,AlxCr0.2MnFe0.5Co0.3Ni0.5(x=0.6),[42],385.0,matminer,LightGBM,385.0,277.70773937197254,107.29226062802746,107.29226062802746
200,AlxCr0.2MnFe0.5Co0.3Ni0.5(x=0.65),[42],370.0,matminer,LightGBM,370.0,277.70773937197254,92.29226062802746,92.29226062802746
2,GdTbDyHo,[1],198.0,combined,DummyMean,198.0,207.4488188976378,-9.448818897637807,9.448818897637807
3,(GdTbDyHo)99.9Sc0.1,[1],193.0,combined,DummyMean,193.0,207.4488188976378,-14.448818897637807,14.448818897637807
4,(GdTbDyHo)99.9Sc0.2,[1],186.0,combined,DummyMean,186.0,207.4488188976378,-21.448818897637807,21.448818897637807
5,GdTbDyHo)99.9Sc0.3,[1],181.0,combined,DummyMean,181.0,207.4488188976378,-26.448818897637807,26.448818897637807
6,(GdTbDyHo)99.9Sc0.4,[1],181.0,combined,DummyMean,181.0,207.4488188976378,-26.448818897637807,26.448818897637807
7,(GdTbDyHo)99.9Sc0.5,[1],176.0,combined,DummyMean,176.0,207.4488188976378,-31.448818897637807,31.448818897637807
8,Tb25.11Dy25.03Ho24.4Er 25.43,[2],160.0,combined,DummyMean,160.0,212.6755905511811,-52.6755905511811,52.6755905511811
9,Tb23.58Dy25.05Ho25.03Er 26.34,[2],163.9,combined,DummyMean,163.9,212.6755905511811,-48.7755905511811,48.7755905511811
10,Gd20Ho20Er20Al20 Fe 20,[3],55.0,combined,DummyMean,55.0,207.4488188976378,-152.4488188976378,152.4488188976378
11,Gd20Ho20Er20Al20 Co 20,[3],39.0,combined,DummyMean,39.0,207.4488188976378,-168.4488188976378,168.4488188976378
12,Gd20Ho20Er20Al20 Ni 20,[3],25.0,combined,DummyMean,25.0,207.4488188976378,-182.4488188976378,182.4488188976378
13,GdTbHoEr,[4],190.0,combined,DummyMean,190.0,210.1875,-20.1875,20.1875
14,GdTbHoErLa,[4],127.0,combined,DummyMean,127.0,210.1875,-83.1875,83.1875
15,GdTbHoErLaY,[4],120.0,combined,DummyMean,120.0,210.1875,-90.1875,90.1875
16,GdTbHoErPr,[4],135.0,combined,DummyMean,135.0,210.1875,-75.1875,75.1875
17,Gd20Dy20Er20Ho20Tb20,[5],186.0,combined,DummyMean,186.0,208.62834645669292,-22.628346456692924,22.628346456692924
18,Gd25Er25Ho25Tb25,[5],139.0,combined,DummyMean,139.0,208.62834645669292,-69.62834645669292,69.62834645669292
19,Dy25Er25Ho25Tb25,[5],52.0,combined,DummyMean,52.0,208.62834645669292,-156.62834645669292,156.62834645669292
20,Er33.33Ho33.33Tb33.34,[5],88.0,combined,DummyMean,88.0,208.62834645669292,-120.62834645669292,120.62834645669292
21,Gd10Tb10Dy10Ho10Er10Y10Ni10Co10Ag10Al10,[6],29.0,combined,DummyMean,29.0,208.62834645669292,-179.62834645669292,179.62834645669292
26,Ho20Er20Co20Al20Gd20,[7],37.0,combined,DummyMean,37.0,210.1875,-173.1875,173.1875
27,Ho20Er20Co20Al20Dy20,[7],18.0,combined,DummyMean,18.0,210.1875,-192.1875,192.1875
28,Ho20Er20Co20Al20Tm20,[7],9.0,combined,DummyMean,9.0,210.1875,-201.1875,201.1875
29,Gd25Co25Al25Y25,[8],39.0,combined,DummyMean,39.0,204.36220472440945,-165.36220472440945,165.36220472440945
30,Gd25Co25Al25Y15Dy10,[8],44.0,combined,DummyMean,44.0,204.36220472440945,-160.36220472440945,160.36220472440945
31,Gd25Co25Al25Y15Ho10,[8],41.0,combined,DummyMean,41.0,204.36220472440945,-163.36220472440945,163.36220472440945
32,Gd25Co25Al25Y15Er10,[8],43.0,combined,DummyMean,43.0,204.36220472440945,-161.36220472440945,161.36220472440945
33,Gd25Co25Al25Ho24Y1,[9],51.0,combined,DummyMean,51.0,209.38582677165354,-158.38582677165354,158.38582677165354
34,Gd25Co25Al25Ho20Y5,[9],49.0,combined,DummyMean,49.0,209.38582677165354,-160.38582677165354,160.38582677165354
35,Gd25Co25Al25Ho15Y10,[9],47.0,combined,DummyMean,47.0,209.38582677165354,-162.38582677165354,162.38582677165354
37,Gd20Dy20Er20Co20Al20,[10],44.0,combined,DummyMean,44.0,212.6755905511811,-168.6755905511811,168.6755905511811
39,(Gd20Dy20Er20Co20Al20)Si0.5,[10],44.0,combined,DummyMean,44.0,212.6755905511811,-168.6755905511811,168.6755905511811
41,(Gd20Dy20Er20Co20Al20)Si1,[10],44.0,combined,DummyMean,44.0,212.6755905511811,-168.6755905511811,168.6755905511811
43,(Gd20Dy20Er20Co20Al20)Si3,[10],44.0,combined,DummyMean,44.0,212.6755905511811,-168.6755905511811,168.6755905511811
45,(Gd36Tb20Co20Al24)97Fe3(micro_100),[11],98.0,combined,DummyMean,98.0,212.6755905511811,-114.6755905511811,114.6755905511811
46,(Gd36Tb20Co20Al24)97Fe3(micro_70),[11],102.0,combined,DummyMean,102.0,212.6755905511811,-110.6755905511811,110.6755905511811
53,(Gd36Tb20Co20Al24)97Fe3(micro_100),[11],99.0,combined,DummyMean,99.0,212.6755905511811,-113.6755905511811,113.6755905511811
57,V0.85FeCoNiCu1.15,[12],329.0,combined,DummyMean,329.0,205.04761904761904,123.95238095238096,123.95238095238096
60,(MnNiSi)1-x(FeCoGe)x x=0.4,[13],271.0,combined,DummyMean,271.0,208.62834645669292,62.371653543307076,62.371653543307076
61,(MnNiSi)1-x(FeCoGe)x x=0.42,[13],224.0,combined,DummyMean,224.0,208.62834645669292,15.371653543307076,15.371653543307076
62,(MnNiSi)1-x(FeCoGe)x x=0.45,[13],232.0,combined,DummyMean,232.0,208.62834645669292,23.371653543307076,23.371653543307076
63,(MnNiSi)1-x(FeCoGe)x x=0.47,[13],235.0,combined,DummyMean,235.0,208.62834645669292,26.371653543307076,26.371653543307076
64,(MnNi)0.6Si1-y(FeCo)0.4Gey  y=0.36,[13],327.6,combined,DummyMean,327.6,208.62834645669292,118.9716535433071,118.9716535433071
65,(MnNi)0.6Si1-y(FeCo)0.4Gey  y=0.38,[13],308.8,combined,DummyMean,308.8,208.62834645669292,100.17165354330709,100.17165354330709
66,(MnNi)0.6Si1-y(FeCo)0.4Gey  y=0.4,[13],271.3,combined,DummyMean,271.3,208.62834645669292,62.67165354330709,62.67165354330709
67,(MnNi)0.6Si1-y(FeCo)0.4Gey  y=0.42,[13],295.5,combined,DummyMean,295.5,208.62834645669292,86.87165354330708,86.87165354330708
68,Gd 20 Tb 18 Dy 18 Co 20 Al 24,[14],59.0,combined,DummyMean,59.0,205.04761904761904,-146.04761904761904,146.04761904761904
74,(Gd 0.2 Tb 0.18 Dy 0.18 Co 0.2 Al 0.24 ) 43 H 57,[14],8.0,combined,DummyMean,8.0,205.04761904761904,-197.04761904761904,197.04761904761904
80,CoCuFeMnNi,[15],395.0,combined,DummyMean,395.0,209.38582677165354,185.61417322834646,185.61417322834646
81,CoCu0.975FeMn1.025Ni,[15],321.0,combined,DummyMean,321.0,209.38582677165354,111.61417322834646,111.61417322834646
82,CoCu0.95FeMn1.05Ni,[15],297.0,combined,DummyMean,297.0,209.38582677165354,87.61417322834646,87.61417322834646
83,CoCu0.925FeMn1.075Ni,[15],279.0,combined,DummyMean,279.0,209.38582677165354,69.61417322834646,69.61417322834646
84,CoCu0.9FeMn1.1Ni,[15],264.0,combined,DummyMean,264.0,209.38582677165354,54.61417322834646,54.61417322834646
85,CoCuFe0.975Mn1.025Ni,[15],299.0,combined,DummyMean,299.0,209.38582677165354,89.61417322834646,89.61417322834646
86,CoCuFe0.95Mn1.05Ni,[15],292.0,combined,DummyMean,292.0,209.38582677165354,82.61417322834646,82.61417322834646
87,"(Fe,Mn,Ni) 66.7 (Ge 0.5 Si 0.5 ) 33.3",[16],138.0,combined,DummyMean,138.0,205.04761904761904,-67.04761904761904,67.04761904761904
88,"Fe,Mn,Ni) 66.7 (Ge 0.465 Si 0.535 ) 33.3",[16],178.0,combined,DummyMean,178.0,205.04761904761904,-27.047619047619037,27.047619047619037
89,"(Fe,Mn,Ni) 66.7 (Ge 0.45 Si 0.55 ) 33.3",[16],200.0,combined,DummyMean,200.0,205.04761904761904,-5.047619047619037,5.047619047619037
90,Fe30Co30Ni30Cr10,[17],651.0,combined,DummyMean,651.0,204.36220472440945,446.6377952755905,446.6377952755905
91,Fe30Co30Ni30Mn10,[17],736.0,combined,DummyMean,736.0,204.36220472440945,531.6377952755905,531.6377952755905
92,Fe30Co30Ni30Cr5Mn5,[17],651.0,combined,DummyMean,651.0,204.36220472440945,446.6377952755905,446.6377952755905
93,CoFeNiCr1.0Cu0.0,[18],113.0,combined,DummyMean,113.0,204.36220472440945,-91.36220472440945,91.36220472440945
94,CoFeNiCr1.0Cu0.5,[18],120.0,combined,DummyMean,120.0,204.36220472440945,-84.36220472440945,84.36220472440945
95,CoFeNiCr1.0Cu1.0,[18],110.0,combined,DummyMean,110.0,204.36220472440945,-94.36220472440945,94.36220472440945
96,CoFeNiCr0.8Cu1.0,[18],223.0,combined,DummyMean,223.0,204.36220472440945,18.63779527559055,18.63779527559055
97,Mn1.75Fe0.25CoNiGe1.6Si0.4,[19],295.0,combined,DummyMean,295.0,207.4488188976378,87.5511811023622,87.5511811023622
98,AlCrFeCoNiCu,[20],295.0,combined,DummyMean,295.0,211.6672131147541,83.3327868852459,83.3327868852459
100,V0.85FeCoNiCu1.15,[21],297.0,combined,DummyMean,297.0,209.66666666666666,87.33333333333334,87.33333333333334
102,GdTbDyHoErTmCoAl,[22],35.0,combined,DummyMean,35.0,211.4418604651163,-176.4418604651163,176.4418604651163
103,GdTbDyHoErTmCoNi,[22],40.0,combined,DummyMean,40.0,211.4418604651163,-171.4418604651163,171.4418604651163
104,GdTbHoEr,[23],190.0,combined,DummyMean,190.0,209.38582677165354,-19.38582677165354,19.38582677165354
105,GdTbHoErLa,[23],117.0,combined,DummyMean,117.0,209.38582677165354,-92.38582677165354,92.38582677165354
106,GdTbHoErLaY,[23],120.0,combined,DummyMean,120.0,209.38582677165354,-89.38582677165354,89.38582677165354
107,ScGdTbDyHo,[24],144.0,combined,DummyMean,144.0,209.66666666666666,-65.66666666666666,65.66666666666666
108,ScGdTbDyHo,[24],143.0,combined,DummyMean,143.0,209.66666666666666,-66.66666666666666,66.66666666666666
109,ScGdTbDyHo,[24],146.0,combined,DummyMean,146.0,209.66666666666666,-63.66666666666666,63.66666666666666
110,ScGdTbDyHo,[24],139.0,combined,DummyMean,139.0,209.66666666666666,-70.66666666666666,70.66666666666666
111,LaFe10.8Cr0.2Si2,[25],219.0,combined,DummyMean,219.0,204.36220472440945,14.637795275590548,14.637795275590548
112,LaFe10Co0.5Ni0.5Si2,[25],285.0,combined,DummyMean,285.0,204.36220472440945,80.63779527559055,80.63779527559055
113,LaFe10.25Co0.25Ni0.25Cr0.25Si2,[25],247.0,combined,DummyMean,247.0,204.36220472440945,42.63779527559055,42.63779527559055
114,Mn27Cr7Ni33Ge25Si8,[26],412.0,combined,DummyMean,412.0,205.04761904761904,206.95238095238096,206.95238095238096
118,Fe25Co25Ni25Mo5P10B10,[27],560.0,combined,DummyMean,560.0,207.4488188976378,352.5511811023622,352.5511811023622
121,GdTbHoErY,[28],163.0,combined,DummyMean,163.0,209.38582677165354,-46.38582677165354,46.38582677165354
125,Fe26.7Ni26.7Ga15.6Mn20Si11,[29],322.0,combined,DummyMean,322.0,211.4418604651163,110.55813953488371,110.55813953488371
126,Fe26.7Ni26.7Ga15.6Mn20Si11,[29],334.0,combined,DummyMean,334.0,211.4418604651163,122.55813953488371,122.55813953488371
127,Al0.44Cr0.25MnFeCo0.05Ni0.2,[30],340.0,combined,DummyMean,340.0,211.4418604651163,128.5581395348837,128.5581395348837
128,Mn22.3Fe22.2Ni22.2Ge16.65Si16.65,[31],137.0,combined,DummyMean,137.0,207.4488188976378,-70.4488188976378,70.4488188976378
133,Mn0.94Cr0.3Fe0.5Co0.2Ni0.5Al0.3,[32],321.0,combined,DummyMean,321.0,208.62834645669292,112.37165354330708,112.37165354330708
134,(Gd36Tb20Co20Al24)99Fe1,[33],94.0,combined,DummyMean,94.0,211.6672131147541,-117.6672131147541,117.6672131147541
135,Gd18Ho22Tm20Cu22Al18,[33],33.6,combined,DummyMean,33.6,211.6672131147541,-178.0672131147541,178.0672131147541
136,Gd36Tb20Co20Al24,[33],81.0,combined,DummyMean,81.0,211.6672131147541,-130.6672131147541,130.6672131147541
137,Gd19Tb19Er18Fe19Al25,[33],97.0,combined,DummyMean,97.0,211.6672131147541,-114.6672131147541,114.6672131147541
138,(Gd36Tb20Co20Al24)98Fe2,[33],100.0,combined,DummyMean,100.0,211.6672131147541,-111.6672131147541,111.6672131147541
139,Fe24.1Co24.1Ni24.1Cr27.7,[33],36.0,combined,DummyMean,36.0,211.6672131147541,-175.6672131147541,175.6672131147541
140,Fe24.39Co24.39Ni24.39Cr26.83,[33],48.0,combined,DummyMean,48.0,211.6672131147541,-163.6672131147541,163.6672131147541
141,FeCoNiCr,[33],171.0,combined,DummyMean,171.0,211.6672131147541,-40.667213114754105,40.667213114754105
142,Fe24.69Co24.69Ni24.69Cr25.93,[33],65.0,combined,DummyMean,65.0,211.6672131147541,-146.6672131147541,146.6672131147541
143,Fe25.3Co25.3Ni25.3Cr24.1,[33],100.0,combined,DummyMean,100.0,211.6672131147541,-111.6672131147541,111.6672131147541
144,Fe25.64Co25.64Ni25.64Cr23.08,[33],131.0,combined,DummyMean,131.0,211.6672131147541,-80.6672131147541,80.6672131147541
145,Fe25.64Co25.64Ni25.64Cr23.08,[33],148.0,combined,DummyMean,148.0,211.6672131147541,-63.667213114754105,63.667213114754105
146,FeCoNi1.5Cr0.5Al,[33],150.0,combined,DummyMean,150.0,211.6672131147541,-61.667213114754105,61.667213114754105
147,Fe26Co26Ni26Cr22,[33],193.0,combined,DummyMean,193.0,211.6672131147541,-18.667213114754105,18.667213114754105
148,Fe23.53Co23.53Ni23.53Cr23.53Pd5.88,[33],210.0,combined,DummyMean,210.0,211.6672131147541,-1.6672131147541052,1.6672131147541052
149,Fe25Co25Ni25(Mo0.2P0.4B0.4)25,[33],560.0,combined,DummyMean,560.0,211.6672131147541,348.3327868852459,348.3327868852459
150,FeCoNi0.5Cr0.5Al1.5,[33],455.0,combined,DummyMean,455.0,211.6672131147541,243.3327868852459,243.3327868852459
151,FeCoNi0.5Cr0.5Al,[33],685.0,combined,DummyMean,685.0,211.6672131147541,473.3327868852459,473.3327868852459
152,Fe30.7Ni25.7Ga14.6Mn19Si10,[34],442.0,combined,DummyMean,442.0,207.4488188976378,234.5511811023622,234.5511811023622
153,Fe30.7Ni25.7Ga14.6Mn19Si10,[34],462.0,combined,DummyMean,462.0,207.4488188976378,254.5511811023622,254.5511811023622
154,CoFeNi0.5Cr0.5-Alx (x = 0.0),[35],270.0,combined,DummyMean,270.0,212.6755905511811,57.3244094488189,57.3244094488189
160,CoFeNi0.5Cr0.5-Alx (x = 1.5),[35],455.0,combined,DummyMean,455.0,212.6755905511811,242.3244094488189,242.3244094488189
163,Mn20Al20Co14Fe20Cr26,[36],268.0,combined,DummyMean,268.0,205.04761904761904,62.95238095238096,62.95238095238096
164,Mn20Al20Co14Fe20Cr26,[36],268.0,combined,DummyMean,268.0,205.04761904761904,62.95238095238096,62.95238095238096
165,Mn20Al20Co14Fe21Cr25,[36],280.0,combined,DummyMean,280.0,205.04761904761904,74.95238095238096,74.95238095238096
166,Mn20Al20Co14Fe21Cr25,[36],280.0,combined,DummyMean,280.0,205.04761904761904,74.95238095238096,74.95238095238096
167,Mn20Al20Co14Fe22Cr24,[36],300.0,combined,DummyMean,300.0,205.04761904761904,94.95238095238096,94.95238095238096
168,Mn20Al20Co14Fe22Cr24,[36],300.0,combined,DummyMean,300.0,205.04761904761904,94.95238095238096,94.95238095238096
169,Mn20Al20Co14Fe23Cr23,[36],310.0,combined,DummyMean,310.0,205.04761904761904,104.95238095238096,104.95238095238096
170,Mn20Al20Co14Fe23Cr23,[36],310.0,combined,DummyMean,310.0,205.04761904761904,104.95238095238096,104.95238095238096
171,Mn20Cr14Ni33Ge25Si8,[37],361.0,combined,DummyMean,361.0,210.1875,150.8125,150.8125
172,Mn20Cr14Ni33Ge25Si8,[37],361.0,combined,DummyMean,361.0,210.1875,150.8125,150.8125
175,Mn24Cr10Ni33Ge25Si8,[37],387.0,combined,DummyMean,387.0,210.1875,176.8125,176.8125
176,Mn24Cr10Ni33Ge25Si8,[37],387.0,combined,DummyMean,387.0,210.1875,176.8125,176.8125
179,Al20Mn20Fe20Co14.5Cr25.5,[38],282.8,combined,DummyMean,282.8,212.6755905511811,70.12440944881891,70.12440944881891
181,Al20Mn20Fe20Co15.5Cr24.5,[38],313.7,combined,DummyMean,313.7,212.6755905511811,101.02440944881889,101.02440944881889
183,Al20Mn20Fe20Co16.5Cr23.5,[38],345.8,combined,DummyMean,345.8,212.6755905511811,133.1244094488189,133.1244094488189
185,Dy27Er27Ni26Al20,[39],15.0,combined,DummyMean,15.0,209.66666666666666,-194.66666666666666,194.66666666666666
186,Dy18Er18Y18Ni26Al20,[39],10.0,combined,DummyMean,10.0,209.66666666666666,-199.66666666666666,199.66666666666666
187,Dy13.5Er13.5Y13.5Gd13.5Ni26Al20,[39],22.0,combined,DummyMean,22.0,209.66666666666666,-187.66666666666666,187.66666666666666
188,FeCoNiCr,[40],103.0,combined,DummyMean,103.0,211.4418604651163,-108.44186046511629,108.44186046511629
189,FeCoNiCrPd0.005,[40],102.0,combined,DummyMean,102.0,211.4418604651163,-109.44186046511629,109.44186046511629
190,FeCoNiCrPd0.03,[40],121.0,combined,DummyMean,121.0,211.4418604651163,-90.44186046511629,90.44186046511629
191,FeCoNiCrPd0.06,[40],131.0,combined,DummyMean,131.0,211.4418604651163,-80.44186046511629,80.44186046511629
192,FeCoNiCrPd0.12,[40],160.0,combined,DummyMean,160.0,211.4418604651163,-51.44186046511629,51.44186046511629
193,FeCoNiCrPd0.25,[40],220.0,combined,DummyMean,220.0,211.4418604651163,8.558139534883708,8.558139534883708
194,FeCoNiCrPd0.50,[40],292.0,combined,DummyMean,292.0,211.4418604651163,80.55813953488371,80.55813953488371
195,FeCoNiCrAl,[41],290.0,combined,DummyMean,290.0,210.1875,79.8125,79.8125
196,FeCoNi1.5Cr0.5Al,[41],150.0,combined,DummyMean,150.0,210.1875,-60.1875,60.1875
197,AlxCr0.2MnFe0.5Co0.3Ni0.5(x=0.3),[42],380.0,combined,DummyMean,380.0,209.66666666666666,170.33333333333334,170.33333333333334
198,AlxCr0.2MnFe0.5Co0.3Ni0.5(x=0.35),[42],378.0,combined,DummyMean,378.0,209.66666666666666,168.33333333333334,168.33333333333334
199,AlxCr0.2MnFe0.5Co0.3Ni0.5(x=0.6),[42],385.0,combined,DummyMean,385.0,209.66666666666666,175.33333333333334,175.33333333333334
200,AlxCr0.2MnFe0.5Co0.3Ni0.5(x=0.65),[42],370.0,combined,DummyMean,370.0,209.66666666666666,160.33333333333334,160.33333333333334
2,GdTbDyHo,[1],198.0,combined,Ridge,198.0,181.69431433251202,16.305685667487978,16.305685667487978
3,(GdTbDyHo)99.9Sc0.1,[1],193.0,combined,Ridge,193.0,164.63717766245725,28.362822337542752,28.362822337542752
4,(GdTbDyHo)99.9Sc0.2,[1],186.0,combined,Ridge,186.0,177.92656031119276,8.073439688807241,8.073439688807241
5,GdTbDyHo)99.9Sc0.3,[1],181.0,combined,Ridge,181.0,177.8469770416487,3.1530229583513005,3.1530229583513005
6,(GdTbDyHo)99.9Sc0.4,[1],181.0,combined,Ridge,181.0,177.76090648729473,3.239093512705267,3.239093512705267
7,(GdTbDyHo)99.9Sc0.5,[1],176.0,combined,Ridge,176.0,177.66921335870626,-1.6692133587062585,1.6692133587062585
8,Tb25.11Dy25.03Ho24.4Er 25.43,[2],160.0,combined,Ridge,160.0,205.96713272733265,-45.967132727332654,45.967132727332654
9,Tb23.58Dy25.05Ho25.03Er 26.34,[2],163.9,combined,Ridge,163.9,206.30888970423635,-42.408889704236344,42.408889704236344
10,Gd20Ho20Er20Al20 Fe 20,[3],55.0,combined,Ridge,55.0,156.42885043202554,-101.42885043202554,101.42885043202554
11,Gd20Ho20Er20Al20 Co 20,[3],39.0,combined,Ridge,39.0,151.004510700286,-112.004510700286,112.004510700286
12,Gd20Ho20Er20Al20 Ni 20,[3],25.0,combined,Ridge,25.0,147.36732064751578,-122.36732064751578,122.36732064751578
13,GdTbHoEr,[4],190.0,combined,Ridge,190.0,195.17645863689233,-5.176458636892335,5.176458636892335
14,GdTbHoErLa,[4],127.0,combined,Ridge,127.0,186.27187518624226,-59.271875186242255,59.271875186242255
15,GdTbHoErLaY,[4],120.0,combined,Ridge,120.0,184.02323438027597,-64.02323438027597,64.02323438027597
16,GdTbHoErPr,[4],135.0,combined,Ridge,135.0,184.89920880473474,-49.89920880473474,49.89920880473474
17,Gd20Dy20Er20Ho20Tb20,[5],186.0,combined,Ridge,186.0,193.78386020084733,-7.783860200847329,7.783860200847329
18,Gd25Er25Ho25Tb25,[5],139.0,combined,Ridge,139.0,196.24233107921305,-57.242331079213045,57.242331079213045
19,Dy25Er25Ho25Tb25,[5],52.0,combined,Ridge,52.0,212.54498399119123,-160.54498399119123,160.54498399119123
20,Er33.33Ho33.33Tb33.34,[5],88.0,combined,Ridge,88.0,219.95663437554953,-131.95663437554953,131.95663437554953
21,Gd10Tb10Dy10Ho10Er10Y10Ni10Co10Ag10Al10,[6],29.0,combined,Ridge,29.0,138.4942885342447,-109.4942885342447,109.4942885342447
26,Ho20Er20Co20Al20Gd20,[7],37.0,combined,Ridge,37.0,161.4027570187467,-124.40275701874671,124.40275701874671
27,Ho20Er20Co20Al20Dy20,[7],18.0,combined,Ridge,18.0,166.54822551119733,-148.54822551119733,148.54822551119733
28,Ho20Er20Co20Al20Tm20,[7],9.0,combined,Ridge,9.0,168.7650198471162,-159.7650198471162,159.7650198471162
29,Gd25Co25Al25Y25,[8],39.0,combined,Ridge,39.0,159.8853470377753,-120.88534703777529,120.88534703777529
30,Gd25Co25Al25Y15Dy10,[8],44.0,combined,Ridge,44.0,159.76464444035986,-115.76464444035986,115.76464444035986
31,Gd25Co25Al25Y15Ho10,[8],41.0,combined,Ridge,41.0,160.00941466420468,-119.00941466420468,119.00941466420468
32,Gd25Co25Al25Y15Er10,[8],43.0,combined,Ridge,43.0,160.18761148124725,-117.18761148124725,117.18761148124725
33,Gd25Co25Al25Ho24Y1,[9],51.0,combined,Ridge,51.0,143.50102141532318,-92.50102141532318,92.50102141532318
34,Gd25Co25Al25Ho20Y5,[9],49.0,combined,Ridge,49.0,140.7236787094052,-91.72367870940519,91.72367870940519
35,Gd25Co25Al25Ho15Y10,[9],47.0,combined,Ridge,47.0,138.7190093086806,-91.7190093086806,91.7190093086806
37,Gd20Dy20Er20Co20Al20,[10],44.0,combined,Ridge,44.0,155.80858313947587,-111.80858313947587,111.80858313947587
39,(Gd20Dy20Er20Co20Al20)Si0.5,[10],44.0,combined,Ridge,44.0,154.52922207209787,-110.52922207209787,110.52922207209787
41,(Gd20Dy20Er20Co20Al20)Si1,[10],44.0,combined,Ridge,44.0,153.80037605486302,-109.80037605486302,109.80037605486302
43,(Gd20Dy20Er20Co20Al20)Si3,[10],44.0,combined,Ridge,44.0,149.4018730994045,-105.4018730994045,105.4018730994045
45,(Gd36Tb20Co20Al24)97Fe3(micro_100),[11],98.0,combined,Ridge,98.0,151.3147904257545,-53.314790425754495,53.314790425754495
46,(Gd36Tb20Co20Al24)97Fe3(micro_70),[11],102.0,combined,Ridge,102.0,151.3147904257545,-49.314790425754495,49.314790425754495
53,(Gd36Tb20Co20Al24)97Fe3(micro_100),[11],99.0,combined,Ridge,99.0,151.3147904257545,-52.314790425754495,52.314790425754495
57,V0.85FeCoNiCu1.15,[12],329.0,combined,Ridge,329.0,304.1017212241574,24.898278775842584,24.898278775842584
60,(MnNiSi)1-x(FeCoGe)x x=0.4,[13],271.0,combined,Ridge,271.0,220.01827825677066,50.98172174322934,50.98172174322934
61,(MnNiSi)1-x(FeCoGe)x x=0.42,[13],224.0,combined,Ridge,224.0,220.16135683082783,3.8386431691721725,3.8386431691721725
62,(MnNiSi)1-x(FeCoGe)x x=0.45,[13],232.0,combined,Ridge,232.0,220.470251982639,11.529748017360987,11.529748017360987
63,(MnNiSi)1-x(FeCoGe)x x=0.47,[13],235.0,combined,Ridge,235.0,220.63251180857017,14.367488191429828,14.367488191429828
64,(MnNi)0.6Si1-y(FeCo)0.4Gey  y=0.36,[13],327.6,combined,Ridge,327.6,214.01265466504032,113.5873453349597,113.5873453349597
65,(MnNi)0.6Si1-y(FeCo)0.4Gey  y=0.38,[13],308.8,combined,Ridge,308.8,213.9664122529211,94.83358774707892,94.83358774707892
66,(MnNi)0.6Si1-y(FeCo)0.4Gey  y=0.4,[13],271.3,combined,Ridge,271.3,213.93596935019926,57.36403064980075,57.36403064980075
67,(MnNi)0.6Si1-y(FeCo)0.4Gey  y=0.42,[13],295.5,combined,Ridge,295.5,213.9260767958905,81.57392320410949,81.57392320410949
68,Gd 20 Tb 18 Dy 18 Co 20 Al 24,[14],59.0,combined,Ridge,59.0,81.26713689840113,-22.267136898401134,22.267136898401134
74,(Gd 0.2 Tb 0.18 Dy 0.18 Co 0.2 Al 0.24 ) 43 H 57,[14],8.0,combined,Ridge,8.0,4194.772117338087,-4186.772117338087,4186.772117338087
80,CoCuFeMnNi,[15],395.0,combined,Ridge,395.0,272.51282313416885,122.48717686583115,122.48717686583115
81,CoCu0.975FeMn1.025Ni,[15],321.0,combined,Ridge,321.0,271.9218553511067,49.07814464889333,49.07814464889333
82,CoCu0.95FeMn1.05Ni,[15],297.0,combined,Ridge,297.0,271.3452338092311,25.654766190768896,25.654766190768896
83,CoCu0.925FeMn1.075Ni,[15],279.0,combined,Ridge,279.0,270.7746267857994,8.225373214200602,8.225373214200602
84,CoCu0.9FeMn1.1Ni,[15],264.0,combined,Ridge,264.0,270.2138522949284,-6.213852294928415,6.213852294928415
85,CoCuFe0.975Mn1.025Ni,[15],299.0,combined,Ridge,299.0,272.01539219932897,26.98460780067103,26.98460780067103
86,CoCuFe0.95Mn1.05Ni,[15],292.0,combined,Ridge,292.0,271.5217443541851,20.478255645814897,20.478255645814897
87,"(Fe,Mn,Ni) 66.7 (Ge 0.5 Si 0.5 ) 33.3",[16],138.0,combined,Ridge,138.0,512.6983788254677,-374.69837882546767,374.69837882546767
88,"Fe,Mn,Ni) 66.7 (Ge 0.465 Si 0.535 ) 33.3",[16],178.0,combined,Ridge,178.0,510.28032109600815,-332.28032109600815,332.28032109600815
89,"(Fe,Mn,Ni) 66.7 (Ge 0.45 Si 0.55 ) 33.3",[16],200.0,combined,Ridge,200.0,509.2800743044377,-309.2800743044377,309.2800743044377
90,Fe30Co30Ni30Cr10,[17],651.0,combined,Ridge,651.0,256.17926016656475,394.82073983343525,394.82073983343525
91,Fe30Co30Ni30Mn10,[17],736.0,combined,Ridge,736.0,250.25830903268474,485.74169096731526,485.74169096731526
92,Fe30Co30Ni30Cr5Mn5,[17],651.0,combined,Ridge,651.0,251.2330204992142,399.7669795007858,399.7669795007858
93,CoFeNiCr1.0Cu0.0,[18],113.0,combined,Ridge,113.0,248.64942049634578,-135.64942049634578,135.64942049634578
94,CoFeNiCr1.0Cu0.5,[18],120.0,combined,Ridge,120.0,249.68777932020708,-129.68777932020708,129.68777932020708
95,CoFeNiCr1.0Cu1.0,[18],110.0,combined,Ridge,110.0,251.34312512361566,-141.34312512361566,141.34312512361566
96,CoFeNiCr0.8Cu1.0,[18],223.0,combined,Ridge,223.0,253.1066660640077,-30.106666064007698,30.106666064007698
97,Mn1.75Fe0.25CoNiGe1.6Si0.4,[19],295.0,combined,Ridge,295.0,217.32461539603236,77.67538460396764,77.67538460396764
98,AlCrFeCoNiCu,[20],295.0,combined,Ridge,295.0,266.01960742927713,28.98039257072287,28.98039257072287
100,V0.85FeCoNiCu1.15,[21],297.0,combined,Ridge,297.0,275.7662409339506,21.2337590660494,21.2337590660494
102,GdTbDyHoErTmCoAl,[22],35.0,combined,Ridge,35.0,166.0082987353658,-131.0082987353658,131.0082987353658
103,GdTbDyHoErTmCoNi,[22],40.0,combined,Ridge,40.0,170.2848724062956,-130.2848724062956,130.2848724062956
104,GdTbHoEr,[23],190.0,combined,Ridge,190.0,186.78678582639492,3.213214173605081,3.213214173605081
105,GdTbHoErLa,[23],117.0,combined,Ridge,117.0,172.78741623680077,-55.787416236800766,55.787416236800766
106,GdTbHoErLaY,[23],120.0,combined,Ridge,120.0,168.28621571977044,-48.28621571977044,48.28621571977044
107,ScGdTbDyHo,[24],144.0,combined,Ridge,144.0,169.16302306131172,-25.16302306131172,25.16302306131172
108,ScGdTbDyHo,[24],143.0,combined,Ridge,143.0,169.16302306131172,-26.16302306131172,26.16302306131172
109,ScGdTbDyHo,[24],146.0,combined,Ridge,146.0,169.16302306131172,-23.16302306131172,23.16302306131172
110,ScGdTbDyHo,[24],139.0,combined,Ridge,139.0,169.16302306131172,-30.16302306131172,30.16302306131172
111,LaFe10.8Cr0.2Si2,[25],219.0,combined,Ridge,219.0,206.68517935340134,12.314820646598662,12.314820646598662
112,LaFe10Co0.5Ni0.5Si2,[25],285.0,combined,Ridge,285.0,205.5816234557233,79.4183765442767,79.4183765442767
113,LaFe10.25Co0.25Ni0.25Cr0.25Si2,[25],247.0,combined,Ridge,247.0,205.24333293914626,41.756667060853744,41.756667060853744
114,Mn27Cr7Ni33Ge25Si8,[26],412.0,combined,Ridge,412.0,237.23360209556006,174.76639790443994,174.76639790443994
118,Fe25Co25Ni25Mo5P10B10,[27],560.0,combined,Ridge,560.0,225.09515540673883,334.90484459326115,334.90484459326115
121,GdTbHoErY,[28],163.0,combined,Ridge,163.0,180.60267561098277,-17.60267561098277,17.60267561098277
125,Fe26.7Ni26.7Ga15.6Mn20Si11,[29],322.0,combined,Ridge,322.0,234.13650547953995,87.86349452046005,87.86349452046005
126,Fe26.7Ni26.7Ga15.6Mn20Si11,[29],334.0,combined,Ridge,334.0,234.13650547953995,99.86349452046005,99.86349452046005
127,Al0.44Cr0.25MnFeCo0.05Ni0.2,[30],340.0,combined,Ridge,340.0,238.77971358479164,101.22028641520836,101.22028641520836
128,Mn22.3Fe22.2Ni22.2Ge16.65Si16.65,[31],137.0,combined,Ridge,137.0,212.7025972489377,-75.7025972489377,75.7025972489377
133,Mn0.94Cr0.3Fe0.5Co0.2Ni0.5Al0.3,[32],321.0,combined,Ridge,321.0,228.90553202062011,92.09446797937989,92.09446797937989
134,(Gd36Tb20Co20Al24)99Fe1,[33],94.0,combined,Ridge,94.0,130.07428098971826,-36.07428098971826,36.07428098971826
135,Gd18Ho22Tm20Cu22Al18,[33],33.6,combined,Ridge,33.6,138.17019298540606,-104.57019298540607,104.57019298540607
136,Gd36Tb20Co20Al24,[33],81.0,combined,Ridge,81.0,130.40779428995896,-49.40779428995896,49.40779428995896
137,Gd19Tb19Er18Fe19Al25,[33],97.0,combined,Ridge,97.0,133.20346303273215,-36.203463032732145,36.203463032732145
138,(Gd36Tb20Co20Al24)98Fe2,[33],100.0,combined,Ridge,100.0,130.2611368354477,-30.2611368354477,30.2611368354477
139,Fe24.1Co24.1Ni24.1Cr27.7,[33],36.0,combined,Ridge,36.0,297.8938214151748,-261.8938214151748,261.8938214151748
140,Fe24.39Co24.39Ni24.39Cr26.83,[33],48.0,combined,Ridge,48.0,298.66408615674584,-250.66408615674584,250.66408615674584
141,FeCoNiCr,[33],171.0,combined,Ridge,171.0,300.59840833131676,-129.59840833131676,129.59840833131676
142,Fe24.69Co24.69Ni24.69Cr25.93,[33],65.0,combined,Ridge,65.0,301.0472135618868,-236.0472135618868,236.0472135618868
143,Fe25.3Co25.3Ni25.3Cr24.1,[33],100.0,combined,Ridge,100.0,301.7246972601117,-201.72469726011172,201.72469726011172
144,Fe25.64Co25.64Ni25.64Cr23.08,[33],131.0,combined,Ridge,131.0,301.8047977604765,-170.8047977604765,170.8047977604765
145,Fe25.64Co25.64Ni25.64Cr23.08,[33],148.0,combined,Ridge,148.0,285.71702797271337,-137.71702797271337,137.71702797271337
146,FeCoNi1.5Cr0.5Al,[33],150.0,combined,Ridge,150.0,289.4091973242259,-139.4091973242259,139.4091973242259
147,Fe26Co26Ni26Cr22,[33],193.0,combined,Ridge,193.0,303.335566468241,-110.33556646824098,110.33556646824098
148,Fe23.53Co23.53Ni23.53Cr23.53Pd5.88,[33],210.0,combined,Ridge,210.0,279.25967307193787,-69.25967307193787,69.25967307193787
149,Fe25Co25Ni25(Mo0.2P0.4B0.4)25,[33],560.0,combined,Ridge,560.0,237.66440070287015,322.3355992971299,322.3355992971299
150,FeCoNi0.5Cr0.5Al1.5,[33],455.0,combined,Ridge,455.0,248.17098570598282,206.82901429401718,206.82901429401718
151,FeCoNi0.5Cr0.5Al,[33],685.0,combined,Ridge,685.0,261.72587038910575,423.27412961089425,423.27412961089425
152,Fe30.7Ni25.7Ga14.6Mn19Si10,[34],442.0,combined,Ridge,442.0,228.12349201542332,213.87650798457668,213.87650798457668
153,Fe30.7Ni25.7Ga14.6Mn19Si10,[34],462.0,combined,Ridge,462.0,228.12349201542332,233.87650798457668,233.87650798457668
154,CoFeNi0.5Cr0.5-Alx (x = 0.0),[35],270.0,combined,Ridge,270.0,255.45236545466375,14.547634545336251,14.547634545336251
160,CoFeNi0.5Cr0.5-Alx (x = 1.5),[35],455.0,combined,Ridge,455.0,237.8151568550111,217.1848431449889,217.1848431449889
163,Mn20Al20Co14Fe20Cr26,[36],268.0,combined,Ridge,268.0,240.06407601502846,27.935923984971538,27.935923984971538
164,Mn20Al20Co14Fe20Cr26,[36],268.0,combined,Ridge,268.0,242.14403028267515,25.855969717324854,25.855969717324854
165,Mn20Al20Co14Fe21Cr25,[36],280.0,combined,Ridge,280.0,244.14041055283198,35.85958944716802,35.85958944716802
166,Mn20Al20Co14Fe21Cr25,[36],280.0,combined,Ridge,280.0,246.22550713154104,33.774492868458964,33.774492868458964
167,Mn20Al20Co14Fe22Cr24,[36],300.0,combined,Ridge,300.0,239.940913807975,60.059086192025006,60.059086192025006
168,Mn20Al20Co14Fe22Cr24,[36],300.0,combined,Ridge,300.0,242.0208680756217,57.979131924378294,57.979131924378294
169,Mn20Al20Co14Fe23Cr23,[36],310.0,combined,Ridge,310.0,244.11527681694258,65.88472318305742,65.88472318305742
170,Mn20Al20Co14Fe23Cr23,[36],310.0,combined,Ridge,310.0,246.20037339565164,63.79962660434836,63.79962660434836
171,Mn20Cr14Ni33Ge25Si8,[37],361.0,combined,Ridge,361.0,211.29435675965058,149.70564324034942,149.70564324034942
172,Mn20Cr14Ni33Ge25Si8,[37],361.0,combined,Ridge,361.0,211.1367711479805,149.8632288520195,149.8632288520195
175,Mn24Cr10Ni33Ge25Si8,[37],387.0,combined,Ridge,387.0,210.96398289411346,176.03601710588654,176.03601710588654
176,Mn24Cr10Ni33Ge25Si8,[37],387.0,combined,Ridge,387.0,210.80639728244338,176.19360271755662,176.19360271755662
179,Al20Mn20Fe20Co14.5Cr25.5,[38],282.8,combined,Ridge,282.8,214.53127633419948,68.26872366580054,68.26872366580054
181,Al20Mn20Fe20Co15.5Cr24.5,[38],313.7,combined,Ridge,313.7,214.74982271671925,98.95017728328074,98.95017728328074
183,Al20Mn20Fe20Co16.5Cr23.5,[38],345.8,combined,Ridge,345.8,214.99228765231476,130.80771234768525,130.80771234768525
185,Dy27Er27Ni26Al20,[39],15.0,combined,Ridge,15.0,154.17464316714802,-139.17464316714802,139.17464316714802
186,Dy18Er18Y18Ni26Al20,[39],10.0,combined,Ridge,10.0,143.43133508868573,-133.43133508868573,133.43133508868573
187,Dy13.5Er13.5Y13.5Gd13.5Ni26Al20,[39],22.0,combined,Ridge,22.0,134.8049857679457,-112.80498576794571,112.80498576794571
188,FeCoNiCr,[40],103.0,combined,Ridge,103.0,279.34933399732967,-176.34933399732967,176.34933399732967
189,FeCoNiCrPd0.005,[40],102.0,combined,Ridge,102.0,272.5983294985258,-170.5983294985258,170.5983294985258
190,FeCoNiCrPd0.03,[40],121.0,combined,Ridge,121.0,270.90974075202485,-149.90974075202485,149.90974075202485
191,FeCoNiCrPd0.06,[40],131.0,combined,Ridge,131.0,269.44724541953167,-138.44724541953167,138.44724541953167
192,FeCoNiCrPd0.12,[40],160.0,combined,Ridge,160.0,267.38484397286487,-107.38484397286487,107.38484397286487
193,FeCoNiCrPd0.25,[40],220.0,combined,Ridge,220.0,264.657162690508,-44.65716269050802,44.65716269050802
194,FeCoNiCrPd0.50,[40],292.0,combined,Ridge,292.0,262.50012474111304,29.49987525888696,29.49987525888696
195,FeCoNiCrAl,[41],290.0,combined,Ridge,290.0,237.073120443226,52.926879556774,52.926879556774
196,FeCoNi1.5Cr0.5Al,[41],150.0,combined,Ridge,150.0,243.235568915165,-93.235568915165,93.235568915165
197,AlxCr0.2MnFe0.5Co0.3Ni0.5(x=0.3),[42],380.0,combined,Ridge,380.0,222.90366143443117,157.09633856556883,157.09633856556883
198,AlxCr0.2MnFe0.5Co0.3Ni0.5(x=0.35),[42],378.0,combined,Ridge,378.0,222.27165464227218,155.72834535772782,155.72834535772782
199,AlxCr0.2MnFe0.5Co0.3Ni0.5(x=0.6),[42],385.0,combined,Ridge,385.0,219.55876730530264,165.44123269469736,165.44123269469736
200,AlxCr0.2MnFe0.5Co0.3Ni0.5(x=0.65),[42],370.0,combined,Ridge,370.0,219.1209691860531,150.8790308139469,150.8790308139469
2,GdTbDyHo,[1],198.0,combined,RandomForest,198.0,153.70139531024543,44.29860468975457,44.29860468975457
3,(GdTbDyHo)99.9Sc0.1,[1],193.0,combined,RandomForest,193.0,138.29975901875903,54.70024098124097,54.70024098124097
4,(GdTbDyHo)99.9Sc0.2,[1],186.0,combined,RandomForest,186.0,150.50943300865814,35.490566991341865,35.490566991341865
5,GdTbDyHo)99.9Sc0.3,[1],181.0,combined,RandomForest,181.0,150.50943300865814,30.490566991341865,30.490566991341865
6,(GdTbDyHo)99.9Sc0.4,[1],181.0,combined,RandomForest,181.0,150.717575865801,30.282424134199005,30.282424134199005
7,(GdTbDyHo)99.9Sc0.5,[1],176.0,combined,RandomForest,176.0,150.2151711038962,25.78482889610379,25.78482889610379
8,Tb25.11Dy25.03Ho24.4Er 25.43,[2],160.0,combined,RandomForest,160.0,118.08441780441784,41.91558219558216,41.91558219558216
9,Tb23.58Dy25.05Ho25.03Er 26.34,[2],163.9,combined,RandomForest,163.9,122.36388966588972,41.53611033411029,41.53611033411029
10,Gd20Ho20Er20Al20 Fe 20,[3],55.0,combined,RandomForest,55.0,85.13038979076478,-30.13038979076478,30.13038979076478
11,Gd20Ho20Er20Al20 Co 20,[3],39.0,combined,RandomForest,39.0,38.49340281385283,0.5065971861471681,0.5065971861471681
12,Gd20Ho20Er20Al20 Ni 20,[3],25.0,combined,RandomForest,25.0,33.89524501054501,-8.895245010545011,8.895245010545011
13,GdTbHoEr,[4],190.0,combined,RandomForest,190.0,171.91787518523154,18.082124814768463,18.082124814768463
14,GdTbHoErLa,[4],127.0,combined,RandomForest,127.0,145.1076986827988,-18.107698682798798,18.107698682798798
15,GdTbHoErLaY,[4],120.0,combined,RandomForest,120.0,141.02678346190862,-21.02678346190862,21.02678346190862
16,GdTbHoErPr,[4],135.0,combined,RandomForest,135.0,160.43630653050667,-25.43630653050667,25.43630653050667
17,Gd20Dy20Er20Ho20Tb20,[5],186.0,combined,RandomForest,186.0,167.82396422360395,18.17603577639605,18.17603577639605
18,Gd25Er25Ho25Tb25,[5],139.0,combined,RandomForest,139.0,175.91751603755299,-36.917516037552986,36.917516037552986
19,Dy25Er25Ho25Tb25,[5],52.0,combined,RandomForest,52.0,166.1740454683675,-114.1740454683675,114.1740454683675
20,Er33.33Ho33.33Tb33.34,[5],88.0,combined,RandomForest,88.0,219.04773458227132,-131.04773458227132,131.04773458227132
21,Gd10Tb10Dy10Ho10Er10Y10Ni10Co10Ag10Al10,[6],29.0,combined,RandomForest,29.0,64.84023838716432,-35.84023838716432,35.84023838716432
26,Ho20Er20Co20Al20Gd20,[7],37.0,combined,RandomForest,37.0,46.91516400386108,-9.91516400386108,9.91516400386108
27,Ho20Er20Co20Al20Dy20,[7],18.0,combined,RandomForest,18.0,46.49603497964455,-28.49603497964455,28.49603497964455
28,Ho20Er20Co20Al20Tm20,[7],9.0,combined,RandomForest,9.0,52.16165690077896,-43.16165690077896,43.16165690077896
29,Gd25Co25Al25Y25,[8],39.0,combined,RandomForest,39.0,70.41883333333334,-31.41883333333334,31.41883333333334
30,Gd25Co25Al25Y15Dy10,[8],44.0,combined,RandomForest,44.0,52.2875,-8.287500000000001,8.287500000000001
31,Gd25Co25Al25Y15Ho10,[8],41.0,combined,RandomForest,41.0,52.2875,-11.287500000000001,11.287500000000001
32,Gd25Co25Al25Y15Er10,[8],43.0,combined,RandomForest,43.0,49.365,-6.365000000000002,6.365000000000002
33,Gd25Co25Al25Ho24Y1,[9],51.0,combined,RandomForest,51.0,65.99371666666667,-14.993716666666671,14.993716666666671
34,Gd25Co25Al25Ho20Y5,[9],49.0,combined,RandomForest,49.0,58.87655000000001,-9.876550000000009,9.876550000000009
35,Gd25Co25Al25Ho15Y10,[9],47.0,combined,RandomForest,47.0,44.024416666666674,2.9755833333333257,2.9755833333333257
37,Gd20Dy20Er20Co20Al20,[10],44.0,combined,RandomForest,44.0,38.34699447774448,5.653005522255519,5.653005522255519
39,(Gd20Dy20Er20Co20Al20)Si0.5,[10],44.0,combined,RandomForest,44.0,38.9919132006882,5.008086799311798,5.008086799311798
41,(Gd20Dy20Er20Co20Al20)Si1,[10],44.0,combined,RandomForest,44.0,41.683710070485084,2.316289929514916,2.316289929514916
43,(Gd20Dy20Er20Co20Al20)Si3,[10],44.0,combined,RandomForest,44.0,71.01151338383838,-27.011513383838377,27.011513383838377
45,(Gd36Tb20Co20Al24)97Fe3(micro_100),[11],98.0,combined,RandomForest,98.0,69.3339405844156,28.6660594155844,28.6660594155844
46,(Gd36Tb20Co20Al24)97Fe3(micro_70),[11],102.0,combined,RandomForest,102.0,69.3339405844156,32.6660594155844,32.6660594155844
53,(Gd36Tb20Co20Al24)97Fe3(micro_100),[11],99.0,combined,RandomForest,99.0,69.3339405844156,29.6660594155844,29.6660594155844
57,V0.85FeCoNiCu1.15,[12],329.0,combined,RandomForest,329.0,262.2456773809524,66.75432261904763,66.75432261904763
60,(MnNiSi)1-x(FeCoGe)x x=0.4,[13],271.0,combined,RandomForest,271.0,339.1971313745941,-68.19713137459411,68.19713137459411
61,(MnNiSi)1-x(FeCoGe)x x=0.42,[13],224.0,combined,RandomForest,224.0,340.09361285607565,-116.09361285607565,116.09361285607565
62,(MnNiSi)1-x(FeCoGe)x x=0.45,[13],232.0,combined,RandomForest,232.0,339.9273659424954,-107.92736594249538,107.92736594249538
63,(MnNiSi)1-x(FeCoGe)x x=0.47,[13],235.0,combined,RandomForest,235.0,339.9273659424954,-104.92736594249538,104.92736594249538
64,(MnNi)0.6Si1-y(FeCo)0.4Gey  y=0.36,[13],327.6,combined,RandomForest,327.6,329.45752531909005,-1.8575253190900298,1.8575253190900298
65,(MnNi)0.6Si1-y(FeCo)0.4Gey  y=0.38,[13],308.8,combined,RandomForest,308.8,329.45752531909005,-20.65752531909004,20.65752531909004
66,(MnNi)0.6Si1-y(FeCo)0.4Gey  y=0.4,[13],271.3,combined,RandomForest,271.3,328.8035438376086,-57.50354383760856,57.50354383760856
67,(MnNi)0.6Si1-y(FeCo)0.4Gey  y=0.42,[13],295.5,combined,RandomForest,295.5,328.21077859901584,-32.71077859901584,32.71077859901584
68,Gd 20 Tb 18 Dy 18 Co 20 Al 24,[14],59.0,combined,RandomForest,59.0,64.63351190476193,-5.6335119047619315,5.6335119047619315
74,(Gd 0.2 Tb 0.18 Dy 0.18 Co 0.2 Al 0.24 ) 43 H 57,[14],8.0,combined,RandomForest,8.0,98.32718333333332,-90.32718333333332,90.32718333333332
80,CoCuFeMnNi,[15],395.0,combined,RandomForest,395.0,327.2467035714286,67.75329642857139,67.75329642857139
81,CoCu0.975FeMn1.025Ni,[15],321.0,combined,RandomForest,321.0,328.4433702380952,-7.443370238095213,7.443370238095213
82,CoCu0.95FeMn1.05Ni,[15],297.0,combined,RandomForest,297.0,331.277036904762,-34.277036904761985,34.277036904761985
83,CoCu0.925FeMn1.075Ni,[15],279.0,combined,RandomForest,279.0,331.59370357142865,-52.59370357142865,52.59370357142865
84,CoCu0.9FeMn1.1Ni,[15],264.0,combined,RandomForest,264.0,334.46370357142854,-70.46370357142854,70.46370357142854
85,CoCuFe0.975Mn1.025Ni,[15],299.0,combined,RandomForest,299.0,327.1783702380952,-28.178370238095226,28.178370238095226
86,CoCuFe0.95Mn1.05Ni,[15],292.0,combined,RandomForest,292.0,328.90691190476196,-36.906911904761955,36.906911904761955
87,"(Fe,Mn,Ni) 66.7 (Ge 0.5 Si 0.5 ) 33.3",[16],138.0,combined,RandomForest,138.0,271.99774999999994,-133.99774999999994,133.99774999999994
88,"Fe,Mn,Ni) 66.7 (Ge 0.465 Si 0.535 ) 33.3",[16],178.0,combined,RandomForest,178.0,291.624375,-113.62437499999999,113.62437499999999
89,"(Fe,Mn,Ni) 66.7 (Ge 0.45 Si 0.55 ) 33.3",[16],200.0,combined,RandomForest,200.0,322.84337500000004,-122.84337500000004,122.84337500000004
90,Fe30Co30Ni30Cr10,[17],651.0,combined,RandomForest,651.0,215.74,435.26,435.26
91,Fe30Co30Ni30Mn10,[17],736.0,combined,RandomForest,736.0,236.5391,499.46090000000004,499.46090000000004
92,Fe30Co30Ni30Cr5Mn5,[17],651.0,combined,RandomForest,651.0,236.6291,414.3709,414.3709
93,CoFeNiCr1.0Cu0.0,[18],113.0,combined,RandomForest,113.0,104.56,8.439999999999998,8.439999999999998
94,CoFeNiCr1.0Cu0.5,[18],120.0,combined,RandomForest,120.0,242.53578,-122.53577999999999,122.53577999999999
95,CoFeNiCr1.0Cu1.0,[18],110.0,combined,RandomForest,110.0,283.10518456709957,-173.10518456709957,173.10518456709957
96,CoFeNiCr0.8Cu1.0,[18],223.0,combined,RandomForest,223.0,271.8456068398268,-48.845606839826814,48.845606839826814
97,Mn1.75Fe0.25CoNiGe1.6Si0.4,[19],295.0,combined,RandomForest,295.0,334.6906074397825,-39.690607439782525,39.690607439782525
98,AlCrFeCoNiCu,[20],295.0,combined,RandomForest,295.0,269.2524130952381,25.747586904761874,25.747586904761874
100,V0.85FeCoNiCu1.15,[21],297.0,combined,RandomForest,297.0,290.83083333333326,6.16916666666674,6.16916666666674
102,GdTbDyHoErTmCoAl,[22],35.0,combined,RandomForest,35.0,154.55440000000002,-119.55440000000002,119.55440000000002
103,GdTbDyHoErTmCoNi,[22],40.0,combined,RandomForest,40.0,136.6751833333333,-96.67518333333331,96.67518333333331
104,GdTbHoEr,[23],190.0,combined,RandomForest,190.0,167.8991384920635,22.100861507936486,22.100861507936486
105,GdTbHoErLa,[23],117.0,combined,RandomForest,117.0,135.91311904761906,-18.913119047619062,18.913119047619062
106,GdTbHoErLaY,[23],120.0,combined,RandomForest,120.0,130.1125,-10.112500000000011,10.112500000000011
107,ScGdTbDyHo,[24],144.0,combined,RandomForest,144.0,142.5417595238095,1.4582404761904968,1.4582404761904968
108,ScGdTbDyHo,[24],143.0,combined,RandomForest,143.0,142.5417595238095,0.4582404761904968,0.4582404761904968
109,ScGdTbDyHo,[24],146.0,combined,RandomForest,146.0,142.5417595238095,3.458240476190497,3.458240476190497
110,ScGdTbDyHo,[24],139.0,combined,RandomForest,139.0,142.5417595238095,-3.541759523809503,3.541759523809503
111,LaFe10.8Cr0.2Si2,[25],219.0,combined,RandomForest,219.0,280.56374999999997,-61.56374999999997,61.56374999999997
112,LaFe10Co0.5Ni0.5Si2,[25],285.0,combined,RandomForest,285.0,275.19374999999997,9.806250000000034,9.806250000000034
113,LaFe10.25Co0.25Ni0.25Cr0.25Si2,[25],247.0,combined,RandomForest,247.0,281.78374999999994,-34.78374999999994,34.78374999999994
114,Mn27Cr7Ni33Ge25Si8,[26],412.0,combined,RandomForest,412.0,341.91242261904756,70.08757738095244,70.08757738095244
118,Fe25Co25Ni25Mo5P10B10,[27],560.0,combined,RandomForest,560.0,399.45584666305894,160.54415333694106,160.54415333694106
121,GdTbHoErY,[28],163.0,combined,RandomForest,163.0,160.937125,2.062874999999991,2.062874999999991
125,Fe26.7Ni26.7Ga15.6Mn20Si11,[29],322.0,combined,RandomForest,322.0,395.96132023809537,-73.96132023809537,73.96132023809537
126,Fe26.7Ni26.7Ga15.6Mn20Si11,[29],334.0,combined,RandomForest,334.0,395.96132023809537,-61.96132023809537,61.96132023809537
127,Al0.44Cr0.25MnFeCo0.05Ni0.2,[30],340.0,combined,RandomForest,340.0,390.8610624999999,-50.86106249999989,50.86106249999989
128,Mn22.3Fe22.2Ni22.2Ge16.65Si16.65,[31],137.0,combined,RandomForest,137.0,309.0013223221224,-172.0013223221224,172.0013223221224
133,Mn0.94Cr0.3Fe0.5Co0.2Ni0.5Al0.3,[32],321.0,combined,RandomForest,321.0,325.3368585998292,-4.336858599829213,4.336858599829213
134,(Gd36Tb20Co20Al24)99Fe1,[33],94.0,combined,RandomForest,94.0,72.42075,21.579250000000002,21.579250000000002
135,Gd18Ho22Tm20Cu22Al18,[33],33.6,combined,RandomForest,33.6,49.6214880952381,-16.021488095238098,16.021488095238098
136,Gd36Tb20Co20Al24,[33],81.0,combined,RandomForest,81.0,67.59813095238096,13.401869047619044,13.401869047619044
137,Gd19Tb19Er18Fe19Al25,[33],97.0,combined,RandomForest,97.0,68.52133333333332,28.478666666666683,28.478666666666683
138,(Gd36Tb20Co20Al24)98Fe2,[33],100.0,combined,RandomForest,100.0,78.41258333333332,21.587416666666684,21.587416666666684
139,Fe24.1Co24.1Ni24.1Cr27.7,[33],36.0,combined,RandomForest,36.0,160.47491666666664,-124.47491666666664,124.47491666666664
140,Fe24.39Co24.39Ni24.39Cr26.83,[33],48.0,combined,RandomForest,48.0,159.08891666666662,-111.08891666666662,111.08891666666662
141,FeCoNiCr,[33],171.0,combined,RandomForest,171.0,147.66974999999996,23.330250000000035,23.330250000000035
142,Fe24.69Co24.69Ni24.69Cr25.93,[33],65.0,combined,RandomForest,65.0,138.81416666666664,-73.81416666666664,73.81416666666664
143,Fe25.3Co25.3Ni25.3Cr24.1,[33],100.0,combined,RandomForest,100.0,143.726,-43.726,43.726
144,Fe25.64Co25.64Ni25.64Cr23.08,[33],131.0,combined,RandomForest,131.0,137.637,-6.6370000000000005,6.6370000000000005
145,Fe25.64Co25.64Ni25.64Cr23.08,[33],148.0,combined,RandomForest,148.0,225.76516666666666,-77.76516666666666,77.76516666666666
146,FeCoNi1.5Cr0.5Al,[33],150.0,combined,RandomForest,150.0,194.78217261904757,-44.78217261904757,44.78217261904757
147,Fe26Co26Ni26Cr22,[33],193.0,combined,RandomForest,193.0,187.67958333333337,5.320416666666631,5.320416666666631
148,Fe23.53Co23.53Ni23.53Cr23.53Pd5.88,[33],210.0,combined,RandomForest,210.0,183.5991309523809,26.400869047619096,26.400869047619096
149,Fe25Co25Ni25(Mo0.2P0.4B0.4)25,[33],560.0,combined,RandomForest,560.0,367.65088928571436,192.34911071428564,192.34911071428564
150,FeCoNi0.5Cr0.5Al1.5,[33],455.0,combined,RandomForest,455.0,382.1928595238098,72.80714047619023,72.80714047619023
151,FeCoNi0.5Cr0.5Al,[33],685.0,combined,RandomForest,685.0,331.94958333333335,353.05041666666665,353.05041666666665
152,Fe30.7Ni25.7Ga14.6Mn19Si10,[34],442.0,combined,RandomForest,442.0,363.604522192391,78.39547780760898,78.39547780760898
153,Fe30.7Ni25.7Ga14.6Mn19Si10,[34],462.0,combined,RandomForest,462.0,363.604522192391,98.39547780760898,98.39547780760898
154,CoFeNi0.5Cr0.5-Alx (x = 0.0),[35],270.0,combined,RandomForest,270.0,335.71435839160824,-65.71435839160824,65.71435839160824
160,CoFeNi0.5Cr0.5-Alx (x = 1.5),[35],455.0,combined,RandomForest,455.0,421.51169866522355,33.48830133477645,33.48830133477645
163,Mn20Al20Co14Fe20Cr26,[36],268.0,combined,RandomForest,268.0,296.5946833333336,-28.59468333333359,28.59468333333359
164,Mn20Al20Co14Fe20Cr26,[36],268.0,combined,RandomForest,268.0,305.4661666666668,-37.46616666666682,37.46616666666682
165,Mn20Al20Co14Fe21Cr25,[36],280.0,combined,RandomForest,280.0,309.7488226190476,-29.748822619047587,29.748822619047587
166,Mn20Al20Co14Fe21Cr25,[36],280.0,combined,RandomForest,280.0,314.7019392857144,-34.70193928571439,34.70193928571439
167,Mn20Al20Co14Fe22Cr24,[36],300.0,combined,RandomForest,300.0,298.13655833333354,1.8634416666664606,1.8634416666664606
168,Mn20Al20Co14Fe22Cr24,[36],300.0,combined,RandomForest,300.0,307.07534166666676,-7.075341666666759,7.075341666666759
169,Mn20Al20Co14Fe23Cr23,[36],310.0,combined,RandomForest,310.0,314.6515142857142,-4.6515142857142,4.6515142857142
170,Mn20Al20Co14Fe23Cr23,[36],310.0,combined,RandomForest,310.0,319.5616642857143,-9.5616642857143,9.5616642857143
171,Mn20Cr14Ni33Ge25Si8,[37],361.0,combined,RandomForest,361.0,268.5059550130971,92.4940449869029,92.4940449869029
172,Mn20Cr14Ni33Ge25Si8,[37],361.0,combined,RandomForest,361.0,270.98226443469406,90.01773556530594,90.01773556530594
175,Mn24Cr10Ni33Ge25Si8,[37],387.0,combined,RandomForest,387.0,269.7355958944379,117.26440410556211,117.26440410556211
176,Mn24Cr10Ni33Ge25Si8,[37],387.0,combined,RandomForest,387.0,271.91936827899775,115.08063172100225,115.08063172100225
179,Al20Mn20Fe20Co14.5Cr25.5,[38],282.8,combined,RandomForest,282.8,288.83068242868234,-6.030682428682326,6.030682428682326
181,Al20Mn20Fe20Co15.5Cr24.5,[38],313.7,combined,RandomForest,313.7,293.47810786158277,20.221892138417218,20.221892138417218
183,Al20Mn20Fe20Co16.5Cr23.5,[38],345.8,combined,RandomForest,345.8,295.40546118881105,50.394538811188966,50.394538811188966
185,Dy27Er27Ni26Al20,[39],15.0,combined,RandomForest,15.0,42.10168333333335,-27.101683333333348,27.101683333333348
186,Dy18Er18Y18Ni26Al20,[39],10.0,combined,RandomForest,10.0,37.48628333333333,-27.486283333333333,27.486283333333333
187,Dy13.5Er13.5Y13.5Gd13.5Ni26Al20,[39],22.0,combined,RandomForest,22.0,39.241949999999996,-17.241949999999996,17.241949999999996
188,FeCoNiCr,[40],103.0,combined,RandomForest,103.0,114.35542857142855,-11.355428571428547,11.355428571428547
189,FeCoNiCrPd0.005,[40],102.0,combined,RandomForest,102.0,201.34439285714285,-99.34439285714285,99.34439285714285
190,FeCoNiCrPd0.03,[40],121.0,combined,RandomForest,121.0,214.48539285714278,-93.48539285714278,93.48539285714278
191,FeCoNiCrPd0.06,[40],131.0,combined,RandomForest,131.0,247.7661666666667,-116.76616666666669,116.76616666666669
192,FeCoNiCrPd0.12,[40],160.0,combined,RandomForest,160.0,238.31770238095243,-78.31770238095243,78.31770238095243
193,FeCoNiCrPd0.25,[40],220.0,combined,RandomForest,220.0,258.3181904761904,-38.31819047619041,38.31819047619041
194,FeCoNiCrPd0.50,[40],292.0,combined,RandomForest,292.0,262.6639583333333,29.336041666666688,29.336041666666688
195,FeCoNiCrAl,[41],290.0,combined,RandomForest,290.0,360.3093609859365,-70.30936098593651,70.30936098593651
196,FeCoNi1.5Cr0.5Al,[41],150.0,combined,RandomForest,150.0,359.988120811827,-209.988120811827,209.988120811827
197,AlxCr0.2MnFe0.5Co0.3Ni0.5(x=0.3),[42],380.0,combined,RandomForest,380.0,312.6185178571431,67.3814821428569,67.3814821428569
198,AlxCr0.2MnFe0.5Co0.3Ni0.5(x=0.35),[42],378.0,combined,RandomForest,378.0,312.97053452380976,65.02946547619024,65.02946547619024
199,AlxCr0.2MnFe0.5Co0.3Ni0.5(x=0.6),[42],385.0,combined,RandomForest,385.0,316.9333678571431,68.06663214285692,68.06663214285692
200,AlxCr0.2MnFe0.5Co0.3Ni0.5(x=0.65),[42],370.0,combined,RandomForest,370.0,324.9421678571432,45.057832142856796,45.057832142856796
2,GdTbDyHo,[1],198.0,combined,GradientBoosting,198.0,158.07884706329133,39.921152936708665,39.921152936708665
3,(GdTbDyHo)99.9Sc0.1,[1],193.0,combined,GradientBoosting,193.0,136.9846771853188,56.01532281468121,56.01532281468121
4,(GdTbDyHo)99.9Sc0.2,[1],186.0,combined,GradientBoosting,186.0,150.24222829159925,35.75777170840075,35.75777170840075
5,GdTbDyHo)99.9Sc0.3,[1],181.0,combined,GradientBoosting,181.0,150.24222829159925,30.757771708400753,30.757771708400753
6,(GdTbDyHo)99.9Sc0.4,[1],181.0,combined,GradientBoosting,181.0,150.24222829159925,30.757771708400753,30.757771708400753
7,(GdTbDyHo)99.9Sc0.5,[1],176.0,combined,GradientBoosting,176.0,149.84701373210197,26.15298626789803,26.15298626789803
8,Tb25.11Dy25.03Ho24.4Er 25.43,[2],160.0,combined,GradientBoosting,160.0,52.5960282488997,107.4039717511003,107.4039717511003
9,Tb23.58Dy25.05Ho25.03Er 26.34,[2],163.9,combined,GradientBoosting,163.9,52.85873234732567,111.04126765267434,111.04126765267434
10,Gd20Ho20Er20Al20 Fe 20,[3],55.0,combined,GradientBoosting,55.0,76.85892619431253,-21.85892619431253,21.85892619431253
11,Gd20Ho20Er20Al20 Co 20,[3],39.0,combined,GradientBoosting,39.0,37.90353028393063,1.0964697160693717,1.0964697160693717
12,Gd20Ho20Er20Al20 Ni 20,[3],25.0,combined,GradientBoosting,25.0,21.408065270443945,3.591934729556055,3.591934729556055
13,GdTbHoEr,[4],190.0,combined,GradientBoosting,190.0,140.7002312460991,49.299768753900906,49.299768753900906
14,GdTbHoErLa,[4],127.0,combined,GradientBoosting,127.0,145.09081320266702,-18.09081320266702,18.09081320266702
15,GdTbHoErLaY,[4],120.0,combined,GradientBoosting,120.0,123.26503755799374,-3.265037557993736,3.265037557993736
16,GdTbHoErPr,[4],135.0,combined,GradientBoosting,135.0,160.03059473171308,-25.03059473171308,25.03059473171308
17,Gd20Dy20Er20Ho20Tb20,[5],186.0,combined,GradientBoosting,186.0,176.98196358344748,9.018036416552519,9.018036416552519
18,Gd25Er25Ho25Tb25,[5],139.0,combined,GradientBoosting,139.0,187.21565547242122,-48.21565547242122,48.21565547242122
19,Dy25Er25Ho25Tb25,[5],52.0,combined,GradientBoosting,52.0,163.2227236930939,-111.22272369309391,111.22272369309391
20,Er33.33Ho33.33Tb33.34,[5],88.0,combined,GradientBoosting,88.0,221.5604207223488,-133.5604207223488,133.5604207223488
21,Gd10Tb10Dy10Ho10Er10Y10Ni10Co10Ag10Al10,[6],29.0,combined,GradientBoosting,29.0,46.49533762041014,-17.49533762041014,17.49533762041014
26,Ho20Er20Co20Al20Gd20,[7],37.0,combined,GradientBoosting,37.0,41.79404463841786,-4.7940446384178586,4.7940446384178586
27,Ho20Er20Co20Al20Dy20,[7],18.0,combined,GradientBoosting,18.0,38.47594439321697,-20.47594439321697,20.47594439321697
28,Ho20Er20Co20Al20Tm20,[7],9.0,combined,GradientBoosting,9.0,34.61606673410052,-25.61606673410052,25.61606673410052
29,Gd25Co25Al25Y25,[8],39.0,combined,GradientBoosting,39.0,65.60609964394868,-26.60609964394868,26.60609964394868
30,Gd25Co25Al25Y15Dy10,[8],44.0,combined,GradientBoosting,44.0,50.05687703178597,-6.056877031785973,6.056877031785973
31,Gd25Co25Al25Y15Ho10,[8],41.0,combined,GradientBoosting,41.0,50.18424180385615,-9.184241803856153,9.184241803856153
32,Gd25Co25Al25Y15Er10,[8],43.0,combined,GradientBoosting,43.0,47.818236796288296,-4.818236796288296,4.818236796288296
33,Gd25Co25Al25Ho24Y1,[9],51.0,combined,GradientBoosting,51.0,69.10704920991114,-18.10704920991114,18.10704920991114
34,Gd25Co25Al25Ho20Y5,[9],49.0,combined,GradientBoosting,49.0,63.13552925129479,-14.135529251294791,14.135529251294791
35,Gd25Co25Al25Ho15Y10,[9],47.0,combined,GradientBoosting,47.0,43.232825934820376,3.767174065179624,3.767174065179624
37,Gd20Dy20Er20Co20Al20,[10],44.0,combined,GradientBoosting,44.0,36.26204434447774,7.7379556555222635,7.7379556555222635
39,(Gd20Dy20Er20Co20Al20)Si0.5,[10],44.0,combined,GradientBoosting,44.0,39.98477345130346,4.015226548696539,4.015226548696539
41,(Gd20Dy20Er20Co20Al20)Si1,[10],44.0,combined,GradientBoosting,44.0,39.85888942076797,4.141110579232027,4.141110579232027
43,(Gd20Dy20Er20Co20Al20)Si3,[10],44.0,combined,GradientBoosting,44.0,67.78914294878507,-23.78914294878507,23.78914294878507
45,(Gd36Tb20Co20Al24)97Fe3(micro_100),[11],98.0,combined,GradientBoosting,98.0,78.38594005506295,19.614059944937054,19.614059944937054
46,(Gd36Tb20Co20Al24)97Fe3(micro_70),[11],102.0,combined,GradientBoosting,102.0,78.38594005506295,23.614059944937054,23.614059944937054
53,(Gd36Tb20Co20Al24)97Fe3(micro_100),[11],99.0,combined,GradientBoosting,99.0,78.38594005506295,20.614059944937054,20.614059944937054
57,V0.85FeCoNiCu1.15,[12],329.0,combined,GradientBoosting,329.0,282.767101079995,46.23289892000503,46.23289892000503
60,(MnNiSi)1-x(FeCoGe)x x=0.4,[13],271.0,combined,GradientBoosting,271.0,363.92980752279993,-92.92980752279993,92.92980752279993
61,(MnNiSi)1-x(FeCoGe)x x=0.42,[13],224.0,combined,GradientBoosting,224.0,360.5383651814361,-136.53836518143612,136.53836518143612
62,(MnNiSi)1-x(FeCoGe)x x=0.45,[13],232.0,combined,GradientBoosting,232.0,357.6765465501286,-125.67654655012859,125.67654655012859
63,(MnNiSi)1-x(FeCoGe)x x=0.47,[13],235.0,combined,GradientBoosting,235.0,357.62696178128874,-122.62696178128874,122.62696178128874
64,(MnNi)0.6Si1-y(FeCo)0.4Gey  y=0.36,[13],327.6,combined,GradientBoosting,327.6,342.8542257679142,-15.254225767914193,15.254225767914193
65,(MnNi)0.6Si1-y(FeCo)0.4Gey  y=0.38,[13],308.8,combined,GradientBoosting,308.8,342.8232643052841,-34.0232643052841,34.0232643052841
66,(MnNi)0.6Si1-y(FeCo)0.4Gey  y=0.4,[13],271.3,combined,GradientBoosting,271.3,343.7953134560909,-72.49531345609091,72.49531345609091
67,(MnNi)0.6Si1-y(FeCo)0.4Gey  y=0.42,[13],295.5,combined,GradientBoosting,295.5,338.8119556608348,-43.311955660834826,43.311955660834826
68,Gd 20 Tb 18 Dy 18 Co 20 Al 24,[14],59.0,combined,GradientBoosting,59.0,63.98533972816054,-4.98533972816054,4.98533972816054
74,(Gd 0.2 Tb 0.18 Dy 0.18 Co 0.2 Al 0.24 ) 43 H 57,[14],8.0,combined,GradientBoosting,8.0,101.74034098734356,-93.74034098734356,93.74034098734356
80,CoCuFeMnNi,[15],395.0,combined,GradientBoosting,395.0,287.4197390755107,107.58026092448932,107.58026092448932
81,CoCu0.975FeMn1.025Ni,[15],321.0,combined,GradientBoosting,321.0,287.55766190987885,33.442338090121154,33.442338090121154
82,CoCu0.95FeMn1.05Ni,[15],297.0,combined,GradientBoosting,297.0,287.56792936364064,9.432070636359356,9.432070636359356
83,CoCu0.925FeMn1.075Ni,[15],279.0,combined,GradientBoosting,279.0,287.6390899768564,-8.639089976856383,8.639089976856383
84,CoCu0.9FeMn1.1Ni,[15],264.0,combined,GradientBoosting,264.0,287.68353355149924,-23.683533551499238,23.683533551499238
85,CoCuFe0.975Mn1.025Ni,[15],299.0,combined,GradientBoosting,299.0,287.55766190987885,11.442338090121154,11.442338090121154
86,CoCuFe0.95Mn1.05Ni,[15],292.0,combined,GradientBoosting,292.0,286.37752854470347,5.622471455296534,5.622471455296534
87,"(Fe,Mn,Ni) 66.7 (Ge 0.5 Si 0.5 ) 33.3",[16],138.0,combined,GradientBoosting,138.0,227.704527023681,-89.70452702368101,89.70452702368101
88,"Fe,Mn,Ni) 66.7 (Ge 0.465 Si 0.535 ) 33.3",[16],178.0,combined,GradientBoosting,178.0,261.0928722925087,-83.09287229250867,83.09287229250867
89,"(Fe,Mn,Ni) 66.7 (Ge 0.45 Si 0.55 ) 33.3",[16],200.0,combined,GradientBoosting,200.0,289.77113023399295,-89.77113023399295,89.77113023399295
90,Fe30Co30Ni30Cr10,[17],651.0,combined,GradientBoosting,651.0,199.68169377605258,451.3183062239474,451.3183062239474
91,Fe30Co30Ni30Mn10,[17],736.0,combined,GradientBoosting,736.0,236.77973380643837,499.22026619356166,499.22026619356166
92,Fe30Co30Ni30Cr5Mn5,[17],651.0,combined,GradientBoosting,651.0,218.79071439686004,432.20928560313996,432.20928560313996
93,CoFeNiCr1.0Cu0.0,[18],113.0,combined,GradientBoosting,113.0,102.90658061031762,10.093419389682381,10.093419389682381
94,CoFeNiCr1.0Cu0.5,[18],120.0,combined,GradientBoosting,120.0,258.49481793472654,-138.49481793472654,138.49481793472654
95,CoFeNiCr1.0Cu1.0,[18],110.0,combined,GradientBoosting,110.0,284.34161256456804,-174.34161256456804,174.34161256456804
96,CoFeNiCr0.8Cu1.0,[18],223.0,combined,GradientBoosting,223.0,256.0539771824115,-33.05397718241147,33.05397718241147
97,Mn1.75Fe0.25CoNiGe1.6Si0.4,[19],295.0,combined,GradientBoosting,295.0,371.08366572328407,-76.08366572328407,76.08366572328407
98,AlCrFeCoNiCu,[20],295.0,combined,GradientBoosting,295.0,234.01740007940055,60.982599920599455,60.982599920599455
100,V0.85FeCoNiCu1.15,[21],297.0,combined,GradientBoosting,297.0,295.06649365708336,1.933506342916644,1.933506342916644
102,GdTbDyHoErTmCoAl,[22],35.0,combined,GradientBoosting,35.0,175.55344972949408,-140.55344972949408,140.55344972949408
103,GdTbDyHoErTmCoNi,[22],40.0,combined,GradientBoosting,40.0,157.99755935268703,-117.99755935268703,117.99755935268703
104,GdTbHoEr,[23],190.0,combined,GradientBoosting,190.0,176.94187461721742,13.058125382782578,13.058125382782578
105,GdTbHoErLa,[23],117.0,combined,GradientBoosting,117.0,127.48269791211857,-10.482697912118567,10.482697912118567
106,GdTbHoErLaY,[23],120.0,combined,GradientBoosting,120.0,119.88723628960048,0.11276371039951982,0.11276371039951982
107,ScGdTbDyHo,[24],144.0,combined,GradientBoosting,144.0,167.59898286472347,-23.598982864723467,23.598982864723467
108,ScGdTbDyHo,[24],143.0,combined,GradientBoosting,143.0,167.59898286472347,-24.598982864723467,24.598982864723467
109,ScGdTbDyHo,[24],146.0,combined,GradientBoosting,146.0,167.59898286472347,-21.598982864723467,21.598982864723467
110,ScGdTbDyHo,[24],139.0,combined,GradientBoosting,139.0,167.59898286472347,-28.598982864723467,28.598982864723467
111,LaFe10.8Cr0.2Si2,[25],219.0,combined,GradientBoosting,219.0,308.2599528982119,-89.2599528982119,89.2599528982119
112,LaFe10Co0.5Ni0.5Si2,[25],285.0,combined,GradientBoosting,285.0,325.86080869966634,-40.860808699666336,40.860808699666336
113,LaFe10.25Co0.25Ni0.25Cr0.25Si2,[25],247.0,combined,GradientBoosting,247.0,307.3123641857975,-60.31236418579749,60.31236418579749
114,Mn27Cr7Ni33Ge25Si8,[26],412.0,combined,GradientBoosting,412.0,345.59396795982997,66.40603204017003,66.40603204017003
118,Fe25Co25Ni25Mo5P10B10,[27],560.0,combined,GradientBoosting,560.0,564.9381932991394,-4.938193299139357,4.938193299139357
121,GdTbHoErY,[28],163.0,combined,GradientBoosting,163.0,152.43468042658895,10.565319573411045,10.565319573411045
125,Fe26.7Ni26.7Ga15.6Mn20Si11,[29],322.0,combined,GradientBoosting,322.0,408.04799686169946,-86.04799686169946,86.04799686169946
126,Fe26.7Ni26.7Ga15.6Mn20Si11,[29],334.0,combined,GradientBoosting,334.0,408.04799686169946,-74.04799686169946,74.04799686169946
127,Al0.44Cr0.25MnFeCo0.05Ni0.2,[30],340.0,combined,GradientBoosting,340.0,403.85742636904706,-63.85742636904706,63.85742636904706
128,Mn22.3Fe22.2Ni22.2Ge16.65Si16.65,[31],137.0,combined,GradientBoosting,137.0,312.2142909502607,-175.2142909502607,175.2142909502607
133,Mn0.94Cr0.3Fe0.5Co0.2Ni0.5Al0.3,[32],321.0,combined,GradientBoosting,321.0,330.17904661757944,-9.179046617579445,9.179046617579445
134,(Gd36Tb20Co20Al24)99Fe1,[33],94.0,combined,GradientBoosting,94.0,74.40175905548531,19.598240944514686,19.598240944514686
135,Gd18Ho22Tm20Cu22Al18,[33],33.6,combined,GradientBoosting,33.6,46.26219019177856,-12.662190191778556,12.662190191778556
136,Gd36Tb20Co20Al24,[33],81.0,combined,GradientBoosting,81.0,69.68963030472347,11.310369695276535,11.310369695276535
137,Gd19Tb19Er18Fe19Al25,[33],97.0,combined,GradientBoosting,97.0,66.91923738259199,30.080762617408013,30.080762617408013
138,(Gd36Tb20Co20Al24)98Fe2,[33],100.0,combined,GradientBoosting,100.0,80.9911270165142,19.0088729834858,19.0088729834858
139,Fe24.1Co24.1Ni24.1Cr27.7,[33],36.0,combined,GradientBoosting,36.0,139.55732606484563,-103.55732606484563,103.55732606484563
140,Fe24.39Co24.39Ni24.39Cr26.83,[33],48.0,combined,GradientBoosting,48.0,140.06705474930425,-92.06705474930425,92.06705474930425
141,FeCoNiCr,[33],171.0,combined,GradientBoosting,171.0,137.1159863925654,33.88401360743461,33.88401360743461
142,Fe24.69Co24.69Ni24.69Cr25.93,[33],65.0,combined,GradientBoosting,65.0,102.42401887945246,-37.42401887945246,37.42401887945246
143,Fe25.3Co25.3Ni25.3Cr24.1,[33],100.0,combined,GradientBoosting,100.0,125.60500598676846,-25.60500598676846,25.60500598676846
144,Fe25.64Co25.64Ni25.64Cr23.08,[33],131.0,combined,GradientBoosting,131.0,107.22299060320927,23.77700939679073,23.77700939679073
145,Fe25.64Co25.64Ni25.64Cr23.08,[33],148.0,combined,GradientBoosting,148.0,183.29426162542742,-35.294261625427424,35.294261625427424
146,FeCoNi1.5Cr0.5Al,[33],150.0,combined,GradientBoosting,150.0,157.7371068548981,-7.737106854898087,7.737106854898087
147,Fe26Co26Ni26Cr22,[33],193.0,combined,GradientBoosting,193.0,266.66171930357837,-73.66171930357837,73.66171930357837
148,Fe23.53Co23.53Ni23.53Cr23.53Pd5.88,[33],210.0,combined,GradientBoosting,210.0,174.99296900404747,35.00703099595253,35.00703099595253
149,Fe25Co25Ni25(Mo0.2P0.4B0.4)25,[33],560.0,combined,GradientBoosting,560.0,398.4710988194691,161.5289011805309,161.5289011805309
150,FeCoNi0.5Cr0.5Al1.5,[33],455.0,combined,GradientBoosting,455.0,432.97108727102943,22.028912728970568,22.028912728970568
151,FeCoNi0.5Cr0.5Al,[33],685.0,combined,GradientBoosting,685.0,335.33443827380614,349.66556172619386,349.66556172619386
152,Fe30.7Ni25.7Ga14.6Mn19Si10,[34],442.0,combined,GradientBoosting,442.0,354.55541776892727,87.44458223107273,87.44458223107273
153,Fe30.7Ni25.7Ga14.6Mn19Si10,[34],462.0,combined,GradientBoosting,462.0,354.55541776892727,107.44458223107273,107.44458223107273
154,CoFeNi0.5Cr0.5-Alx (x = 0.0),[35],270.0,combined,GradientBoosting,270.0,473.9542456419058,-203.9542456419058,203.9542456419058
160,CoFeNi0.5Cr0.5-Alx (x = 1.5),[35],455.0,combined,GradientBoosting,455.0,557.0716810008047,-102.07168100080469,102.07168100080469
163,Mn20Al20Co14Fe20Cr26,[36],268.0,combined,GradientBoosting,268.0,288.439870894962,-20.439870894961985,20.439870894961985
164,Mn20Al20Co14Fe20Cr26,[36],268.0,combined,GradientBoosting,268.0,292.6782079835801,-24.67820798358008,24.67820798358008
165,Mn20Al20Co14Fe21Cr25,[36],280.0,combined,GradientBoosting,280.0,310.52370190323546,-30.523701903235462,30.523701903235462
166,Mn20Al20Co14Fe21Cr25,[36],280.0,combined,GradientBoosting,280.0,320.06617589082083,-40.06617589082083,40.06617589082083
167,Mn20Al20Co14Fe22Cr24,[36],300.0,combined,GradientBoosting,300.0,296.04228352452986,3.9577164754701357,3.9577164754701357
168,Mn20Al20Co14Fe22Cr24,[36],300.0,combined,GradientBoosting,300.0,300.280620613148,-0.2806206131480167,0.2806206131480167
169,Mn20Al20Co14Fe23Cr23,[36],310.0,combined,GradientBoosting,310.0,318.500216617064,-8.500216617063984,8.500216617063984
170,Mn20Al20Co14Fe23Cr23,[36],310.0,combined,GradientBoosting,310.0,328.04269060464935,-18.04269060464935,18.04269060464935
171,Mn20Cr14Ni33Ge25Si8,[37],361.0,combined,GradientBoosting,361.0,297.2374582536169,63.76254174638308,63.76254174638308
172,Mn20Cr14Ni33Ge25Si8,[37],361.0,combined,GradientBoosting,361.0,301.04523538627916,59.95476461372084,59.95476461372084
175,Mn24Cr10Ni33Ge25Si8,[37],387.0,combined,GradientBoosting,387.0,304.1801357728302,82.81986422716977,82.81986422716977
176,Mn24Cr10Ni33Ge25Si8,[37],387.0,combined,GradientBoosting,387.0,307.98791290549246,79.01208709450754,79.01208709450754
179,Al20Mn20Fe20Co14.5Cr25.5,[38],282.8,combined,GradientBoosting,282.8,279.44214716308414,3.3578528369158676,3.3578528369158676
181,Al20Mn20Fe20Co15.5Cr24.5,[38],313.7,combined,GradientBoosting,313.7,293.7735347912496,19.926465208750415,19.926465208750415
183,Al20Mn20Fe20Co16.5Cr23.5,[38],345.8,combined,GradientBoosting,345.8,289.53375223021555,56.26624776978446,56.26624776978446
185,Dy27Er27Ni26Al20,[39],15.0,combined,GradientBoosting,15.0,28.911965624699327,-13.911965624699327,13.911965624699327
186,Dy18Er18Y18Ni26Al20,[39],10.0,combined,GradientBoosting,10.0,34.05536684602773,-24.05536684602773,24.05536684602773
187,Dy13.5Er13.5Y13.5Gd13.5Ni26Al20,[39],22.0,combined,GradientBoosting,22.0,34.33784818430583,-12.337848184305827,12.337848184305827
188,FeCoNiCr,[40],103.0,combined,GradientBoosting,103.0,112.76858575835274,-9.768585758352742,9.768585758352742
189,FeCoNiCrPd0.005,[40],102.0,combined,GradientBoosting,102.0,218.4425968909891,-116.44259689098911,116.44259689098911
190,FeCoNiCrPd0.03,[40],121.0,combined,GradientBoosting,121.0,236.5559788276971,-115.55597882769709,115.55597882769709
191,FeCoNiCrPd0.06,[40],131.0,combined,GradientBoosting,131.0,233.3302566714679,-102.33025667146791,102.33025667146791
192,FeCoNiCrPd0.12,[40],160.0,combined,GradientBoosting,160.0,214.35083342239068,-54.35083342239068,54.35083342239068
193,FeCoNiCrPd0.25,[40],220.0,combined,GradientBoosting,220.0,247.07111507798018,-27.07111507798018,27.07111507798018
194,FeCoNiCrPd0.50,[40],292.0,combined,GradientBoosting,292.0,261.8197418327486,30.180258167251395,30.180258167251395
195,FeCoNiCrAl,[41],290.0,combined,GradientBoosting,290.0,365.3777725568226,-75.3777725568226,75.3777725568226
196,FeCoNi1.5Cr0.5Al,[41],150.0,combined,GradientBoosting,150.0,314.2667871074803,-164.2667871074803,164.2667871074803
197,AlxCr0.2MnFe0.5Co0.3Ni0.5(x=0.3),[42],380.0,combined,GradientBoosting,380.0,332.3459677846444,47.654032215355585,47.654032215355585
198,AlxCr0.2MnFe0.5Co0.3Ni0.5(x=0.35),[42],378.0,combined,GradientBoosting,378.0,336.58110435632483,41.41889564367517,41.41889564367517
199,AlxCr0.2MnFe0.5Co0.3Ni0.5(x=0.6),[42],385.0,combined,GradientBoosting,385.0,371.8085954072784,13.191404592721597,13.191404592721597
200,AlxCr0.2MnFe0.5Co0.3Ni0.5(x=0.65),[42],370.0,combined,GradientBoosting,370.0,367.67278297381523,2.327217026184769,2.327217026184769
2,GdTbDyHo,[1],198.0,combined,SVR,198.0,174.3600354445226,23.639964555477405,23.639964555477405
3,(GdTbDyHo)99.9Sc0.1,[1],193.0,combined,SVR,193.0,159.88171620759698,33.11828379240302,33.11828379240302
4,(GdTbDyHo)99.9Sc0.2,[1],186.0,combined,SVR,186.0,159.14436925962931,26.855630740370685,26.855630740370685
5,GdTbDyHo)99.9Sc0.3,[1],181.0,combined,SVR,181.0,158.4561138946589,22.5438861053411,22.5438861053411
6,(GdTbDyHo)99.9Sc0.4,[1],181.0,combined,SVR,181.0,157.80727579228565,23.19272420771435,23.19272420771435
7,(GdTbDyHo)99.9Sc0.5,[1],176.0,combined,SVR,176.0,157.18938324864482,18.810616751355184,18.810616751355184
8,Tb25.11Dy25.03Ho24.4Er 25.43,[2],160.0,combined,SVR,160.0,51.96433024843867,108.03566975156133,108.03566975156133
9,Tb23.58Dy25.05Ho25.03Er 26.34,[2],163.9,combined,SVR,163.9,51.15566802413974,112.74433197586026,112.74433197586026
10,Gd20Ho20Er20Al20 Fe 20,[3],55.0,combined,SVR,55.0,95.96348249088267,-40.96348249088267,40.96348249088267
11,Gd20Ho20Er20Al20 Co 20,[3],39.0,combined,SVR,39.0,41.40586527861157,-2.4058652786115715,2.4058652786115715
12,Gd20Ho20Er20Al20 Ni 20,[3],25.0,combined,SVR,25.0,13.331488649003745,11.668511350996255,11.668511350996255
13,GdTbHoEr,[4],190.0,combined,SVR,190.0,191.92539581861277,-1.9253958186127704,1.9253958186127704
14,GdTbHoErLa,[4],127.0,combined,SVR,127.0,116.95761277513273,10.04238722486727,10.04238722486727
15,GdTbHoErLaY,[4],120.0,combined,SVR,120.0,123.41014933026433,-3.410149330264332,3.410149330264332
16,GdTbHoErPr,[4],135.0,combined,SVR,135.0,127.87465634562152,7.125343654378483,7.125343654378483
17,Gd20Dy20Er20Ho20Tb20,[5],186.0,combined,SVR,186.0,163.47925410386114,22.520745896138862,22.520745896138862
18,Gd25Er25Ho25Tb25,[5],139.0,combined,SVR,139.0,191.3899618222498,-52.3899618222498,52.3899618222498
19,Dy25Er25Ho25Tb25,[5],52.0,combined,SVR,52.0,162.93710930979813,-110.93710930979813,110.93710930979813
20,Er33.33Ho33.33Tb33.34,[5],88.0,combined,SVR,88.0,199.73801837775656,-111.73801837775656,111.73801837775656
21,Gd10Tb10Dy10Ho10Er10Y10Ni10Co10Ag10Al10,[6],29.0,combined,SVR,29.0,208.3586550300981,-179.3586550300981,179.3586550300981
26,Ho20Er20Co20Al20Gd20,[7],37.0,combined,SVR,37.0,39.029889328698545,-2.0298893286985447,2.0298893286985447
27,Ho20Er20Co20Al20Dy20,[7],18.0,combined,SVR,18.0,59.557652123667594,-41.557652123667594,41.557652123667594
28,Ho20Er20Co20Al20Tm20,[7],9.0,combined,SVR,9.0,90.33115192910493,-81.33115192910493,81.33115192910493
29,Gd25Co25Al25Y25,[8],39.0,combined,SVR,39.0,82.49358324986852,-43.49358324986852,43.49358324986852
30,Gd25Co25Al25Y15Dy10,[8],44.0,combined,SVR,44.0,59.83181595180726,-15.831815951807258,15.831815951807258
31,Gd25Co25Al25Y15Ho10,[8],41.0,combined,SVR,41.0,58.10521222806997,-17.105212228069973,17.105212228069973
32,Gd25Co25Al25Y15Er10,[8],43.0,combined,SVR,43.0,55.98171272429829,-12.98171272429829,12.98171272429829
33,Gd25Co25Al25Ho24Y1,[9],51.0,combined,SVR,51.0,52.45915971927282,-1.4591597192728187,1.4591597192728187
34,Gd25Co25Al25Ho20Y5,[9],49.0,combined,SVR,49.0,49.756581524989045,-0.7565815249890449,0.7565815249890449
35,Gd25Co25Al25Ho15Y10,[9],47.0,combined,SVR,47.0,51.11148762499435,-4.1114876249943535,4.1114876249943535
37,Gd20Dy20Er20Co20Al20,[10],44.0,combined,SVR,44.0,39.38078506645877,4.61921493354123,4.61921493354123
39,(Gd20Dy20Er20Co20Al20)Si0.5,[10],44.0,combined,SVR,44.0,36.57057516082108,7.429424839178921,7.429424839178921
41,(Gd20Dy20Er20Co20Al20)Si1,[10],44.0,combined,SVR,44.0,32.856523768443964,11.143476231556036,11.143476231556036
43,(Gd20Dy20Er20Co20Al20)Si3,[10],44.0,combined,SVR,44.0,58.1103349806873,-14.110334980687298,14.110334980687298
45,(Gd36Tb20Co20Al24)97Fe3(micro_100),[11],98.0,combined,SVR,98.0,100.8532222136095,-2.8532222136094987,2.8532222136094987
46,(Gd36Tb20Co20Al24)97Fe3(micro_70),[11],102.0,combined,SVR,102.0,100.8532222136095,1.1467777863905013,1.1467777863905013
53,(Gd36Tb20Co20Al24)97Fe3(micro_100),[11],99.0,combined,SVR,99.0,100.8532222136095,-1.8532222136094987,1.8532222136094987
57,V0.85FeCoNiCu1.15,[12],329.0,combined,SVR,329.0,185.27700145166736,143.72299854833264,143.72299854833264
60,(MnNiSi)1-x(FeCoGe)x x=0.4,[13],271.0,combined,SVR,271.0,156.42056082609108,114.57943917390892,114.57943917390892
61,(MnNiSi)1-x(FeCoGe)x x=0.42,[13],224.0,combined,SVR,224.0,157.80906912143615,66.19093087856385,66.19093087856385
62,(MnNiSi)1-x(FeCoGe)x x=0.45,[13],232.0,combined,SVR,232.0,160.36583330283324,71.63416669716676,71.63416669716676
63,(MnNiSi)1-x(FeCoGe)x x=0.47,[13],235.0,combined,SVR,235.0,158.8053485157933,76.1946514842067,76.1946514842067
64,(MnNi)0.6Si1-y(FeCo)0.4Gey  y=0.36,[13],327.6,combined,SVR,327.6,116.79975600168692,210.8002439983131,210.8002439983131
65,(MnNi)0.6Si1-y(FeCo)0.4Gey  y=0.38,[13],308.8,combined,SVR,308.8,116.90228084737637,191.89771915262364,191.89771915262364
66,(MnNi)0.6Si1-y(FeCo)0.4Gey  y=0.4,[13],271.3,combined,SVR,271.3,117.10181579768843,154.19818420231158,154.19818420231158
67,(MnNi)0.6Si1-y(FeCo)0.4Gey  y=0.42,[13],295.5,combined,SVR,295.5,117.50596719526331,177.9940328047367,177.9940328047367
68,Gd 20 Tb 18 Dy 18 Co 20 Al 24,[14],59.0,combined,SVR,59.0,63.75470141677195,-4.754701416771951,4.754701416771951
74,(Gd 0.2 Tb 0.18 Dy 0.18 Co 0.2 Al 0.24 ) 43 H 57,[14],8.0,combined,SVR,8.0,267.86110093329165,-259.86110093329165,259.86110093329165
80,CoCuFeMnNi,[15],395.0,combined,SVR,395.0,287.99182769376864,107.00817230623136,107.00817230623136
81,CoCu0.975FeMn1.025Ni,[15],321.0,combined,SVR,321.0,288.64365627525615,32.35634372474385,32.35634372474385
82,CoCu0.95FeMn1.05Ni,[15],297.0,combined,SVR,297.0,289.28072027922593,7.719279720774068,7.719279720774068
83,CoCu0.925FeMn1.075Ni,[15],279.0,combined,SVR,279.0,289.9050721187964,-10.905072118796397,10.905072118796397
84,CoCu0.9FeMn1.1Ni,[15],264.0,combined,SVR,264.0,290.5180643642909,-26.51806436429092,26.51806436429092
85,CoCuFe0.975Mn1.025Ni,[15],299.0,combined,SVR,299.0,288.0039373539667,10.996062646033295,10.996062646033295
86,CoCuFe0.95Mn1.05Ni,[15],292.0,combined,SVR,292.0,287.991093268089,4.008906731910997,4.008906731910997
87,"(Fe,Mn,Ni) 66.7 (Ge 0.5 Si 0.5 ) 33.3",[16],138.0,combined,SVR,138.0,403.83006239669896,-265.83006239669896,265.83006239669896
88,"Fe,Mn,Ni) 66.7 (Ge 0.465 Si 0.535 ) 33.3",[16],178.0,combined,SVR,178.0,407.16899183474135,-229.16899183474135,229.16899183474135
89,"(Fe,Mn,Ni) 66.7 (Ge 0.45 Si 0.55 ) 33.3",[16],200.0,combined,SVR,200.0,408.48760302341145,-208.48760302341145,208.48760302341145
90,Fe30Co30Ni30Cr10,[17],651.0,combined,SVR,651.0,167.34070221655458,483.6592977834454,483.6592977834454
91,Fe30Co30Ni30Mn10,[17],736.0,combined,SVR,736.0,170.47152588038657,565.5284741196134,565.5284741196134
92,Fe30Co30Ni30Cr5Mn5,[17],651.0,combined,SVR,651.0,170.27785379075286,480.72214620924717,480.72214620924717
93,CoFeNiCr1.0Cu0.0,[18],113.0,combined,SVR,113.0,103.15887520875319,9.841124791246813,9.841124791246813
94,CoFeNiCr1.0Cu0.5,[18],120.0,combined,SVR,120.0,264.0512262676104,-144.0512262676104,144.0512262676104
95,CoFeNiCr1.0Cu1.0,[18],110.0,combined,SVR,110.0,311.91182953573787,-201.91182953573787,201.91182953573787
96,CoFeNiCr0.8Cu1.0,[18],223.0,combined,SVR,223.0,321.0838389472358,-98.08383894723579,98.08383894723579
97,Mn1.75Fe0.25CoNiGe1.6Si0.4,[19],295.0,combined,SVR,295.0,301.33292883908956,-6.332928839089561,6.332928839089561
98,AlCrFeCoNiCu,[20],295.0,combined,SVR,295.0,297.5982939295005,-2.598293929500528,2.598293929500528
100,V0.85FeCoNiCu1.15,[21],297.0,combined,SVR,297.0,191.0202778137752,105.97972218622479,105.97972218622479
102,GdTbDyHoErTmCoAl,[22],35.0,combined,SVR,35.0,193.9358113324156,-158.9358113324156,158.9358113324156
103,GdTbDyHoErTmCoNi,[22],40.0,combined,SVR,40.0,187.56035500816108,-147.56035500816108,147.56035500816108
104,GdTbHoEr,[23],190.0,combined,SVR,190.0,189.77171228635308,0.22828771364692102,0.22828771364692102
105,GdTbHoErLa,[23],117.0,combined,SVR,117.0,140.11651199858863,-23.116511998588635,23.116511998588635
106,GdTbHoErLaY,[23],120.0,combined,SVR,120.0,119.66393201964442,0.3360679803555797,0.3360679803555797
107,ScGdTbDyHo,[24],144.0,combined,SVR,144.0,150.3053499699039,-6.305349969903887,6.305349969903887
108,ScGdTbDyHo,[24],143.0,combined,SVR,143.0,150.3053499699039,-7.305349969903887,7.305349969903887
109,ScGdTbDyHo,[24],146.0,combined,SVR,146.0,150.3053499699039,-4.305349969903887,4.305349969903887
110,ScGdTbDyHo,[24],139.0,combined,SVR,139.0,150.3053499699039,-11.305349969903887,11.305349969903887
111,LaFe10.8Cr0.2Si2,[25],219.0,combined,SVR,219.0,185.89213622601227,33.10786377398773,33.10786377398773
112,LaFe10Co0.5Ni0.5Si2,[25],285.0,combined,SVR,285.0,185.59306160443506,99.40693839556494,99.40693839556494
113,LaFe10.25Co0.25Ni0.25Cr0.25Si2,[25],247.0,combined,SVR,247.0,185.5981192514877,61.4018807485123,61.4018807485123
114,Mn27Cr7Ni33Ge25Si8,[26],412.0,combined,SVR,412.0,374.2842367669492,37.71576323305078,37.71576323305078
118,Fe25Co25Ni25Mo5P10B10,[27],560.0,combined,SVR,560.0,195.43733835847698,364.56266164152305,364.56266164152305
121,GdTbHoErY,[28],163.0,combined,SVR,163.0,155.3251793224539,7.6748206775461085,7.6748206775461085
125,Fe26.7Ni26.7Ga15.6Mn20Si11,[29],322.0,combined,SVR,322.0,424.82914873653124,-102.82914873653124,102.82914873653124
126,Fe26.7Ni26.7Ga15.6Mn20Si11,[29],334.0,combined,SVR,334.0,424.82914873653124,-90.82914873653124,90.82914873653124
127,Al0.44Cr0.25MnFeCo0.05Ni0.2,[30],340.0,combined,SVR,340.0,310.9272275426721,29.072772457327915,29.072772457327915
128,Mn22.3Fe22.2Ni22.2Ge16.65Si16.65,[31],137.0,combined,SVR,137.0,352.1904339867802,-215.1904339867802,215.1904339867802
133,Mn0.94Cr0.3Fe0.5Co0.2Ni0.5Al0.3,[32],321.0,combined,SVR,321.0,335.21740728789666,-14.217407287896663,14.217407287896663
134,(Gd36Tb20Co20Al24)99Fe1,[33],94.0,combined,SVR,94.0,96.86129419496095,-2.861294194960948,2.861294194960948
135,Gd18Ho22Tm20Cu22Al18,[33],33.6,combined,SVR,33.6,69.42445406004454,-35.82445406004454,35.82445406004454
136,Gd36Tb20Co20Al24,[33],81.0,combined,SVR,81.0,105.92957846868914,-24.929578468689144,24.929578468689144
137,Gd19Tb19Er18Fe19Al25,[33],97.0,combined,SVR,97.0,77.38174811889313,19.618251881106872,19.618251881106872
138,(Gd36Tb20Co20Al24)98Fe2,[33],100.0,combined,SVR,100.0,91.05583273729812,8.944167262701882,8.944167262701882
139,Fe24.1Co24.1Ni24.1Cr27.7,[33],36.0,combined,SVR,36.0,168.48628201102574,-132.48628201102574,132.48628201102574
140,Fe24.39Co24.39Ni24.39Cr26.83,[33],48.0,combined,SVR,48.0,169.56966852448392,-121.56966852448392,121.56966852448392
141,FeCoNiCr,[33],171.0,combined,SVR,171.0,170.48844902275556,0.5115509772444398,0.5115509772444398
142,Fe24.69Co24.69Ni24.69Cr25.93,[33],65.0,combined,SVR,65.0,175.35031215421455,-110.35031215421455,110.35031215421455
143,Fe25.3Co25.3Ni25.3Cr24.1,[33],100.0,combined,SVR,100.0,173.33655656942335,-73.33655656942335,73.33655656942335
144,Fe25.64Co25.64Ni25.64Cr23.08,[33],131.0,combined,SVR,131.0,174.96771730165213,-43.96771730165213,43.96771730165213
145,Fe25.64Co25.64Ni25.64Cr23.08,[33],148.0,combined,SVR,148.0,259.1961015988946,-111.19610159889459,111.19610159889459
146,FeCoNi1.5Cr0.5Al,[33],150.0,combined,SVR,150.0,193.6290027987351,-43.62900279873509,43.62900279873509
147,Fe26Co26Ni26Cr22,[33],193.0,combined,SVR,193.0,176.6145231790364,16.38547682096359,16.38547682096359
148,Fe23.53Co23.53Ni23.53Cr23.53Pd5.88,[33],210.0,combined,SVR,210.0,179.98294083454476,30.017059165455237,30.017059165455237
149,Fe25Co25Ni25(Mo0.2P0.4B0.4)25,[33],560.0,combined,SVR,560.0,210.41021874418948,349.5897812558105,349.5897812558105
150,FeCoNi0.5Cr0.5Al1.5,[33],455.0,combined,SVR,455.0,317.54628139708626,137.45371860291374,137.45371860291374
151,FeCoNi0.5Cr0.5Al,[33],685.0,combined,SVR,685.0,294.2922006951339,390.7077993048661,390.7077993048661
152,Fe30.7Ni25.7Ga14.6Mn19Si10,[34],442.0,combined,SVR,442.0,340.0278622600428,101.97213773995719,101.97213773995719
153,Fe30.7Ni25.7Ga14.6Mn19Si10,[34],462.0,combined,SVR,462.0,340.0278622600428,121.97213773995719,121.97213773995719
154,CoFeNi0.5Cr0.5-Alx (x = 0.0),[35],270.0,combined,SVR,270.0,204.5442096423699,65.4557903576301,65.4557903576301
160,CoFeNi0.5Cr0.5-Alx (x = 1.5),[35],455.0,combined,SVR,455.0,448.58254244447096,6.41745755552904,6.41745755552904
163,Mn20Al20Co14Fe20Cr26,[36],268.0,combined,SVR,268.0,305.8962223968683,-37.896222396868325,37.896222396868325
164,Mn20Al20Co14Fe20Cr26,[36],268.0,combined,SVR,268.0,310.1538735809633,-42.15387358096331,42.15387358096331
165,Mn20Al20Co14Fe21Cr25,[36],280.0,combined,SVR,280.0,315.5523821140711,-35.55238211407112,35.55238211407112
166,Mn20Al20Co14Fe21Cr25,[36],280.0,combined,SVR,280.0,319.99759370966444,-39.99759370966444,39.99759370966444
167,Mn20Al20Co14Fe22Cr24,[36],300.0,combined,SVR,300.0,308.0251416023686,-8.025141602368592,8.025141602368592
168,Mn20Al20Co14Fe22Cr24,[36],300.0,combined,SVR,300.0,312.27219820622815,-12.272198206228154,12.272198206228154
169,Mn20Al20Co14Fe23Cr23,[36],310.0,combined,SVR,310.0,317.70913929471794,-7.709139294717943,7.709139294717943
170,Mn20Al20Co14Fe23Cr23,[36],310.0,combined,SVR,310.0,322.1450861549979,-12.145086154997898,12.145086154997898
171,Mn20Cr14Ni33Ge25Si8,[37],361.0,combined,SVR,361.0,370.7263267496595,-9.726326749659506,9.726326749659506
172,Mn20Cr14Ni33Ge25Si8,[37],361.0,combined,SVR,361.0,378.84062817228266,-17.840628172282663,17.840628172282663
175,Mn24Cr10Ni33Ge25Si8,[37],387.0,combined,SVR,387.0,388.74429500233646,-1.7442950023364574,1.7442950023364574
176,Mn24Cr10Ni33Ge25Si8,[37],387.0,combined,SVR,387.0,397.5461871526092,-10.546187152609207,10.546187152609207
179,Al20Mn20Fe20Co14.5Cr25.5,[38],282.8,combined,SVR,282.8,287.91636458095684,-5.116364580956827,5.116364580956827
181,Al20Mn20Fe20Co15.5Cr24.5,[38],313.7,combined,SVR,313.7,295.43830898368674,18.26169101631325,18.26169101631325
183,Al20Mn20Fe20Co16.5Cr23.5,[38],345.8,combined,SVR,345.8,302.9890825099727,42.81091749002729,42.81091749002729
185,Dy27Er27Ni26Al20,[39],15.0,combined,SVR,15.0,63.21600518315543,-48.21600518315543,48.21600518315543
186,Dy18Er18Y18Ni26Al20,[39],10.0,combined,SVR,10.0,24.40286278833483,-14.40286278833483,14.40286278833483
187,Dy13.5Er13.5Y13.5Gd13.5Ni26Al20,[39],22.0,combined,SVR,22.0,48.27040462202487,-26.27040462202487,26.27040462202487
188,FeCoNiCr,[40],103.0,combined,SVR,103.0,131.96185980016608,-28.96185980016608,28.96185980016608
189,FeCoNiCrPd0.005,[40],102.0,combined,SVR,102.0,292.4468956854706,-190.44689568547062,190.44689568547062
190,FeCoNiCrPd0.03,[40],121.0,combined,SVR,121.0,270.4456825215483,-149.4456825215483,149.4456825215483
191,FeCoNiCrPd0.06,[40],131.0,combined,SVR,131.0,253.15090963175467,-122.15090963175467,122.15090963175467
192,FeCoNiCrPd0.12,[40],160.0,combined,SVR,160.0,235.24163490194314,-75.24163490194314,75.24163490194314
193,FeCoNiCrPd0.25,[40],220.0,combined,SVR,220.0,222.70889014969893,-2.708890149698931,2.708890149698931
194,FeCoNiCrPd0.50,[40],292.0,combined,SVR,292.0,219.4098763965851,72.5901236034149,72.5901236034149
195,FeCoNiCrAl,[41],290.0,combined,SVR,290.0,455.2809710282636,-165.2809710282636,165.2809710282636
196,FeCoNi1.5Cr0.5Al,[41],150.0,combined,SVR,150.0,487.61931067832086,-337.61931067832086,337.61931067832086
197,AlxCr0.2MnFe0.5Co0.3Ni0.5(x=0.3),[42],380.0,combined,SVR,380.0,340.1784731924622,39.82152680753779,39.82152680753779
198,AlxCr0.2MnFe0.5Co0.3Ni0.5(x=0.35),[42],378.0,combined,SVR,378.0,341.85261305644065,36.147386943559354,36.147386943559354
199,AlxCr0.2MnFe0.5Co0.3Ni0.5(x=0.6),[42],385.0,combined,SVR,385.0,344.4665077136989,40.53349228630111,40.53349228630111
200,AlxCr0.2MnFe0.5Co0.3Ni0.5(x=0.65),[42],370.0,combined,SVR,370.0,344.1436908526568,25.85630914734321,25.85630914734321
2,GdTbDyHo,[1],198.0,combined,XGBoost,198.0,160.45242309570312,37.547576904296875,37.547576904296875
3,(GdTbDyHo)99.9Sc0.1,[1],193.0,combined,XGBoost,193.0,138.53916931152344,54.46083068847656,54.46083068847656
4,(GdTbDyHo)99.9Sc0.2,[1],186.0,combined,XGBoost,186.0,160.45242309570312,25.547576904296875,25.547576904296875
5,GdTbDyHo)99.9Sc0.3,[1],181.0,combined,XGBoost,181.0,160.45242309570312,20.547576904296875,20.547576904296875
6,(GdTbDyHo)99.9Sc0.4,[1],181.0,combined,XGBoost,181.0,160.45242309570312,20.547576904296875,20.547576904296875
7,(GdTbDyHo)99.9Sc0.5,[1],176.0,combined,XGBoost,176.0,160.45242309570312,15.547576904296875,15.547576904296875
8,Tb25.11Dy25.03Ho24.4Er 25.43,[2],160.0,combined,XGBoost,160.0,52.72881317138672,107.27118682861328,107.27118682861328
9,Tb23.58Dy25.05Ho25.03Er 26.34,[2],163.9,combined,XGBoost,163.9,51.191932678222656,112.70806732177735,112.70806732177735
10,Gd20Ho20Er20Al20 Fe 20,[3],55.0,combined,XGBoost,55.0,103.40278625488281,-48.40278625488281,48.40278625488281
11,Gd20Ho20Er20Al20 Co 20,[3],39.0,combined,XGBoost,39.0,74.96519470214844,-35.96519470214844,35.96519470214844
12,Gd20Ho20Er20Al20 Ni 20,[3],25.0,combined,XGBoost,25.0,74.00411987304688,-49.004119873046875,49.004119873046875
13,GdTbHoEr,[4],190.0,combined,XGBoost,190.0,157.53250122070312,32.467498779296875,32.467498779296875
14,GdTbHoErLa,[4],127.0,combined,XGBoost,127.0,127.63663482666016,-0.6366348266601562,0.6366348266601562
15,GdTbHoErLaY,[4],120.0,combined,XGBoost,120.0,128.36863708496094,-8.368637084960938,8.368637084960938
16,GdTbHoErPr,[4],135.0,combined,XGBoost,135.0,185.63966369628906,-50.63966369628906,50.63966369628906
17,Gd20Dy20Er20Ho20Tb20,[5],186.0,combined,XGBoost,186.0,177.6714630126953,8.328536987304688,8.328536987304688
18,Gd25Er25Ho25Tb25,[5],139.0,combined,XGBoost,139.0,190.39285278320312,-51.392852783203125,51.392852783203125
19,Dy25Er25Ho25Tb25,[5],52.0,combined,XGBoost,52.0,162.3833770751953,-110.38337707519531,110.38337707519531
20,Er33.33Ho33.33Tb33.34,[5],88.0,combined,XGBoost,88.0,255.3213653564453,-167.3213653564453,167.3213653564453
21,Gd10Tb10Dy10Ho10Er10Y10Ni10Co10Ag10Al10,[6],29.0,combined,XGBoost,29.0,30.78327751159668,-1.7832775115966797,1.7832775115966797
26,Ho20Er20Co20Al20Gd20,[7],37.0,combined,XGBoost,37.0,38.89347839355469,-1.8934783935546875,1.8934783935546875
27,Ho20Er20Co20Al20Dy20,[7],18.0,combined,XGBoost,18.0,49.16715621948242,-31.167156219482422,31.167156219482422
28,Ho20Er20Co20Al20Tm20,[7],9.0,combined,XGBoost,9.0,59.058021545410156,-50.058021545410156,50.058021545410156
29,Gd25Co25Al25Y25,[8],39.0,combined,XGBoost,39.0,75.77462005615234,-36.774620056152344,36.774620056152344
30,Gd25Co25Al25Y15Dy10,[8],44.0,combined,XGBoost,44.0,44.2039909362793,-0.20399093627929688,0.20399093627929688
31,Gd25Co25Al25Y15Ho10,[8],41.0,combined,XGBoost,41.0,46.8441162109375,-5.8441162109375,5.8441162109375
32,Gd25Co25Al25Y15Er10,[8],43.0,combined,XGBoost,43.0,44.640140533447266,-1.6401405334472656,1.6401405334472656
33,Gd25Co25Al25Ho24Y1,[9],51.0,combined,XGBoost,51.0,69.78556060791016,-18.785560607910156,18.785560607910156
34,Gd25Co25Al25Ho20Y5,[9],49.0,combined,XGBoost,49.0,53.579349517822266,-4.579349517822266,4.579349517822266
35,Gd25Co25Al25Ho15Y10,[9],47.0,combined,XGBoost,47.0,50.30518341064453,-3.3051834106445312,3.3051834106445312
37,Gd20Dy20Er20Co20Al20,[10],44.0,combined,XGBoost,44.0,37.92805480957031,6.0719451904296875,6.0719451904296875
39,(Gd20Dy20Er20Co20Al20)Si0.5,[10],44.0,combined,XGBoost,44.0,37.581703186035156,6.418296813964844,6.418296813964844
41,(Gd20Dy20Er20Co20Al20)Si1,[10],44.0,combined,XGBoost,44.0,30.399341583251953,13.600658416748047,13.600658416748047
43,(Gd20Dy20Er20Co20Al20)Si3,[10],44.0,combined,XGBoost,44.0,53.16877365112305,-9.168773651123047,9.168773651123047
45,(Gd36Tb20Co20Al24)97Fe3(micro_100),[11],98.0,combined,XGBoost,98.0,80.98664093017578,17.01335906982422,17.01335906982422
46,(Gd36Tb20Co20Al24)97Fe3(micro_70),[11],102.0,combined,XGBoost,102.0,80.98664093017578,21.01335906982422,21.01335906982422
53,(Gd36Tb20Co20Al24)97Fe3(micro_100),[11],99.0,combined,XGBoost,99.0,80.98664093017578,18.01335906982422,18.01335906982422
57,V0.85FeCoNiCu1.15,[12],329.0,combined,XGBoost,329.0,301.4190979003906,27.580902099609375,27.580902099609375
60,(MnNiSi)1-x(FeCoGe)x x=0.4,[13],271.0,combined,XGBoost,271.0,368.8761291503906,-97.87612915039062,97.87612915039062
61,(MnNiSi)1-x(FeCoGe)x x=0.42,[13],224.0,combined,XGBoost,224.0,368.302001953125,-144.302001953125,144.302001953125
62,(MnNiSi)1-x(FeCoGe)x x=0.45,[13],232.0,combined,XGBoost,232.0,354.327392578125,-122.327392578125,122.327392578125
63,(MnNiSi)1-x(FeCoGe)x x=0.47,[13],235.0,combined,XGBoost,235.0,349.6816711425781,-114.68167114257812,114.68167114257812
64,(MnNi)0.6Si1-y(FeCo)0.4Gey  y=0.36,[13],327.6,combined,XGBoost,327.6,372.183349609375,-44.58334960937498,44.58334960937498
65,(MnNi)0.6Si1-y(FeCo)0.4Gey  y=0.38,[13],308.8,combined,XGBoost,308.8,372.4622802734375,-63.66228027343749,63.66228027343749
66,(MnNi)0.6Si1-y(FeCo)0.4Gey  y=0.4,[13],271.3,combined,XGBoost,271.3,372.4622802734375,-101.16228027343749,101.16228027343749
67,(MnNi)0.6Si1-y(FeCo)0.4Gey  y=0.42,[13],295.5,combined,XGBoost,295.5,372.24871826171875,-76.74871826171875,76.74871826171875
68,Gd 20 Tb 18 Dy 18 Co 20 Al 24,[14],59.0,combined,XGBoost,59.0,58.71075439453125,0.28924560546875,0.28924560546875
74,(Gd 0.2 Tb 0.18 Dy 0.18 Co 0.2 Al 0.24 ) 43 H 57,[14],8.0,combined,XGBoost,8.0,157.94088745117188,-149.94088745117188,149.94088745117188
80,CoCuFeMnNi,[15],395.0,combined,XGBoost,395.0,303.67291259765625,91.32708740234375,91.32708740234375
81,CoCu0.975FeMn1.025Ni,[15],321.0,combined,XGBoost,321.0,303.67291259765625,17.32708740234375,17.32708740234375
82,CoCu0.95FeMn1.05Ni,[15],297.0,combined,XGBoost,297.0,303.67291259765625,-6.67291259765625,6.67291259765625
83,CoCu0.925FeMn1.075Ni,[15],279.0,combined,XGBoost,279.0,303.67291259765625,-24.67291259765625,24.67291259765625
84,CoCu0.9FeMn1.1Ni,[15],264.0,combined,XGBoost,264.0,303.67291259765625,-39.67291259765625,39.67291259765625
85,CoCuFe0.975Mn1.025Ni,[15],299.0,combined,XGBoost,299.0,306.7856750488281,-7.785675048828125,7.785675048828125
86,CoCuFe0.95Mn1.05Ni,[15],292.0,combined,XGBoost,292.0,306.7856750488281,-14.785675048828125,14.785675048828125
87,"(Fe,Mn,Ni) 66.7 (Ge 0.5 Si 0.5 ) 33.3",[16],138.0,combined,XGBoost,138.0,247.99989318847656,-109.99989318847656,109.99989318847656
88,"Fe,Mn,Ni) 66.7 (Ge 0.465 Si 0.535 ) 33.3",[16],178.0,combined,XGBoost,178.0,262.83392333984375,-84.83392333984375,84.83392333984375
89,"(Fe,Mn,Ni) 66.7 (Ge 0.45 Si 0.55 ) 33.3",[16],200.0,combined,XGBoost,200.0,288.0521240234375,-88.0521240234375,88.0521240234375
90,Fe30Co30Ni30Cr10,[17],651.0,combined,XGBoost,651.0,224.70115661621094,426.29884338378906,426.29884338378906
91,Fe30Co30Ni30Mn10,[17],736.0,combined,XGBoost,736.0,229.88941955566406,506.11058044433594,506.11058044433594
92,Fe30Co30Ni30Cr5Mn5,[17],651.0,combined,XGBoost,651.0,254.51519775390625,396.48480224609375,396.48480224609375
93,CoFeNiCr1.0Cu0.0,[18],113.0,combined,XGBoost,113.0,102.70516204833984,10.294837951660156,10.294837951660156
94,CoFeNiCr1.0Cu0.5,[18],120.0,combined,XGBoost,120.0,262.4068298339844,-142.40682983398438,142.40682983398438
95,CoFeNiCr1.0Cu1.0,[18],110.0,combined,XGBoost,110.0,301.0553283691406,-191.05532836914062,191.05532836914062
96,CoFeNiCr0.8Cu1.0,[18],223.0,combined,XGBoost,223.0,283.86944580078125,-60.86944580078125,60.86944580078125
97,Mn1.75Fe0.25CoNiGe1.6Si0.4,[19],295.0,combined,XGBoost,295.0,294.16656494140625,0.83343505859375,0.83343505859375
98,AlCrFeCoNiCu,[20],295.0,combined,XGBoost,295.0,283.97027587890625,11.02972412109375,11.02972412109375
100,V0.85FeCoNiCu1.15,[21],297.0,combined,XGBoost,297.0,284.6454772949219,12.354522705078125,12.354522705078125
102,GdTbDyHoErTmCoAl,[22],35.0,combined,XGBoost,35.0,121.56968688964844,-86.56968688964844,86.56968688964844
103,GdTbDyHoErTmCoNi,[22],40.0,combined,XGBoost,40.0,96.4356460571289,-56.435646057128906,56.435646057128906
104,GdTbHoEr,[23],190.0,combined,XGBoost,190.0,193.15963745117188,-3.159637451171875,3.159637451171875
105,GdTbHoErLa,[23],117.0,combined,XGBoost,117.0,123.21849060058594,-6.2184906005859375,6.2184906005859375
106,GdTbHoErLaY,[23],120.0,combined,XGBoost,120.0,121.5672836303711,-1.5672836303710938,1.5672836303710938
107,ScGdTbDyHo,[24],144.0,combined,XGBoost,144.0,137.36660766601562,6.633392333984375,6.633392333984375
108,ScGdTbDyHo,[24],143.0,combined,XGBoost,143.0,137.36660766601562,5.633392333984375,5.633392333984375
109,ScGdTbDyHo,[24],146.0,combined,XGBoost,146.0,137.36660766601562,8.633392333984375,8.633392333984375
110,ScGdTbDyHo,[24],139.0,combined,XGBoost,139.0,137.36660766601562,1.633392333984375,1.633392333984375
111,LaFe10.8Cr0.2Si2,[25],219.0,combined,XGBoost,219.0,282.68994140625,-63.68994140625,63.68994140625
112,LaFe10Co0.5Ni0.5Si2,[25],285.0,combined,XGBoost,285.0,288.45086669921875,-3.45086669921875,3.45086669921875
113,LaFe10.25Co0.25Ni0.25Cr0.25Si2,[25],247.0,combined,XGBoost,247.0,283.86468505859375,-36.86468505859375,36.86468505859375
114,Mn27Cr7Ni33Ge25Si8,[26],412.0,combined,XGBoost,412.0,330.5348205566406,81.46517944335938,81.46517944335938
118,Fe25Co25Ni25Mo5P10B10,[27],560.0,combined,XGBoost,560.0,297.0398254394531,262.9601745605469,262.9601745605469
121,GdTbHoErY,[28],163.0,combined,XGBoost,163.0,158.1070098876953,4.8929901123046875,4.8929901123046875
125,Fe26.7Ni26.7Ga15.6Mn20Si11,[29],322.0,combined,XGBoost,322.0,379.80999755859375,-57.80999755859375,57.80999755859375
126,Fe26.7Ni26.7Ga15.6Mn20Si11,[29],334.0,combined,XGBoost,334.0,379.80999755859375,-45.80999755859375,45.80999755859375
127,Al0.44Cr0.25MnFeCo0.05Ni0.2,[30],340.0,combined,XGBoost,340.0,356.53448486328125,-16.53448486328125,16.53448486328125
128,Mn22.3Fe22.2Ni22.2Ge16.65Si16.65,[31],137.0,combined,XGBoost,137.0,294.4546813964844,-157.45468139648438,157.45468139648438
133,Mn0.94Cr0.3Fe0.5Co0.2Ni0.5Al0.3,[32],321.0,combined,XGBoost,321.0,354.2191162109375,-33.2191162109375,33.2191162109375
134,(Gd36Tb20Co20Al24)99Fe1,[33],94.0,combined,XGBoost,94.0,84.63438415527344,9.365615844726562,9.365615844726562
135,Gd18Ho22Tm20Cu22Al18,[33],33.6,combined,XGBoost,33.6,85.63077545166016,-52.030775451660155,52.030775451660155
136,Gd36Tb20Co20Al24,[33],81.0,combined,XGBoost,81.0,87.20053100585938,-6.200531005859375,6.200531005859375
137,Gd19Tb19Er18Fe19Al25,[33],97.0,combined,XGBoost,97.0,85.9710922241211,11.028907775878906,11.028907775878906
138,(Gd36Tb20Co20Al24)98Fe2,[33],100.0,combined,XGBoost,100.0,84.63438415527344,15.365615844726562,15.365615844726562
139,Fe24.1Co24.1Ni24.1Cr27.7,[33],36.0,combined,XGBoost,36.0,233.99452209472656,-197.99452209472656,197.99452209472656
140,Fe24.39Co24.39Ni24.39Cr26.83,[33],48.0,combined,XGBoost,48.0,206.8850860595703,-158.8850860595703,158.8850860595703
141,FeCoNiCr,[33],171.0,combined,XGBoost,171.0,205.70835876464844,-34.70835876464844,34.70835876464844
142,Fe24.69Co24.69Ni24.69Cr25.93,[33],65.0,combined,XGBoost,65.0,210.50408935546875,-145.50408935546875,145.50408935546875
143,Fe25.3Co25.3Ni25.3Cr24.1,[33],100.0,combined,XGBoost,100.0,204.34934997558594,-104.34934997558594,104.34934997558594
144,Fe25.64Co25.64Ni25.64Cr23.08,[33],131.0,combined,XGBoost,131.0,209.32736206054688,-78.32736206054688,78.32736206054688
145,Fe25.64Co25.64Ni25.64Cr23.08,[33],148.0,combined,XGBoost,148.0,251.14956665039062,-103.14956665039062,103.14956665039062
146,FeCoNi1.5Cr0.5Al,[33],150.0,combined,XGBoost,150.0,240.9396209716797,-90.93962097167969,90.93962097167969
147,Fe26Co26Ni26Cr22,[33],193.0,combined,XGBoost,193.0,252.70065307617188,-59.700653076171875,59.700653076171875
148,Fe23.53Co23.53Ni23.53Cr23.53Pd5.88,[33],210.0,combined,XGBoost,210.0,221.11021423339844,-11.110214233398438,11.110214233398438
149,Fe25Co25Ni25(Mo0.2P0.4B0.4)25,[33],560.0,combined,XGBoost,560.0,283.5585632324219,276.4414367675781,276.4414367675781
150,FeCoNi0.5Cr0.5Al1.5,[33],455.0,combined,XGBoost,455.0,292.3957824707031,162.60421752929688,162.60421752929688
151,FeCoNi0.5Cr0.5Al,[33],685.0,combined,XGBoost,685.0,289.8642272949219,395.1357727050781,395.1357727050781
152,Fe30.7Ni25.7Ga14.6Mn19Si10,[34],442.0,combined,XGBoost,442.0,301.1461181640625,140.8538818359375,140.8538818359375
153,Fe30.7Ni25.7Ga14.6Mn19Si10,[34],462.0,combined,XGBoost,462.0,301.1461181640625,160.8538818359375,160.8538818359375
154,CoFeNi0.5Cr0.5-Alx (x = 0.0),[35],270.0,combined,XGBoost,270.0,436.1625061035156,-166.16250610351562,166.16250610351562
160,CoFeNi0.5Cr0.5-Alx (x = 1.5),[35],455.0,combined,XGBoost,455.0,550.8668823242188,-95.86688232421875,95.86688232421875
163,Mn20Al20Co14Fe20Cr26,[36],268.0,combined,XGBoost,268.0,207.08668518066406,60.91331481933594,60.91331481933594
164,Mn20Al20Co14Fe20Cr26,[36],268.0,combined,XGBoost,268.0,192.53329467773438,75.46670532226562,75.46670532226562
165,Mn20Al20Co14Fe21Cr25,[36],280.0,combined,XGBoost,280.0,300.65625,-20.65625,20.65625
166,Mn20Al20Co14Fe21Cr25,[36],280.0,combined,XGBoost,280.0,298.7118225097656,-18.711822509765625,18.711822509765625
167,Mn20Al20Co14Fe22Cr24,[36],300.0,combined,XGBoost,300.0,303.1337585449219,-3.133758544921875,3.133758544921875
168,Mn20Al20Co14Fe22Cr24,[36],300.0,combined,XGBoost,300.0,288.5804138183594,11.419586181640625,11.419586181640625
169,Mn20Al20Co14Fe23Cr23,[36],310.0,combined,XGBoost,310.0,317.8851318359375,-7.8851318359375,7.8851318359375
170,Mn20Al20Co14Fe23Cr23,[36],310.0,combined,XGBoost,310.0,316.9769592285156,-6.976959228515625,6.976959228515625
171,Mn20Cr14Ni33Ge25Si8,[37],361.0,combined,XGBoost,361.0,272.17291259765625,88.82708740234375,88.82708740234375
172,Mn20Cr14Ni33Ge25Si8,[37],361.0,combined,XGBoost,361.0,277.2359619140625,83.7640380859375,83.7640380859375
175,Mn24Cr10Ni33Ge25Si8,[37],387.0,combined,XGBoost,387.0,290.05340576171875,96.94659423828125,96.94659423828125
176,Mn24Cr10Ni33Ge25Si8,[37],387.0,combined,XGBoost,387.0,295.116455078125,91.883544921875,91.883544921875
179,Al20Mn20Fe20Co14.5Cr25.5,[38],282.8,combined,XGBoost,282.8,272.89453125,9.905468750000011,9.905468750000011
181,Al20Mn20Fe20Co15.5Cr24.5,[38],313.7,combined,XGBoost,313.7,291.13946533203125,22.56053466796874,22.56053466796874
183,Al20Mn20Fe20Co16.5Cr23.5,[38],345.8,combined,XGBoost,345.8,288.8211669921875,56.97883300781251,56.97883300781251
185,Dy27Er27Ni26Al20,[39],15.0,combined,XGBoost,15.0,-20.45658302307129,35.45658302307129,35.45658302307129
186,Dy18Er18Y18Ni26Al20,[39],10.0,combined,XGBoost,10.0,23.14130210876465,-13.141302108764648,13.141302108764648
187,Dy13.5Er13.5Y13.5Gd13.5Ni26Al20,[39],22.0,combined,XGBoost,22.0,22.051311492919922,-0.051311492919921875,0.051311492919921875
188,FeCoNiCr,[40],103.0,combined,XGBoost,103.0,109.67899322509766,-6.678993225097656,6.678993225097656
189,FeCoNiCrPd0.005,[40],102.0,combined,XGBoost,102.0,176.10525512695312,-74.10525512695312,74.10525512695312
190,FeCoNiCrPd0.03,[40],121.0,combined,XGBoost,121.0,198.0211639404297,-77.02116394042969,77.02116394042969
191,FeCoNiCrPd0.06,[40],131.0,combined,XGBoost,131.0,241.21873474121094,-110.21873474121094,110.21873474121094
192,FeCoNiCrPd0.12,[40],160.0,combined,XGBoost,160.0,258.47430419921875,-98.47430419921875,98.47430419921875
193,FeCoNiCrPd0.25,[40],220.0,combined,XGBoost,220.0,219.28672790527344,0.7132720947265625,0.7132720947265625
194,FeCoNiCrPd0.50,[40],292.0,combined,XGBoost,292.0,227.80780029296875,64.19219970703125,64.19219970703125
195,FeCoNiCrAl,[41],290.0,combined,XGBoost,290.0,351.71588134765625,-61.71588134765625,61.71588134765625
196,FeCoNi1.5Cr0.5Al,[41],150.0,combined,XGBoost,150.0,317.2844543457031,-167.28445434570312,167.28445434570312
197,AlxCr0.2MnFe0.5Co0.3Ni0.5(x=0.3),[42],380.0,combined,XGBoost,380.0,323.6418151855469,56.358184814453125,56.358184814453125
198,AlxCr0.2MnFe0.5Co0.3Ni0.5(x=0.35),[42],378.0,combined,XGBoost,378.0,324.5743408203125,53.4256591796875,53.4256591796875
199,AlxCr0.2MnFe0.5Co0.3Ni0.5(x=0.6),[42],385.0,combined,XGBoost,385.0,376.0882873535156,8.911712646484375,8.911712646484375
200,AlxCr0.2MnFe0.5Co0.3Ni0.5(x=0.65),[42],370.0,combined,XGBoost,370.0,374.6611022949219,-4.661102294921875,4.661102294921875
2,GdTbDyHo,[1],198.0,combined,LightGBM,198.0,157.95413037127207,40.04586962872793,40.04586962872793
3,(GdTbDyHo)99.9Sc0.1,[1],193.0,combined,LightGBM,193.0,141.04707049233295,51.95292950766705,51.95292950766705
4,(GdTbDyHo)99.9Sc0.2,[1],186.0,combined,LightGBM,186.0,146.61928821839152,39.38071178160848,39.38071178160848
5,GdTbDyHo)99.9Sc0.3,[1],181.0,combined,LightGBM,181.0,146.61928821839152,34.38071178160848,34.38071178160848
6,(GdTbDyHo)99.9Sc0.4,[1],181.0,combined,LightGBM,181.0,146.61928821839152,34.38071178160848,34.38071178160848
7,(GdTbDyHo)99.9Sc0.5,[1],176.0,combined,LightGBM,176.0,146.61928821839152,29.380711781608483,29.380711781608483
8,Tb25.11Dy25.03Ho24.4Er 25.43,[2],160.0,combined,LightGBM,160.0,97.69195457840905,62.30804542159095,62.30804542159095
9,Tb23.58Dy25.05Ho25.03Er 26.34,[2],163.9,combined,LightGBM,163.9,124.95654012341899,38.94345987658102,38.94345987658102
10,Gd20Ho20Er20Al20 Fe 20,[3],55.0,combined,LightGBM,55.0,71.45116311486112,-16.451163114861117,16.451163114861117
11,Gd20Ho20Er20Al20 Co 20,[3],39.0,combined,LightGBM,39.0,33.23296022119491,5.767039778805092,5.767039778805092
12,Gd20Ho20Er20Al20 Ni 20,[3],25.0,combined,LightGBM,25.0,29.63924821004114,-4.6392482100411385,4.6392482100411385
13,GdTbHoEr,[4],190.0,combined,LightGBM,190.0,148.48912783574178,41.51087216425822,41.51087216425822
14,GdTbHoErLa,[4],127.0,combined,LightGBM,127.0,117.86869925524928,9.131300744750718,9.131300744750718
15,GdTbHoErLaY,[4],120.0,combined,LightGBM,120.0,117.70515943536309,2.294840564636914,2.294840564636914
16,GdTbHoErPr,[4],135.0,combined,LightGBM,135.0,171.55565134955032,-36.55565134955032,36.55565134955032
17,Gd20Dy20Er20Ho20Tb20,[5],186.0,combined,LightGBM,186.0,158.28038831797855,27.71961168202145,27.71961168202145
18,Gd25Er25Ho25Tb25,[5],139.0,combined,LightGBM,139.0,186.60379296283278,-47.603792962832784,47.603792962832784
19,Dy25Er25Ho25Tb25,[5],52.0,combined,LightGBM,52.0,159.2966471923542,-107.29664719235419,107.29664719235419
20,Er33.33Ho33.33Tb33.34,[5],88.0,combined,LightGBM,88.0,187.8438578930217,-99.84385789302169,99.84385789302169
21,Gd10Tb10Dy10Ho10Er10Y10Ni10Co10Ag10Al10,[6],29.0,combined,LightGBM,29.0,39.53004604571938,-10.53004604571938,10.53004604571938
26,Ho20Er20Co20Al20Gd20,[7],37.0,combined,LightGBM,37.0,37.03720934621971,-0.03720934621971139,0.03720934621971139
27,Ho20Er20Co20Al20Dy20,[7],18.0,combined,LightGBM,18.0,35.246019293402206,-17.246019293402206,17.246019293402206
28,Ho20Er20Co20Al20Tm20,[7],9.0,combined,LightGBM,9.0,50.79771619189066,-41.79771619189066,41.79771619189066
29,Gd25Co25Al25Y25,[8],39.0,combined,LightGBM,39.0,61.447241570652665,-22.447241570652665,22.447241570652665
30,Gd25Co25Al25Y15Dy10,[8],44.0,combined,LightGBM,44.0,55.22404034577072,-11.224040345770717,11.224040345770717
31,Gd25Co25Al25Y15Ho10,[8],41.0,combined,LightGBM,41.0,54.53643170568165,-13.53643170568165,13.53643170568165
32,Gd25Co25Al25Y15Er10,[8],43.0,combined,LightGBM,43.0,44.886214889203465,-1.8862148892034654,1.8862148892034654
33,Gd25Co25Al25Ho24Y1,[9],51.0,combined,LightGBM,51.0,78.75186952448993,-27.751869524489933,27.751869524489933
34,Gd25Co25Al25Ho20Y5,[9],49.0,combined,LightGBM,49.0,78.75186952448993,-29.751869524489933,29.751869524489933
35,Gd25Co25Al25Ho15Y10,[9],47.0,combined,LightGBM,47.0,59.00681704224401,-12.006817042244009,12.006817042244009
37,Gd20Dy20Er20Co20Al20,[10],44.0,combined,LightGBM,44.0,32.28732263795023,11.712677362049767,11.712677362049767
39,(Gd20Dy20Er20Co20Al20)Si0.5,[10],44.0,combined,LightGBM,44.0,32.789790102467514,11.210209897532486,11.210209897532486
41,(Gd20Dy20Er20Co20Al20)Si1,[10],44.0,combined,LightGBM,44.0,32.789790102467514,11.210209897532486,11.210209897532486
43,(Gd20Dy20Er20Co20Al20)Si3,[10],44.0,combined,LightGBM,44.0,45.52980218980076,-1.5298021898007619,1.5298021898007619
45,(Gd36Tb20Co20Al24)97Fe3(micro_100),[11],98.0,combined,LightGBM,98.0,80.50583859625826,17.494161403741742,17.494161403741742
46,(Gd36Tb20Co20Al24)97Fe3(micro_70),[11],102.0,combined,LightGBM,102.0,80.50583859625826,21.494161403741742,21.494161403741742
53,(Gd36Tb20Co20Al24)97Fe3(micro_100),[11],99.0,combined,LightGBM,99.0,80.50583859625826,18.494161403741742,18.494161403741742
57,V0.85FeCoNiCu1.15,[12],329.0,combined,LightGBM,329.0,295.24751637491573,33.75248362508427,33.75248362508427
60,(MnNiSi)1-x(FeCoGe)x x=0.4,[13],271.0,combined,LightGBM,271.0,280.054162676853,-9.054162676853025,9.054162676853025
61,(MnNiSi)1-x(FeCoGe)x x=0.42,[13],224.0,combined,LightGBM,224.0,280.054162676853,-56.054162676853025,56.054162676853025
62,(MnNiSi)1-x(FeCoGe)x x=0.45,[13],232.0,combined,LightGBM,232.0,279.6915641680325,-47.69156416803253,47.69156416803253
63,(MnNiSi)1-x(FeCoGe)x x=0.47,[13],235.0,combined,LightGBM,235.0,279.6915641680325,-44.69156416803253,44.69156416803253
64,(MnNi)0.6Si1-y(FeCo)0.4Gey  y=0.36,[13],327.6,combined,LightGBM,327.6,278.2259912535932,49.374008746406844,49.374008746406844
65,(MnNi)0.6Si1-y(FeCo)0.4Gey  y=0.38,[13],308.8,combined,LightGBM,308.8,278.2259912535932,30.574008746406832,30.574008746406832
66,(MnNi)0.6Si1-y(FeCo)0.4Gey  y=0.4,[13],271.3,combined,LightGBM,271.3,278.2259912535932,-6.925991253593168,6.925991253593168
67,(MnNi)0.6Si1-y(FeCo)0.4Gey  y=0.42,[13],295.5,combined,LightGBM,295.5,278.2259912535932,17.27400874640682,17.27400874640682
68,Gd 20 Tb 18 Dy 18 Co 20 Al 24,[14],59.0,combined,LightGBM,59.0,61.81406793566954,-2.8140679356695415,2.8140679356695415
74,(Gd 0.2 Tb 0.18 Dy 0.18 Co 0.2 Al 0.24 ) 43 H 57,[14],8.0,combined,LightGBM,8.0,105.74876859274438,-97.74876859274438,97.74876859274438
80,CoCuFeMnNi,[15],395.0,combined,LightGBM,395.0,382.53653463483124,12.463465365168759,12.463465365168759
81,CoCu0.975FeMn1.025Ni,[15],321.0,combined,LightGBM,321.0,382.53653463483124,-61.53653463483124,61.53653463483124
82,CoCu0.95FeMn1.05Ni,[15],297.0,combined,LightGBM,297.0,382.53653463483124,-85.53653463483124,85.53653463483124
83,CoCu0.925FeMn1.075Ni,[15],279.0,combined,LightGBM,279.0,382.53653463483124,-103.53653463483124,103.53653463483124
84,CoCu0.9FeMn1.1Ni,[15],264.0,combined,LightGBM,264.0,382.53653463483124,-118.53653463483124,118.53653463483124
85,CoCuFe0.975Mn1.025Ni,[15],299.0,combined,LightGBM,299.0,382.53653463483124,-83.53653463483124,83.53653463483124
86,CoCuFe0.95Mn1.05Ni,[15],292.0,combined,LightGBM,292.0,382.53653463483124,-90.53653463483124,90.53653463483124
87,"(Fe,Mn,Ni) 66.7 (Ge 0.5 Si 0.5 ) 33.3",[16],138.0,combined,LightGBM,138.0,251.29965255665005,-113.29965255665005,113.29965255665005
88,"Fe,Mn,Ni) 66.7 (Ge 0.465 Si 0.535 ) 33.3",[16],178.0,combined,LightGBM,178.0,260.4779149450542,-82.47791494505418,82.47791494505418
89,"(Fe,Mn,Ni) 66.7 (Ge 0.45 Si 0.55 ) 33.3",[16],200.0,combined,LightGBM,200.0,263.53759280734056,-63.53759280734056,63.53759280734056
90,Fe30Co30Ni30Cr10,[17],651.0,combined,LightGBM,651.0,179.95826033098848,471.0417396690115,471.0417396690115
91,Fe30Co30Ni30Mn10,[17],736.0,combined,LightGBM,736.0,256.1450126874312,479.8549873125688,479.8549873125688
92,Fe30Co30Ni30Cr5Mn5,[17],651.0,combined,LightGBM,651.0,229.0615354582626,421.9384645417374,421.9384645417374
93,CoFeNiCr1.0Cu0.0,[18],113.0,combined,LightGBM,113.0,101.2719222392547,11.728077760745293,11.728077760745293
94,CoFeNiCr1.0Cu0.5,[18],120.0,combined,LightGBM,120.0,235.96470945857703,-115.96470945857703,115.96470945857703
95,CoFeNiCr1.0Cu1.0,[18],110.0,combined,LightGBM,110.0,248.3677656271525,-138.3677656271525,138.3677656271525
96,CoFeNiCr0.8Cu1.0,[18],223.0,combined,LightGBM,223.0,241.4147156943322,-18.414715694332187,18.414715694332187
97,Mn1.75Fe0.25CoNiGe1.6Si0.4,[19],295.0,combined,LightGBM,295.0,346.558805591355,-51.558805591355,51.558805591355
98,AlCrFeCoNiCu,[20],295.0,combined,LightGBM,295.0,300.6964488154749,-5.696448815474923,5.696448815474923
100,V0.85FeCoNiCu1.15,[21],297.0,combined,LightGBM,297.0,320.4878670767766,-23.48786707677658,23.48786707677658
102,GdTbDyHoErTmCoAl,[22],35.0,combined,LightGBM,35.0,165.12904840478166,-130.12904840478166,130.12904840478166
103,GdTbDyHoErTmCoNi,[22],40.0,combined,LightGBM,40.0,60.410373320174706,-20.410373320174706,20.410373320174706
104,GdTbHoEr,[23],190.0,combined,LightGBM,190.0,162.72751195902086,27.27248804097914,27.27248804097914
105,GdTbHoErLa,[23],117.0,combined,LightGBM,117.0,160.98173878082738,-43.981738780827385,43.981738780827385
106,GdTbHoErLaY,[23],120.0,combined,LightGBM,120.0,160.18459256323177,-40.184592563231774,40.184592563231774
107,ScGdTbDyHo,[24],144.0,combined,LightGBM,144.0,152.43421946769084,-8.434219467690838,8.434219467690838
108,ScGdTbDyHo,[24],143.0,combined,LightGBM,143.0,152.43421946769084,-9.434219467690838,9.434219467690838
109,ScGdTbDyHo,[24],146.0,combined,LightGBM,146.0,152.43421946769084,-6.434219467690838,6.434219467690838
110,ScGdTbDyHo,[24],139.0,combined,LightGBM,139.0,152.43421946769084,-13.434219467690838,13.434219467690838
111,LaFe10.8Cr0.2Si2,[25],219.0,combined,LightGBM,219.0,274.5824585470226,-55.58245854702261,55.58245854702261
112,LaFe10Co0.5Ni0.5Si2,[25],285.0,combined,LightGBM,285.0,300.83261721621625,-15.83261721621625,15.83261721621625
113,LaFe10.25Co0.25Ni0.25Cr0.25Si2,[25],247.0,combined,LightGBM,247.0,270.4835582803253,-23.483558280325326,23.483558280325326
114,Mn27Cr7Ni33Ge25Si8,[26],412.0,combined,LightGBM,412.0,359.72582403985353,52.274175960146465,52.274175960146465
118,Fe25Co25Ni25Mo5P10B10,[27],560.0,combined,LightGBM,560.0,381.52946921627677,178.47053078372323,178.47053078372323
121,GdTbHoErY,[28],163.0,combined,LightGBM,163.0,161.0129809999654,1.9870190000345929,1.9870190000345929
125,Fe26.7Ni26.7Ga15.6Mn20Si11,[29],322.0,combined,LightGBM,322.0,361.65209468140773,-39.65209468140773,39.65209468140773
126,Fe26.7Ni26.7Ga15.6Mn20Si11,[29],334.0,combined,LightGBM,334.0,361.65209468140773,-27.652094681407732,27.652094681407732
127,Al0.44Cr0.25MnFeCo0.05Ni0.2,[30],340.0,combined,LightGBM,340.0,314.87889175561685,25.12110824438315,25.12110824438315
128,Mn22.3Fe22.2Ni22.2Ge16.65Si16.65,[31],137.0,combined,LightGBM,137.0,310.80268983492726,-173.80268983492726,173.80268983492726
133,Mn0.94Cr0.3Fe0.5Co0.2Ni0.5Al0.3,[32],321.0,combined,LightGBM,321.0,321.7159604900044,-0.7159604900044201,0.7159604900044201
134,(Gd36Tb20Co20Al24)99Fe1,[33],94.0,combined,LightGBM,94.0,79.65618479207774,14.343815207922262,14.343815207922262
135,Gd18Ho22Tm20Cu22Al18,[33],33.6,combined,LightGBM,33.6,26.887157105515357,6.712842894484645,6.712842894484645
136,Gd36Tb20Co20Al24,[33],81.0,combined,LightGBM,81.0,120.11365066798412,-39.11365066798412,39.11365066798412
137,Gd19Tb19Er18Fe19Al25,[33],97.0,combined,LightGBM,97.0,57.025132717438346,39.974867282561654,39.974867282561654
138,(Gd36Tb20Co20Al24)98Fe2,[33],100.0,combined,LightGBM,100.0,80.6130835044097,19.3869164955903,19.3869164955903
139,Fe24.1Co24.1Ni24.1Cr27.7,[33],36.0,combined,LightGBM,36.0,136.02771769756126,-100.02771769756126,100.02771769756126
140,Fe24.39Co24.39Ni24.39Cr26.83,[33],48.0,combined,LightGBM,48.0,218.87168011830983,-170.87168011830983,170.87168011830983
141,FeCoNiCr,[33],171.0,combined,LightGBM,171.0,212.02796121098189,-41.027961210981886,41.027961210981886
142,Fe24.69Co24.69Ni24.69Cr25.93,[33],65.0,combined,LightGBM,65.0,207.9599051126439,-142.9599051126439,142.9599051126439
143,Fe25.3Co25.3Ni25.3Cr24.1,[33],100.0,combined,LightGBM,100.0,128.57014318761506,-28.57014318761506,28.57014318761506
144,Fe25.64Co25.64Ni25.64Cr23.08,[33],131.0,combined,LightGBM,131.0,208.57376071526215,-77.57376071526215,77.57376071526215
145,Fe25.64Co25.64Ni25.64Cr23.08,[33],148.0,combined,LightGBM,148.0,223.5330234967755,-75.53302349677551,75.53302349677551
146,FeCoNi1.5Cr0.5Al,[33],150.0,combined,LightGBM,150.0,162.93806819584384,-12.93806819584384,12.93806819584384
147,Fe26Co26Ni26Cr22,[33],193.0,combined,LightGBM,193.0,176.3438938890367,16.656106110963293,16.656106110963293
148,Fe23.53Co23.53Ni23.53Cr23.53Pd5.88,[33],210.0,combined,LightGBM,210.0,163.28685766018836,46.71314233981164,46.71314233981164
149,Fe25Co25Ni25(Mo0.2P0.4B0.4)25,[33],560.0,combined,LightGBM,560.0,367.6076183453259,192.39238165467413,192.39238165467413
150,FeCoNi0.5Cr0.5Al1.5,[33],455.0,combined,LightGBM,455.0,486.60809818177495,-31.60809818177495,31.60809818177495
151,FeCoNi0.5Cr0.5Al,[33],685.0,combined,LightGBM,685.0,362.7257737898509,322.2742262101491,322.2742262101491
152,Fe30.7Ni25.7Ga14.6Mn19Si10,[34],442.0,combined,LightGBM,442.0,362.27008809248645,79.72991190751355,79.72991190751355
153,Fe30.7Ni25.7Ga14.6Mn19Si10,[34],462.0,combined,LightGBM,462.0,362.27008809248645,99.72991190751355,99.72991190751355
154,CoFeNi0.5Cr0.5-Alx (x = 0.0),[35],270.0,combined,LightGBM,270.0,332.9889809206928,-62.988980920692825,62.988980920692825
160,CoFeNi0.5Cr0.5-Alx (x = 1.5),[35],455.0,combined,LightGBM,455.0,403.67738724587775,51.32261275412225,51.32261275412225
163,Mn20Al20Co14Fe20Cr26,[36],268.0,combined,LightGBM,268.0,291.4058427398262,-23.4058427398262,23.4058427398262
164,Mn20Al20Co14Fe20Cr26,[36],268.0,combined,LightGBM,268.0,288.2126828804075,-20.2126828804075,20.2126828804075
165,Mn20Al20Co14Fe21Cr25,[36],280.0,combined,LightGBM,280.0,288.89273977018735,-8.892739770187347,8.892739770187347
166,Mn20Al20Co14Fe21Cr25,[36],280.0,combined,LightGBM,280.0,288.89273977018735,-8.892739770187347,8.892739770187347
167,Mn20Al20Co14Fe22Cr24,[36],300.0,combined,LightGBM,300.0,290.2275806906871,9.772419309312909,9.772419309312909
168,Mn20Al20Co14Fe22Cr24,[36],300.0,combined,LightGBM,300.0,287.0344208312684,12.965579168731608,12.965579168731608
169,Mn20Al20Co14Fe23Cr23,[36],310.0,combined,LightGBM,310.0,287.71447772104824,22.28552227895176,22.28552227895176
170,Mn20Al20Co14Fe23Cr23,[36],310.0,combined,LightGBM,310.0,287.71447772104824,22.28552227895176,22.28552227895176
171,Mn20Cr14Ni33Ge25Si8,[37],361.0,combined,LightGBM,361.0,303.81166565162533,57.18833434837467,57.18833434837467
172,Mn20Cr14Ni33Ge25Si8,[37],361.0,combined,LightGBM,361.0,318.27120186698136,42.72879813301864,42.72879813301864
175,Mn24Cr10Ni33Ge25Si8,[37],387.0,combined,LightGBM,387.0,317.82092100433925,69.17907899566075,69.17907899566075
176,Mn24Cr10Ni33Ge25Si8,[37],387.0,combined,LightGBM,387.0,332.97626925399726,54.02373074600274,54.02373074600274
179,Al20Mn20Fe20Co14.5Cr25.5,[38],282.8,combined,LightGBM,282.8,294.4421334034918,-11.642133403491812,11.642133403491812
181,Al20Mn20Fe20Co15.5Cr24.5,[38],313.7,combined,LightGBM,313.7,289.50346315328045,24.19653684671954,24.19653684671954
183,Al20Mn20Fe20Co16.5Cr23.5,[38],345.8,combined,LightGBM,345.8,285.41907566680396,60.38092433319605,60.38092433319605
185,Dy27Er27Ni26Al20,[39],15.0,combined,LightGBM,15.0,49.40820353565465,-34.40820353565465,34.40820353565465
186,Dy18Er18Y18Ni26Al20,[39],10.0,combined,LightGBM,10.0,23.486119023977277,-13.486119023977277,13.486119023977277
187,Dy13.5Er13.5Y13.5Gd13.5Ni26Al20,[39],22.0,combined,LightGBM,22.0,30.595922775770127,-8.595922775770127,8.595922775770127
188,FeCoNiCr,[40],103.0,combined,LightGBM,103.0,105.77845078058903,-2.7784507805890257,2.7784507805890257
189,FeCoNiCrPd0.005,[40],102.0,combined,LightGBM,102.0,262.05425114394376,-160.05425114394376,160.05425114394376
190,FeCoNiCrPd0.03,[40],121.0,combined,LightGBM,121.0,279.14151006856696,-158.14151006856696,158.14151006856696
191,FeCoNiCrPd0.06,[40],131.0,combined,LightGBM,131.0,300.76326359336315,-169.76326359336315,169.76326359336315
192,FeCoNiCrPd0.12,[40],160.0,combined,LightGBM,160.0,244.4457436503649,-84.4457436503649,84.4457436503649
193,FeCoNiCrPd0.25,[40],220.0,combined,LightGBM,220.0,235.40033183101886,-15.40033183101886,15.40033183101886
194,FeCoNiCrPd0.50,[40],292.0,combined,LightGBM,292.0,269.3394080843199,22.660591915680072,22.660591915680072
195,FeCoNiCrAl,[41],290.0,combined,LightGBM,290.0,441.8212825908425,-151.8212825908425,151.8212825908425
196,FeCoNi1.5Cr0.5Al,[41],150.0,combined,LightGBM,150.0,367.71539269287547,-217.71539269287547,217.71539269287547
197,AlxCr0.2MnFe0.5Co0.3Ni0.5(x=0.3),[42],380.0,combined,LightGBM,380.0,330.6892192308615,49.31078076913849,49.31078076913849
198,AlxCr0.2MnFe0.5Co0.3Ni0.5(x=0.35),[42],378.0,combined,LightGBM,378.0,349.7964823274429,28.203517672557098,28.203517672557098
199,AlxCr0.2MnFe0.5Co0.3Ni0.5(x=0.6),[42],385.0,combined,LightGBM,385.0,372.76845333324155,12.231546666758447,12.231546666758447
200,AlxCr0.2MnFe0.5Co0.3Ni0.5(x=0.65),[42],370.0,combined,LightGBM,370.0,370.9433867403931,-0.9433867403931231,0.9433867403931231
